Search phrase,Lesson,What the searcher wants,Can the site answer it?,Where the phrase came from
factoring binomials examples,Factoring,examples,yes,Google search suggestion
factoring binomials examples with answers,Factoring,practice,yes,Google search suggestion
factoring binomials explained,Factoring,definition,yes,Google search suggestion
factoring binomials formula,Factoring,formula,yes,Google search suggestion
factoring binomials practice problems,Factoring,practice,yes,Google search suggestion
factoring binomials problems,Factoring,practice,yes,Google search suggestion
factoring cube polynomial formula,Factoring,formula,yes,Google search suggestion
factoring cubic polynomials formula,Factoring,formula,yes,Google search suggestion
factoring cubic trinomial formula,Factoring,formula,yes,Google search suggestion
factoring for polynomials,Factoring,topic,yes,Google search suggestion
factoring for trinomials,Factoring,topic,yes,Google search suggestion
factoring general trinomials formula,Factoring,formula,yes,Google search suggestion
factoring perfect square trinomials formula,Factoring,formula,yes,Google search suggestion
factoring polynomials,Factoring,topic,yes,Google search suggestion
factoring polynomials all formulas,Factoring,formula,yes,Google search suggestion
factoring polynomials by grouping,Factoring,topic,yes,Google search suggestion
factoring polynomials common mistakes,Factoring,examples,yes,added: the page answers this
factoring polynomials definition,Factoring,definition,yes,Google search suggestion
factoring polynomials equations,Factoring,formula,yes,Google search suggestion
factoring polynomials examples,Factoring,examples,yes,Google search suggestion
factoring polynomials examples step by step,Factoring,examples,yes,Google search suggestion
factoring polynomials examples with answers,Factoring,practice,yes,Google search suggestion
factoring polynomials examples with solutions,Factoring,practice,yes,Google search suggestion
factoring polynomials examples with solutions grade 10,Factoring,practice,yes,Google search suggestion
factoring polynomials explained,Factoring,definition,yes,Google search suggestion
factoring polynomials explained simply,Factoring,definition,yes,added: the page answers this
factoring polynomials for beginners,Factoring,definition,yes,added: the page answers this
factoring polynomials for dummies,Factoring,definition,yes,Google search suggestion
factoring polynomials for grade 8,Factoring,topic,yes,Google search suggestion
factoring polynomials formula,Factoring,formula,yes,Google search suggestion
factoring polynomials formula sheet,Factoring,formula,yes,Google search suggestion
factoring polynomials formulas,Factoring,formula,yes,Google search suggestion
factoring polynomials practice,Factoring,practice,yes,Google search suggestion
factoring polynomials practice problems,Factoring,practice,yes,Google search suggestion
factoring polynomials practice problems with answers,Factoring,practice,yes,Google search suggestion
factoring polynomials practice problems with hints,Factoring,practice,yes,added: the page answers this
factoring polynomials practice test,Factoring,practice,yes,Google search suggestion
factoring polynomials problem solving,Factoring,practice,yes,Google search suggestion
factoring polynomials problems,Factoring,practice,yes,Google search suggestion
factoring polynomials problems with solutions,Factoring,practice,yes,Google search suggestion
factoring polynomials quadratic formula,Factoring,formula,yes,Google search suggestion
factoring polynomials quiz,Factoring,practice,yes,added: the page answers this
factoring polynomials sample problems,Factoring,practice,yes,Google search suggestion
factoring polynomials step by step,Factoring,examples,yes,added: the page answers this
factoring polynomials summary,Factoring,topic,yes,Google search suggestion
factoring polynomials using quadratic formula,Factoring,formula,yes,Google search suggestion
factoring polynomials when a is greater than 1,Factoring,topic,yes,Google search suggestion
factoring polynomials with 3 terms,Factoring,topic,yes,Google search suggestion
factoring polynomials with 4 terms,Factoring,topic,yes,Google search suggestion
factoring polynomials with a greater than 1,Factoring,topic,yes,Google search suggestion
factoring polynomials with a leading coefficient,Factoring,topic,yes,Google search suggestion
factoring polynomials with exponents,Factoring,topic,yes,Google search suggestion
factoring polynomials with four terms,Factoring,topic,yes,Google search suggestion
factoring polynomials with fractional exponents,Factoring,topic,yes,Google search suggestion
factoring polynomials with gcf,Factoring,topic,yes,Google search suggestion
factoring polynomials with rational coefficients,Factoring,topic,yes,Google search suggestion
factoring polynomials with two variables,Factoring,topic,yes,Google search suggestion
factoring polynomials worked example,Factoring,examples,yes,added: the page answers this
factoring quadratic trinomials formula,Factoring,formula,yes,Google search suggestion
factoring quadratics examples,Factoring,examples,yes,Google search suggestion
factoring quadratics explained,Factoring,definition,yes,Google search suggestion
factoring quadratics formula,Factoring,formula,yes,Google search suggestion
factoring quadratics practice problems,Factoring,practice,yes,Google search suggestion
factoring quadratics problems,Factoring,practice,yes,Google search suggestion
factoring trinomials,Factoring,topic,yes,Google search suggestion
factoring trinomials common mistakes,Factoring,examples,yes,added: the page answers this
factoring trinomials definition,Factoring,definition,yes,Google search suggestion
factoring trinomials equation,Factoring,formula,yes,Google search suggestion
factoring trinomials example problems,Factoring,practice,yes,Google search suggestion
factoring trinomials examples,Factoring,examples,yes,Google search suggestion
factoring trinomials examples a 1,Factoring,examples,yes,Google search suggestion
factoring trinomials examples step by step,Factoring,examples,yes,Google search suggestion
factoring trinomials examples with answers,Factoring,practice,yes,Google search suggestion
factoring trinomials examples with gcf,Factoring,examples,yes,Google search suggestion
factoring trinomials explained,Factoring,definition,yes,Google search suggestion
factoring trinomials explained simply,Factoring,definition,yes,added: the page answers this
factoring trinomials for beginners,Factoring,definition,yes,added: the page answers this
factoring trinomials for dummies,Factoring,definition,yes,Google search suggestion
factoring trinomials formula,Factoring,formula,yes,Google search suggestion
factoring trinomials practice problems,Factoring,practice,yes,Google search suggestion
factoring trinomials practice problems with answers,Factoring,practice,yes,Google search suggestion
factoring trinomials practice problems with hints,Factoring,practice,yes,added: the page answers this
factoring trinomials practice test,Factoring,practice,yes,Google search suggestion
factoring trinomials problems,Factoring,practice,yes,Google search suggestion
factoring trinomials problems with answers,Factoring,practice,yes,Google search suggestion
factoring trinomials quiz,Factoring,practice,yes,added: the page answers this
factoring trinomials step by step,Factoring,examples,yes,added: the page answers this
factoring trinomials using quadratic formula,Factoring,formula,yes,Google search suggestion
factoring trinomials when a is 1,Factoring,topic,yes,Google search suggestion
factoring trinomials when a is greater than 1,Factoring,topic,yes,Google search suggestion
factoring trinomials when a is not 1,Factoring,topic,yes,Google search suggestion
factoring trinomials with 2 variables,Factoring,topic,yes,Google search suggestion
factoring trinomials with a gcf,Factoring,topic,yes,Google search suggestion
factoring trinomials with a greater than 1,Factoring,topic,yes,Google search suggestion
factoring trinomials with a leading coefficient of 1,Factoring,topic,yes,Google search suggestion
factoring trinomials with box method,Factoring,topic,yes,Google search suggestion
factoring trinomials with leading coefficient,Factoring,topic,yes,Google search suggestion
factoring trinomials with leading coefficient not 1,Factoring,topic,yes,Google search suggestion
factoring trinomials with two variables,Factoring,topic,yes,Google search suggestion
factoring trinomials with x method,Factoring,topic,yes,Google search suggestion
factoring trinomials without gcf,Factoring,topic,yes,Google search suggestion
factoring trinomials worked example,Factoring,examples,yes,added: the page answers this
factorization of polynomials for class 9,Factoring,topic,yes,Google search suggestion
how to factor polynomials by grouping,Factoring,how to,yes,Google search suggestion
how to factor polynomials completely,Factoring,how to,yes,Google search suggestion
how to factor polynomials with 2 terms,Factoring,how to,yes,Google search suggestion
how to factor polynomials with 3 terms,Factoring,how to,yes,Google search suggestion
how to factor polynomials with 4 terms,Factoring,how to,yes,Google search suggestion
how to factor polynomials with 5 terms,Factoring,how to,yes,Google search suggestion
how to factor polynomials with x 3,Factoring,how to,yes,Google search suggestion
how to factor trinomials by grouping,Factoring,how to,yes,Google search suggestion
how to factor trinomials when a is greater than 1,Factoring,how to,yes,Google search suggestion
how to factor trinomials when a is not 1,Factoring,how to,yes,Google search suggestion
how to factor trinomials with 2 variables,Factoring,how to,yes,Google search suggestion
how to factor trinomials with a leading coefficient,Factoring,how to,yes,Google search suggestion
how to factor trinomials with coefficients,Factoring,how to,yes,Google search suggestion
how to factor trinomials with x 3,Factoring,how to,yes,Google search suggestion
how to factoring polynomials,Factoring,how to,yes,Google search suggestion
how to factoring polynomials of degree 3,Factoring,how to,yes,Google search suggestion
how to factoring polynomials of degree 4,Factoring,how to,yes,Google search suggestion
how to factoring trinomials,Factoring,how to,yes,Google search suggestion
how to factoring trinomials a 1,Factoring,how to,yes,Google search suggestion
how to factoring trinomials step by step,Factoring,examples,yes,Google search suggestion
what grade is factoring polynomials,Factoring,topic,yes,Google search suggestion
what grade is factoring trinomials,Factoring,topic,yes,Google search suggestion
what is factor theorem polynomials,Factoring,definition,yes,Google search suggestion
what is factoring binomials,Factoring,definition,yes,Google search suggestion
what is factoring general trinomials,Factoring,definition,yes,Google search suggestion
what is factoring polynomials,Factoring,definition,yes,Google search suggestion
what is factoring polynomials by grouping,Factoring,definition,yes,Google search suggestion
what is factoring polynomials in math,Factoring,definition,yes,Google search suggestion
what is factoring polynomials used for in real life,Factoring,definition,yes,Google search suggestion
what is factoring quadratic polynomials,Factoring,definition,yes,Google search suggestion
what is factoring quadratic trinomials,Factoring,definition,yes,Google search suggestion
what is factoring quadratics,Factoring,definition,yes,Google search suggestion
what is factoring trinomials,Factoring,definition,yes,Google search suggestion
what is factoring trinomials when a 1,Factoring,definition,yes,Google search suggestion
what math is factoring trinomials,Factoring,topic,yes,Google search suggestion
factoring polynomials calculator,Factoring,tool,no: wants a calculator or tool,Google search suggestion
factoring polynomials examples with solutions pdf,Factoring,specific source,"no: wants a specific source, video or file",Google search suggestion
factoring polynomials practice problems pdf,Factoring,specific source,"no: wants a specific source, video or file",Google search suggestion
factoring polynomials practice problems worksheet,Factoring,specific source,"no: wants a specific source, video or file",Google search suggestion
factoring polynomials practice test pdf,Factoring,specific source,"no: wants a specific source, video or file",Google search suggestion
factoring polynomials problems with solutions pdf,Factoring,specific source,"no: wants a specific source, video or file",Google search suggestion
factoring polynomials worksheet,Factoring,specific source,"no: wants a specific source, video or file",Google search suggestion
factoring polynomials worksheet pdf,Factoring,specific source,"no: wants a specific source, video or file",Google search suggestion
factoring polynomials worksheet with answers pdf,Factoring,specific source,"no: wants a specific source, video or file",Google search suggestion
factoring quadratics practice problems pdf,Factoring,specific source,"no: wants a specific source, video or file",Google search suggestion
factoring quadratics problems worksheet,Factoring,specific source,"no: wants a specific source, video or file",Google search suggestion
factoring trinomials calculator,Factoring,tool,no: wants a calculator or tool,Google search suggestion
factoring trinomials examples with answers pdf,Factoring,specific source,"no: wants a specific source, video or file",Google search suggestion
factoring trinomials examples worksheet,Factoring,specific source,"no: wants a specific source, video or file",Google search suggestion
factoring trinomials problems worksheet,Factoring,specific source,"no: wants a specific source, video or file",Google search suggestion
factoring trinomials word problems worksheet,Factoring,specific source,"no: wants a specific source, video or file",Google search suggestion
factoring trinomials worksheet,Factoring,specific source,"no: wants a specific source, video or file",Google search suggestion
factoring trinomials worksheet pdf,Factoring,specific source,"no: wants a specific source, video or file",Google search suggestion
factoring trinomials worksheet with answers pdf,Factoring,specific source,"no: wants a specific source, video or file",Google search suggestion
factorization of polynomials for class 10,Factoring,specific source,"no: wants a specific source, video or file",Google search suggestion
factorization of polynomials for class 9 ncert,Factoring,specific source,"no: wants a specific source, video or file",Google search suggestion
expanding 3 brackets formula,Expanding,formula,yes,Google search suggestion
expanding and simplifying brackets examples,Expanding,examples,yes,Google search suggestion
expanding brackets,Expanding,topic,yes,Google search suggestion
expanding brackets algebra,Expanding,topic,yes,Google search suggestion
expanding brackets algebra examples,Expanding,examples,yes,Google search suggestion
expanding brackets common mistakes,Expanding,examples,yes,added: the page answers this
expanding brackets equations,Expanding,formula,yes,Google search suggestion
expanding brackets example questions,Expanding,practice,yes,Google search suggestion
expanding brackets examples,Expanding,examples,yes,Google search suggestion
expanding brackets examples with answers,Expanding,practice,yes,Google search suggestion
expanding brackets explained,Expanding,definition,yes,Google search suggestion
expanding brackets explained simply,Expanding,definition,yes,added: the page answers this
expanding brackets for beginners,Expanding,definition,yes,added: the page answers this
expanding brackets for year 7,Expanding,topic,yes,Google search suggestion
expanding brackets for year 9,Expanding,topic,yes,Google search suggestion
expanding brackets formula,Expanding,formula,yes,Google search suggestion
expanding brackets in algebra,Expanding,topic,yes,Google search suggestion
expanding brackets maths,Expanding,topic,yes,Google search suggestion
expanding brackets maths 4 everyone,Expanding,topic,yes,Google search suggestion
expanding brackets maths questions,Expanding,practice,yes,Google search suggestion
expanding brackets meaning,Expanding,definition,yes,Google search suggestion
expanding brackets practice problems with answers,Expanding,practice,yes,added: the page answers this
expanding brackets practice problems with hints,Expanding,practice,yes,added: the page answers this
expanding brackets practice questions,Expanding,practice,yes,Google search suggestion
expanding brackets problem solving,Expanding,practice,yes,Google search suggestion
expanding brackets problem solving questions,Expanding,practice,yes,Google search suggestion
expanding brackets problems,Expanding,practice,yes,Google search suggestion
expanding brackets questions,Expanding,practice,yes,Google search suggestion
expanding brackets quiz,Expanding,practice,yes,added: the page answers this
expanding brackets step by step,Expanding,examples,yes,added: the page answers this
expanding brackets summary,Expanding,topic,yes,Google search suggestion
expanding brackets with fractions,Expanding,topic,yes,Google search suggestion
expanding brackets with indices,Expanding,topic,yes,Google search suggestion
expanding brackets with negative numbers,Expanding,topic,yes,Google search suggestion
expanding brackets with negatives,Expanding,topic,yes,Google search suggestion
expanding brackets with powers,Expanding,topic,yes,Google search suggestion
expanding brackets with surds,Expanding,topic,yes,Google search suggestion
expanding brackets with surds questions and answers,Expanding,practice,yes,Google search suggestion
expanding brackets with variables,Expanding,topic,yes,Google search suggestion
expanding brackets worked example,Expanding,examples,yes,added: the page answers this
expanding cubic brackets formula,Expanding,formula,yes,Google search suggestion
expanding double brackets examples,Expanding,examples,yes,Google search suggestion
expanding double brackets explained,Expanding,definition,yes,Google search suggestion
expanding double brackets formula,Expanding,formula,yes,Google search suggestion
expanding double brackets practice questions,Expanding,practice,yes,Google search suggestion
expanding single brackets examples,Expanding,examples,yes,Google search suggestion
expanding single brackets practice questions,Expanding,practice,yes,Google search suggestion
expanding squared brackets formula,Expanding,formula,yes,Google search suggestion
expanding triple brackets examples,Expanding,examples,yes,Google search suggestion
expanding triple brackets explained,Expanding,definition,yes,Google search suggestion
expanding triple brackets practice questions,Expanding,practice,yes,Google search suggestion
f.o.i.l method,Expanding,topic,yes,Google search suggestion
foil method,Expanding,topic,yes,Google search suggestion
foil method algebra,Expanding,topic,yes,Google search suggestion
foil method common mistakes,Expanding,examples,yes,added: the page answers this
foil method definition,Expanding,definition,yes,Google search suggestion
foil method definition math,Expanding,definition,yes,Google search suggestion
foil method equation,Expanding,formula,yes,Google search suggestion
foil method example,Expanding,examples,yes,Google search suggestion
foil method example problems,Expanding,practice,yes,Google search suggestion
foil method example questions,Expanding,practice,yes,Google search suggestion
foil method example with solution,Expanding,examples,yes,Google search suggestion
foil method examples,Expanding,examples,yes,Google search suggestion
foil method examples with answers,Expanding,practice,yes,Google search suggestion
foil method examples with answers grade 10,Expanding,practice,yes,Google search suggestion
foil method examples with answers grade 8,Expanding,practice,yes,Google search suggestion
foil method examples with answers grade 9,Expanding,practice,yes,Google search suggestion
foil method explained,Expanding,definition,yes,Google search suggestion
foil method explained simply,Expanding,definition,yes,added: the page answers this
foil method explanation,Expanding,definition,yes,Google search suggestion
foil method factoring,Expanding,topic,yes,Google search suggestion
foil method for 3 terms,Expanding,topic,yes,Google search suggestion
foil method for beginners,Expanding,definition,yes,added: the page answers this
foil method for binomials,Expanding,topic,yes,Google search suggestion
foil method for factoring,Expanding,topic,yes,Google search suggestion
foil method for math,Expanding,topic,yes,Google search suggestion
foil method for multiplying binomials,Expanding,topic,yes,Google search suggestion
foil method for polynomials,Expanding,topic,yes,Google search suggestion
foil method for trinomials,Expanding,topic,yes,Google search suggestion
foil method formula,Expanding,formula,yes,Google search suggestion
foil method formula example,Expanding,examples,yes,Google search suggestion
foil method in real life,Expanding,topic,yes,Google search suggestion
foil method math,Expanding,topic,yes,Google search suggestion
foil method math problems,Expanding,practice,yes,Google search suggestion
foil method meaning,Expanding,definition,yes,Google search suggestion
foil method meaning adik,Expanding,definition,yes,Google search suggestion
foil method meaning not math,Expanding,definition,yes,Google search suggestion
foil method polynomials,Expanding,topic,yes,Google search suggestion
foil method practice,Expanding,practice,yes,Google search suggestion
foil method practice problems,Expanding,practice,yes,Google search suggestion
foil method practice problems with answers,Expanding,practice,yes,added: the page answers this
foil method practice problems with hints,Expanding,practice,yes,added: the page answers this
foil method problems,Expanding,practice,yes,Google search suggestion
foil method quadratic formula,Expanding,formula,yes,Google search suggestion
foil method questions,Expanding,practice,yes,Google search suggestion
foil method questions and answers,Expanding,practice,yes,Google search suggestion
foil method quiz,Expanding,practice,yes,added: the page answers this
foil method sample problems,Expanding,practice,yes,Google search suggestion
foil method step by step,Expanding,examples,yes,added: the page answers this
foil method with 2 variables,Expanding,topic,yes,Google search suggestion
foil method with 3 brackets,Expanding,topic,yes,Google search suggestion
foil method with 3 terms,Expanding,topic,yes,Google search suggestion
foil method with 5 terms,Expanding,topic,yes,Google search suggestion
foil method with exponents,Expanding,topic,yes,Google search suggestion
foil method with fractions,Expanding,topic,yes,Google search suggestion
foil method with negatives,Expanding,topic,yes,Google search suggestion
foil method with radicals,Expanding,topic,yes,Google search suggestion
foil method with square roots,Expanding,topic,yes,Google search suggestion
foil method with trinomials,Expanding,topic,yes,Google search suggestion
foil method worked example,Expanding,examples,yes,added: the page answers this
how should foil be used,Expanding,topic,yes,Google search suggestion
how to check foil method,Expanding,how to,yes,Google search suggestion
how to do expanding brackets in maths,Expanding,how to,yes,Google search suggestion
how to expand brackets,Expanding,how to,yes,Google search suggestion
how to expand brackets and simplify,Expanding,how to,yes,Google search suggestion
how to expand brackets in algebra,Expanding,how to,yes,Google search suggestion
how to expand brackets in maths,Expanding,how to,yes,Google search suggestion
how to expand brackets with 3 terms,Expanding,how to,yes,Google search suggestion
how to expand brackets with fractions,Expanding,how to,yes,Google search suggestion
how to expand brackets with no outside number,Expanding,how to,yes,Google search suggestion
how to expand brackets with powers,Expanding,how to,yes,Google search suggestion
how to expand brackets with surds,Expanding,how to,yes,Google search suggestion
how to expanding brackets,Expanding,how to,yes,Google search suggestion
how to foil method,Expanding,how to,yes,Google search suggestion
how to foil method 3 terms,Expanding,how to,yes,Google search suggestion
how to foil method fast,Expanding,how to,yes,Google search suggestion
how to foil method trinomial,Expanding,how to,yes,Google search suggestion
how to know when to use foil method,Expanding,how to,yes,Google search suggestion
how to properly use foil,Expanding,how to,yes,Google search suggestion
how to reverse foil method,Expanding,how to,yes,Google search suggestion
how to solve foil method,Expanding,how to,yes,Google search suggestion
how to use foil method,Expanding,how to,yes,Google search suggestion
how to use foil method when factoring,Expanding,how to,yes,Google search suggestion
what grade is expanding triple brackets,Expanding,topic,yes,Google search suggestion
what is expanding and simplifying brackets,Expanding,definition,yes,Google search suggestion
what is expanding brackets,Expanding,definition,yes,Google search suggestion
what is expanding brackets in algebra,Expanding,definition,yes,Google search suggestion
what is expanding brackets in maths,Expanding,definition,yes,Google search suggestion
what is expanding double brackets,Expanding,definition,yes,Google search suggestion
what is expanding single brackets,Expanding,definition,yes,Google search suggestion
what is expanding triple brackets,Expanding,definition,yes,Google search suggestion
what is foil method,Expanding,definition,yes,Google search suggestion
what is foil method in algebra,Expanding,definition,yes,Google search suggestion
what is foil method in math,Expanding,definition,yes,Google search suggestion
what is foil method in philippines,Expanding,definition,yes,Google search suggestion
what is foil method in quadratic equation,Expanding,definition,yes,Google search suggestion
what is foil method used for,Expanding,definition,yes,Google search suggestion
what is the formula for expanding brackets,Expanding,definition,yes,Google search suggestion
what is the opposite of expanding brackets,Expanding,definition,yes,Google search suggestion
when do you use foil method in math,Expanding,how to,yes,Google search suggestion
when to use foil method,Expanding,how to,yes,Google search suggestion
when to use foil method in math,Expanding,how to,yes,Google search suggestion
expanding brackets calculator,Expanding,tool,no: wants a calculator or tool,Google search suggestion
expanding brackets corbettmaths,Expanding,specific source,"no: wants a specific source, video or file",Google search suggestion
expanding brackets equations corbettmaths,Expanding,specific source,"no: wants a specific source, video or file",Google search suggestion
expanding brackets equations worksheet,Expanding,specific source,"no: wants a specific source, video or file",Google search suggestion
expanding brackets maths gcse,Expanding,specific source,"no: wants a specific source, video or file",Google search suggestion
expanding brackets maths genie,Expanding,specific source,"no: wants a specific source, video or file",Google search suggestion
expanding brackets maths genie answers,Expanding,specific source,"no: wants a specific source, video or file",Google search suggestion
expanding brackets maths worksheet,Expanding,specific source,"no: wants a specific source, video or file",Google search suggestion
expanding brackets practice questions corbettmaths,Expanding,specific source,"no: wants a specific source, video or file",Google search suggestion
expanding brackets with negative numbers worksheet,Expanding,specific source,"no: wants a specific source, video or file",Google search suggestion
expanding brackets with surds corbettmaths,Expanding,specific source,"no: wants a specific source, video or file",Google search suggestion
expanding brackets with surds worksheet,Expanding,specific source,"no: wants a specific source, video or file",Google search suggestion
expanding brackets worksheet,Expanding,specific source,"no: wants a specific source, video or file",Google search suggestion
expanding brackets worksheet pdf,Expanding,specific source,"no: wants a specific source, video or file",Google search suggestion
expanding brackets worksheet with answers,Expanding,specific source,"no: wants a specific source, video or file",Google search suggestion
foil method calculator,Expanding,tool,no: wants a calculator or tool,Google search suggestion
foil method calculator with steps,Expanding,tool,no: wants a calculator or tool,Google search suggestion
foil method dihybrid cross,Expanding,other subject,no: a different subject,Google search suggestion
foil method examples with answers pdf,Expanding,specific source,"no: wants a specific source, video or file",Google search suggestion
foil method for cleaning silver,Expanding,other subject,no: a different subject,Google search suggestion
foil method for dihybrid cross,Expanding,other subject,no: a different subject,Google search suggestion
foil method meaning filipino,Expanding,other language,no: wants it in another language,Google search suggestion
foil method meaning in person,Expanding,other subject,no: a different subject,Google search suggestion
foil method meaning slang,Expanding,other subject,no: a different subject,Google search suggestion
foil method practice worksheet,Expanding,specific source,"no: wants a specific source, video or file",Google search suggestion
foil method problems worksheets,Expanding,specific source,"no: wants a specific source, video or file",Google search suggestion
foil method tiktok,Expanding,other subject,no: a different subject,Google search suggestion
foil method worksheet,Expanding,specific source,"no: wants a specific source, video or file",Google search suggestion
how to do foil method in dihybrid cross,Expanding,other subject,no: a different subject,Google search suggestion
how to do foil method punnett square,Expanding,other subject,no: a different subject,Google search suggestion
how to expand brackets on calculator,Expanding,tool,no: wants a calculator or tool,Google search suggestion
how to foil method in calculator,Expanding,tool,no: wants a calculator or tool,Google search suggestion
what is foil method in baking,Expanding,other subject,no: a different subject,Google search suggestion
what is foil method in biology,Expanding,other subject,no: a different subject,Google search suggestion
what is foil method in grow a garden,Expanding,other subject,no: a different subject,Google search suggestion
when to use a foil blanket,Expanding,other subject,no: a different subject,Google search suggestion
all exponent rules explained,Simplifying Expressions,definition,yes,Google search suggestion
definition of simplifying radical expressions,Simplifying Expressions,definition,yes,Google search suggestion
exponent basic rules,Simplifying Expressions,topic,yes,Google search suggestion
exponent law examples,Simplifying Expressions,examples,yes,Google search suggestion
exponent law formula,Simplifying Expressions,formula,yes,Google search suggestion
exponent law practice problems,Simplifying Expressions,practice,yes,Google search suggestion
exponent law problems,Simplifying Expressions,practice,yes,Google search suggestion
exponent laws explained,Simplifying Expressions,definition,yes,Google search suggestion
exponent properties examples,Simplifying Expressions,examples,yes,Google search suggestion
exponent properties explained,Simplifying Expressions,definition,yes,Google search suggestion
exponent properties formula,Simplifying Expressions,formula,yes,Google search suggestion
exponent properties practice problems,Simplifying Expressions,practice,yes,Google search suggestion
exponent properties problems,Simplifying Expressions,practice,yes,Google search suggestion
exponent rules,Simplifying Expressions,topic,yes,Google search suggestion
exponent rules adding,Simplifying Expressions,topic,yes,Google search suggestion
exponent rules algebra,Simplifying Expressions,topic,yes,Google search suggestion
exponent rules chart,Simplifying Expressions,formula,yes,Google search suggestion
exponent rules cheat sheet,Simplifying Expressions,formula,yes,Google search suggestion
exponent rules common mistakes,Simplifying Expressions,examples,yes,added: the page answers this
exponent rules definition,Simplifying Expressions,definition,yes,Google search suggestion
exponent rules division,Simplifying Expressions,topic,yes,Google search suggestion
exponent rules equations,Simplifying Expressions,formula,yes,Google search suggestion
exponent rules example problems,Simplifying Expressions,practice,yes,Google search suggestion
exponent rules examples,Simplifying Expressions,examples,yes,Google search suggestion
exponent rules examples with answers,Simplifying Expressions,practice,yes,Google search suggestion
exponent rules explained,Simplifying Expressions,definition,yes,Google search suggestion
exponent rules explained simply,Simplifying Expressions,definition,yes,added: the page answers this
exponent rules for addition,Simplifying Expressions,topic,yes,Google search suggestion
exponent rules for addition and subtraction,Simplifying Expressions,topic,yes,Google search suggestion
exponent rules for beginners,Simplifying Expressions,definition,yes,added: the page answers this
exponent rules for division,Simplifying Expressions,topic,yes,Google search suggestion
exponent rules for e,Simplifying Expressions,topic,yes,Google search suggestion
exponent rules for fractions,Simplifying Expressions,topic,yes,Google search suggestion
exponent rules for limits,Simplifying Expressions,topic,yes,Google search suggestion
exponent rules for multiplication,Simplifying Expressions,topic,yes,Google search suggestion
exponent rules for sat,Simplifying Expressions,topic,yes,Google search suggestion
exponent rules for square roots,Simplifying Expressions,topic,yes,Google search suggestion
exponent rules for subtraction,Simplifying Expressions,topic,yes,Google search suggestion
exponent rules formula,Simplifying Expressions,formula,yes,Google search suggestion
exponent rules formula sheet,Simplifying Expressions,formula,yes,Google search suggestion
exponent rules fractions,Simplifying Expressions,topic,yes,Google search suggestion
exponent rules practice,Simplifying Expressions,practice,yes,Google search suggestion
exponent rules practice problems,Simplifying Expressions,practice,yes,Google search suggestion
exponent rules practice problems with answers,Simplifying Expressions,practice,yes,added: the page answers this
exponent rules practice problems with hints,Simplifying Expressions,practice,yes,added: the page answers this
exponent rules problems,Simplifying Expressions,practice,yes,Google search suggestion
exponent rules problems and answers,Simplifying Expressions,practice,yes,Google search suggestion
exponent rules questions,Simplifying Expressions,practice,yes,Google search suggestion
exponent rules quiz,Simplifying Expressions,practice,yes,added: the page answers this
exponent rules step by step,Simplifying Expressions,examples,yes,added: the page answers this
exponent rules summary,Simplifying Expressions,topic,yes,Google search suggestion
exponent rules summary sheet,Simplifying Expressions,topic,yes,Google search suggestion
exponent rules with different bases,Simplifying Expressions,topic,yes,Google search suggestion
exponent rules with e,Simplifying Expressions,topic,yes,Google search suggestion
exponent rules with examples,Simplifying Expressions,examples,yes,Google search suggestion
exponent rules with fractions,Simplifying Expressions,topic,yes,Google search suggestion
exponent rules with logs,Simplifying Expressions,topic,yes,Google search suggestion
exponent rules with negatives,Simplifying Expressions,topic,yes,Google search suggestion
exponent rules with parentheses,Simplifying Expressions,topic,yes,Google search suggestion
exponent rules with radicals,Simplifying Expressions,topic,yes,Google search suggestion
exponent rules with same base,Simplifying Expressions,topic,yes,Google search suggestion
exponent rules with variables,Simplifying Expressions,topic,yes,Google search suggestion
exponent rules word problems,Simplifying Expressions,practice,yes,Google search suggestion
exponent rules worked example,Simplifying Expressions,examples,yes,added: the page answers this
exponential rules formula,Simplifying Expressions,formula,yes,Google search suggestion
fractional exponent rule examples,Simplifying Expressions,examples,yes,Google search suggestion
how many exponent rules are there,Simplifying Expressions,topic,yes,Google search suggestion
how to do exponent rules,Simplifying Expressions,how to,yes,Google search suggestion
how to remember exponent rules,Simplifying Expressions,how to,yes,Google search suggestion
how to simplify rational expressions and state restrictions,Simplifying Expressions,how to,yes,Google search suggestion
how to simplify rational expressions by factoring,Simplifying Expressions,how to,yes,Google search suggestion
how to simplify rational expressions division,Simplifying Expressions,how to,yes,Google search suggestion
how to simplify rational expressions on a ti 84 plus,Simplifying Expressions,how to,yes,Google search suggestion
how to simplify rational expressions step by step,Simplifying Expressions,examples,yes,Google search suggestion
how to simplify rational expressions with exponents,Simplifying Expressions,how to,yes,Google search suggestion
how to simplify rational expressions with fractions,Simplifying Expressions,how to,yes,Google search suggestion
how to simplify rational expressions with negative exponents,Simplifying Expressions,how to,yes,Google search suggestion
how to simplify rational expressions with square roots,Simplifying Expressions,how to,yes,Google search suggestion
how to simplify using exponent rules,Simplifying Expressions,how to,yes,Google search suggestion
how to simplifying rational expressions,Simplifying Expressions,how to,yes,Google search suggestion
negative exponent rule explained,Simplifying Expressions,definition,yes,Google search suggestion
negative exponent rule formula,Simplifying Expressions,formula,yes,Google search suggestion
negative exponent rules examples,Simplifying Expressions,examples,yes,Google search suggestion
rules for simplifying rational expressions,Simplifying Expressions,formula,yes,Google search suggestion
rules for using exponents,Simplifying Expressions,topic,yes,Google search suggestion
rules of exponents practice,Simplifying Expressions,practice,yes,Google search suggestion
simplifying radical expressions examples,Simplifying Expressions,examples,yes,Google search suggestion
simplifying radical expressions examples with answers,Simplifying Expressions,practice,yes,Google search suggestion
simplifying radical expressions examples with solutions,Simplifying Expressions,practice,yes,Google search suggestion
simplifying radical expressions explanation,Simplifying Expressions,definition,yes,Google search suggestion
simplifying radical expressions formula,Simplifying Expressions,formula,yes,Google search suggestion
simplifying radical expressions practice problems,Simplifying Expressions,practice,yes,Google search suggestion
simplifying radical expressions problems,Simplifying Expressions,practice,yes,Google search suggestion
simplifying rational algebraic expressions examples,Simplifying Expressions,examples,yes,Google search suggestion
simplifying rational algebraic expressions formula,Simplifying Expressions,formula,yes,Google search suggestion
simplifying rational algebraic expressions meaning,Simplifying Expressions,definition,yes,Google search suggestion
simplifying rational equations examples,Simplifying Expressions,examples,yes,Google search suggestion
simplifying rational expressions,Simplifying Expressions,topic,yes,Google search suggestion
simplifying rational expressions algebra,Simplifying Expressions,topic,yes,Google search suggestion
simplifying rational expressions algebra 1,Simplifying Expressions,topic,yes,Google search suggestion
simplifying rational expressions algebra 2,Simplifying Expressions,topic,yes,Google search suggestion
simplifying rational expressions common mistakes,Simplifying Expressions,examples,yes,added: the page answers this
simplifying rational expressions definition,Simplifying Expressions,definition,yes,Google search suggestion
simplifying rational expressions example problems,Simplifying Expressions,practice,yes,Google search suggestion
simplifying rational expressions examples,Simplifying Expressions,examples,yes,Google search suggestion
simplifying rational expressions examples with answers,Simplifying Expressions,practice,yes,Google search suggestion
simplifying rational expressions examples with solutions,Simplifying Expressions,practice,yes,Google search suggestion
simplifying rational expressions explained,Simplifying Expressions,definition,yes,Google search suggestion
simplifying rational expressions explained simply,Simplifying Expressions,definition,yes,added: the page answers this
simplifying rational expressions for beginners,Simplifying Expressions,definition,yes,added: the page answers this
simplifying rational expressions for dummies,Simplifying Expressions,definition,yes,Google search suggestion
simplifying rational expressions formula,Simplifying Expressions,formula,yes,Google search suggestion
simplifying rational expressions practice,Simplifying Expressions,practice,yes,Google search suggestion
simplifying rational expressions practice problems,Simplifying Expressions,practice,yes,Google search suggestion
simplifying rational expressions practice problems with answers,Simplifying Expressions,practice,yes,added: the page answers this
simplifying rational expressions practice problems with hints,Simplifying Expressions,practice,yes,added: the page answers this
simplifying rational expressions problems,Simplifying Expressions,practice,yes,Google search suggestion
simplifying rational expressions questions,Simplifying Expressions,practice,yes,Google search suggestion
simplifying rational expressions questions and answers,Simplifying Expressions,practice,yes,Google search suggestion
simplifying rational expressions quiz,Simplifying Expressions,practice,yes,added: the page answers this
simplifying rational expressions step by step,Simplifying Expressions,examples,yes,added: the page answers this
simplifying rational expressions with exponents,Simplifying Expressions,topic,yes,Google search suggestion
simplifying rational expressions with factoring,Simplifying Expressions,topic,yes,Google search suggestion
simplifying rational expressions with negative exponents,Simplifying Expressions,topic,yes,Google search suggestion
simplifying rational expressions with radicals,Simplifying Expressions,topic,yes,Google search suggestion
simplifying rational expressions with restrictions,Simplifying Expressions,topic,yes,Google search suggestion
simplifying rational expressions with square roots,Simplifying Expressions,topic,yes,Google search suggestion
simplifying rational expressions with two variables,Simplifying Expressions,topic,yes,Google search suggestion
simplifying rational expressions with variables,Simplifying Expressions,topic,yes,Google search suggestion
simplifying rational expressions word problems,Simplifying Expressions,practice,yes,Google search suggestion
simplifying rational expressions worked example,Simplifying Expressions,examples,yes,added: the page answers this
simplifying rational functions examples,Simplifying Expressions,examples,yes,Google search suggestion
what are exponent rules in math,Simplifying Expressions,definition,yes,Google search suggestion
what grade is simplifying radical expressions,Simplifying Expressions,topic,yes,Google search suggestion
what is exponent law,Simplifying Expressions,definition,yes,Google search suggestion
what is exponent properties,Simplifying Expressions,definition,yes,Google search suggestion
what is exponent rules,Simplifying Expressions,definition,yes,Google search suggestion
what is exponential rules,Simplifying Expressions,definition,yes,Google search suggestion
what is power conferring rules,Simplifying Expressions,definition,yes,Google search suggestion
what is power play rules,Simplifying Expressions,definition,yes,Google search suggestion
what is power slap rules,Simplifying Expressions,definition,yes,Google search suggestion
what is simplifying expressions with rational exponents,Simplifying Expressions,definition,yes,Google search suggestion
what is simplifying radical expressions,Simplifying Expressions,definition,yes,Google search suggestion
what is simplifying rational algebraic expressions,Simplifying Expressions,definition,yes,Google search suggestion
what is simplifying rational expressions,Simplifying Expressions,definition,yes,Google search suggestion
when simplifying rational expressions what is a restriction,Simplifying Expressions,topic,yes,Google search suggestion
zero exponent rule explained,Simplifying Expressions,definition,yes,Google search suggestion
exponent rules pdf,Simplifying Expressions,specific source,"no: wants a specific source, video or file",Google search suggestion
exponent rules practice problems pdf,Simplifying Expressions,specific source,"no: wants a specific source, video or file",Google search suggestion
exponent rules practice problems worksheet,Simplifying Expressions,specific source,"no: wants a specific source, video or file",Google search suggestion
exponent rules problems pdf,Simplifying Expressions,specific source,"no: wants a specific source, video or file",Google search suggestion
exponent rules problems worksheet,Simplifying Expressions,specific source,"no: wants a specific source, video or file",Google search suggestion
exponent rules with examples pdf,Simplifying Expressions,specific source,"no: wants a specific source, video or file",Google search suggestion
exponent rules worksheet,Simplifying Expressions,specific source,"no: wants a specific source, video or file",Google search suggestion
simplifying rational expressions algebra 2 pdf,Simplifying Expressions,specific source,"no: wants a specific source, video or file",Google search suggestion
simplifying rational expressions algebra 2 worksheet,Simplifying Expressions,specific source,"no: wants a specific source, video or file",Google search suggestion
simplifying rational expressions calculator,Simplifying Expressions,tool,no: wants a calculator or tool,Google search suggestion
simplifying rational expressions calculator with steps,Simplifying Expressions,tool,no: wants a calculator or tool,Google search suggestion
simplifying rational expressions khan academy,Simplifying Expressions,specific source,"no: wants a specific source, video or file",Google search suggestion
simplifying rational expressions kuta,Simplifying Expressions,specific source,"no: wants a specific source, video or file",Google search suggestion
simplifying rational expressions practice pdf,Simplifying Expressions,specific source,"no: wants a specific source, video or file",Google search suggestion
simplifying rational expressions practice worksheet,Simplifying Expressions,specific source,"no: wants a specific source, video or file",Google search suggestion
simplifying rational expressions with factoring worksheet,Simplifying Expressions,specific source,"no: wants a specific source, video or file",Google search suggestion
simplifying rational expressions with negative exponents worksheet,Simplifying Expressions,specific source,"no: wants a specific source, video or file",Google search suggestion
simplifying rational expressions worksheet,Simplifying Expressions,specific source,"no: wants a specific source, video or file",Google search suggestion
simplifying rational expressions worksheet pdf,Simplifying Expressions,specific source,"no: wants a specific source, video or file",Google search suggestion
simplifying rational expressions worksheets with answers pdf,Simplifying Expressions,specific source,"no: wants a specific source, video or file",Google search suggestion
what is power play rules in cricket,Simplifying Expressions,other subject,no: a different subject,Google search suggestion
how to know which method to use when solving quadratic equations,Solving Equations & Inequalities,how to,yes,Google search suggestion
how to solve inequalities algebraically,Solving Equations & Inequalities,how to,yes,Google search suggestion
how to solve inequalities in maths,Solving Equations & Inequalities,how to,yes,Google search suggestion
how to solve inequalities on a number line,Solving Equations & Inequalities,how to,yes,Google search suggestion
how to solve inequalities step by step,Solving Equations & Inequalities,examples,yes,Google search suggestion
how to solve inequalities with absolute values,Solving Equations & Inequalities,how to,yes,Google search suggestion
how to solve inequalities with brackets,Solving Equations & Inequalities,how to,yes,Google search suggestion
how to solve inequalities with fractions,Solving Equations & Inequalities,how to,yes,Google search suggestion
how to solve inequalities with fractions and variables in denominator,Solving Equations & Inequalities,how to,yes,Google search suggestion
how to solve inequalities with two variables,Solving Equations & Inequalities,how to,yes,Google search suggestion
how to solve quadratic equations by graphing,Solving Equations & Inequalities,how to,yes,Google search suggestion
how to solve quadratic equations on ti 84 plus,Solving Equations & Inequalities,how to,yes,Google search suggestion
how to solve quadratic equations step by step,Solving Equations & Inequalities,examples,yes,Google search suggestion
how to solving inequalities,Solving Equations & Inequalities,how to,yes,Google search suggestion
how to solving quadratic equations,Solving Equations & Inequalities,how to,yes,Google search suggestion
how to solving quadratic equations by completing the square,Solving Equations & Inequalities,how to,yes,Google search suggestion
how to solving quadratic equations by factoring,Solving Equations & Inequalities,how to,yes,Google search suggestion
solutions of quadratic equation examples,Solving Equations & Inequalities,examples,yes,Google search suggestion
solve quadratic equation example problems,Solving Equations & Inequalities,practice,yes,Google search suggestion
solve quadratic equation for,Solving Equations & Inequalities,formula,yes,Google search suggestion
solve quadratic equation for roots,Solving Equations & Inequalities,formula,yes,Google search suggestion
solve quadratic equation for y,Solving Equations & Inequalities,formula,yes,Google search suggestion
solve quadratic formula for x,Solving Equations & Inequalities,formula,yes,Google search suggestion
solving absolute value inequalities practice problems,Solving Equations & Inequalities,practice,yes,Google search suggestion
solving for inequalities,Solving Equations & Inequalities,topic,yes,Google search suggestion
solving for inequalities examples,Solving Equations & Inequalities,examples,yes,Google search suggestion
solving for inequalities rules,Solving Equations & Inequalities,formula,yes,Google search suggestion
solving inequalities,Solving Equations & Inequalities,topic,yes,Google search suggestion
solving inequalities algebra,Solving Equations & Inequalities,topic,yes,Google search suggestion
solving inequalities algebra 1,Solving Equations & Inequalities,topic,yes,Google search suggestion
solving inequalities algebra 2,Solving Equations & Inequalities,topic,yes,Google search suggestion
solving inequalities algebra ii fundamentals,Solving Equations & Inequalities,topic,yes,Google search suggestion
solving inequalities common mistakes,Solving Equations & Inequalities,examples,yes,added: the page answers this
solving inequalities definition,Solving Equations & Inequalities,definition,yes,Google search suggestion
solving inequalities equations,Solving Equations & Inequalities,formula,yes,Google search suggestion
solving inequalities examples,Solving Equations & Inequalities,examples,yes,Google search suggestion
solving inequalities examples with answers,Solving Equations & Inequalities,practice,yes,Google search suggestion
solving inequalities explained,Solving Equations & Inequalities,definition,yes,Google search suggestion
solving inequalities explained simply,Solving Equations & Inequalities,definition,yes,added: the page answers this
solving inequalities for absolute values,Solving Equations & Inequalities,topic,yes,Google search suggestion
solving inequalities for beginners,Solving Equations & Inequalities,definition,yes,added: the page answers this
solving inequalities for x,Solving Equations & Inequalities,topic,yes,Google search suggestion
solving inequalities formula,Solving Equations & Inequalities,formula,yes,Google search suggestion
solving inequalities in one variable,Solving Equations & Inequalities,topic,yes,Google search suggestion
solving inequalities negative,Solving Equations & Inequalities,topic,yes,Google search suggestion
solving inequalities negative rule,Solving Equations & Inequalities,formula,yes,Google search suggestion
solving inequalities practice problems,Solving Equations & Inequalities,practice,yes,Google search suggestion
solving inequalities practice problems with answers,Solving Equations & Inequalities,practice,yes,added: the page answers this
solving inequalities practice problems with hints,Solving Equations & Inequalities,practice,yes,added: the page answers this
solving inequalities practice questions,Solving Equations & Inequalities,practice,yes,Google search suggestion
solving inequalities practice test,Solving Equations & Inequalities,practice,yes,Google search suggestion
solving inequalities problems,Solving Equations & Inequalities,practice,yes,Google search suggestion
solving inequalities problems with answers,Solving Equations & Inequalities,practice,yes,Google search suggestion
solving inequalities quiz,Solving Equations & Inequalities,practice,yes,added: the page answers this
solving inequalities rules,Solving Equations & Inequalities,formula,yes,Google search suggestion
solving inequalities step by step,Solving Equations & Inequalities,examples,yes,added: the page answers this
solving inequalities summary,Solving Equations & Inequalities,topic,yes,Google search suggestion
solving inequalities with absolute value,Solving Equations & Inequalities,topic,yes,Google search suggestion
solving inequalities with exponents,Solving Equations & Inequalities,topic,yes,Google search suggestion
solving inequalities with fractions,Solving Equations & Inequalities,topic,yes,Google search suggestion
solving inequalities with interval notation,Solving Equations & Inequalities,formula,yes,Google search suggestion
solving inequalities with one variable,Solving Equations & Inequalities,topic,yes,Google search suggestion
solving inequalities with sign charts,Solving Equations & Inequalities,topic,yes,Google search suggestion
solving inequalities with two variables,Solving Equations & Inequalities,topic,yes,Google search suggestion
solving inequalities with variables,Solving Equations & Inequalities,topic,yes,Google search suggestion
solving inequalities with variables on both sides,Solving Equations & Inequalities,topic,yes,Google search suggestion
solving inequalities word problems,Solving Equations & Inequalities,practice,yes,Google search suggestion
solving inequalities word problems 7th grade,Solving Equations & Inequalities,practice,yes,Google search suggestion
solving inequalities worked example,Solving Equations & Inequalities,examples,yes,added: the page answers this
solving linear inequalities practice problems,Solving Equations & Inequalities,practice,yes,Google search suggestion
solving linear inequalities problems,Solving Equations & Inequalities,practice,yes,Google search suggestion
solving problems involving quadratic equations examples with answer,Solving Equations & Inequalities,practice,yes,Google search suggestion
solving quadratic equation for x,Solving Equations & Inequalities,formula,yes,Google search suggestion
solving quadratic equations,Solving Equations & Inequalities,topic,yes,Google search suggestion
solving quadratic equations by completing the square,Solving Equations & Inequalities,topic,yes,Google search suggestion
solving quadratic equations by completing the square examples with answers,Solving Equations & Inequalities,practice,yes,Google search suggestion
solving quadratic equations by factoring,Solving Equations & Inequalities,topic,yes,Google search suggestion
solving quadratic equations by factoring examples,Solving Equations & Inequalities,examples,yes,Google search suggestion
solving quadratic equations by factoring examples with answers,Solving Equations & Inequalities,practice,yes,Google search suggestion
solving quadratic equations by factoring practice problems,Solving Equations & Inequalities,practice,yes,Google search suggestion
solving quadratic equations by formula method,Solving Equations & Inequalities,formula,yes,Google search suggestion
solving quadratic equations by graphing,Solving Equations & Inequalities,topic,yes,Google search suggestion
solving quadratic equations by graphing examples and answers,Solving Equations & Inequalities,examples,yes,Google search suggestion
solving quadratic equations common mistakes,Solving Equations & Inequalities,examples,yes,added: the page answers this
solving quadratic equations definition,Solving Equations & Inequalities,definition,yes,Google search suggestion
solving quadratic equations equation,Solving Equations & Inequalities,formula,yes,Google search suggestion
solving quadratic equations examples,Solving Equations & Inequalities,examples,yes,Google search suggestion
solving quadratic equations examples with answers,Solving Equations & Inequalities,practice,yes,Google search suggestion
solving quadratic equations exercises,Solving Equations & Inequalities,practice,yes,Google search suggestion
solving quadratic equations explained,Solving Equations & Inequalities,definition,yes,Google search suggestion
solving quadratic equations explained simply,Solving Equations & Inequalities,definition,yes,added: the page answers this
solving quadratic equations for beginners,Solving Equations & Inequalities,definition,yes,added: the page answers this
solving quadratic equations formula,Solving Equations & Inequalities,formula,yes,Google search suggestion
solving quadratic equations graphically examples,Solving Equations & Inequalities,examples,yes,Google search suggestion
solving quadratic equations practice,Solving Equations & Inequalities,practice,yes,Google search suggestion
solving quadratic equations practice problems,Solving Equations & Inequalities,practice,yes,Google search suggestion
solving quadratic equations practice problems with answers,Solving Equations & Inequalities,practice,yes,added: the page answers this
solving quadratic equations practice problems with hints,Solving Equations & Inequalities,practice,yes,added: the page answers this
solving quadratic equations practice questions,Solving Equations & Inequalities,practice,yes,Google search suggestion
solving quadratic equations practice test,Solving Equations & Inequalities,practice,yes,Google search suggestion
solving quadratic equations problems,Solving Equations & Inequalities,practice,yes,Google search suggestion
solving quadratic equations quadratic formula assignment,Solving Equations & Inequalities,formula,yes,Google search suggestion
solving quadratic equations quiz,Solving Equations & Inequalities,practice,yes,added: the page answers this
solving quadratic equations step by step,Solving Equations & Inequalities,examples,yes,added: the page answers this
solving quadratic equations summary,Solving Equations & Inequalities,topic,yes,Google search suggestion
solving quadratic equations using formula,Solving Equations & Inequalities,formula,yes,Google search suggestion
solving quadratic equations using the quadratic formula,Solving Equations & Inequalities,formula,yes,Google search suggestion
solving quadratic equations with coefficients,Solving Equations & Inequalities,topic,yes,Google search suggestion
solving quadratic equations with complex solutions,Solving Equations & Inequalities,topic,yes,Google search suggestion
solving quadratic equations with factoring,Solving Equations & Inequalities,topic,yes,Google search suggestion
solving quadratic equations with fractions,Solving Equations & Inequalities,topic,yes,Google search suggestion
solving quadratic equations with imaginary solutions,Solving Equations & Inequalities,topic,yes,Google search suggestion
solving quadratic equations with large coefficients,Solving Equations & Inequalities,topic,yes,Google search suggestion
solving quadratic equations with one variable,Solving Equations & Inequalities,topic,yes,Google search suggestion
solving quadratic equations with square roots,Solving Equations & Inequalities,topic,yes,Google search suggestion
solving quadratic equations with the quadratic formula,Solving Equations & Inequalities,formula,yes,Google search suggestion
solving quadratic equations without formula,Solving Equations & Inequalities,formula,yes,Google search suggestion
solving quadratic equations worked example,Solving Equations & Inequalities,examples,yes,added: the page answers this
solving quadratic formula examples,Solving Equations & Inequalities,examples,yes,Google search suggestion
solving quadratic formula practice problems,Solving Equations & Inequalities,practice,yes,Google search suggestion
solving quadratic inequalities practice questions,Solving Equations & Inequalities,practice,yes,Google search suggestion
solving rational inequalities practice problems,Solving Equations & Inequalities,practice,yes,Google search suggestion
solving systems of inequalities practice problems,Solving Equations & Inequalities,practice,yes,Google search suggestion
what are solutions to quadratic equations,Solving Equations & Inequalities,definition,yes,Google search suggestion
what are solutions to quadratic equations called,Solving Equations & Inequalities,definition,yes,Google search suggestion
what do you solve quadratic equations to,Solving Equations & Inequalities,topic,yes,Google search suggestion
what does solving quadratic equation mean,Solving Equations & Inequalities,definition,yes,Google search suggestion
what is solving and graphing inequalities,Solving Equations & Inequalities,definition,yes,Google search suggestion
what is solving compound inequalities,Solving Equations & Inequalities,definition,yes,Google search suggestion
what is solving equations and inequalities,Solving Equations & Inequalities,definition,yes,Google search suggestion
what is solving inequalities,Solving Equations & Inequalities,definition,yes,Google search suggestion
what is solving inequalities in algebra,Solving Equations & Inequalities,definition,yes,Google search suggestion
what is solving linear inequalities,Solving Equations & Inequalities,definition,yes,Google search suggestion
what is solving problems involving quadratic equations,Solving Equations & Inequalities,practice,yes,Google search suggestion
what is solving quadratic equations,Solving Equations & Inequalities,definition,yes,Google search suggestion
what is solving quadratic equations by completing the square,Solving Equations & Inequalities,definition,yes,Google search suggestion
what is solving quadratic equations by extracting square roots,Solving Equations & Inequalities,definition,yes,Google search suggestion
what is solving quadratic equations by factoring,Solving Equations & Inequalities,definition,yes,Google search suggestion
what is solving quadratic inequalities,Solving Equations & Inequalities,definition,yes,Google search suggestion
what is solving quadratic inequalities in one variable,Solving Equations & Inequalities,definition,yes,Google search suggestion
what is solving rational inequalities,Solving Equations & Inequalities,definition,yes,Google search suggestion
what is the formula for solving quadratic equations,Solving Equations & Inequalities,definition,yes,Google search suggestion
what is the rule for solving inequalities,Solving Equations & Inequalities,definition,yes,Google search suggestion
when solving quadratic equations,Solving Equations & Inequalities,topic,yes,Google search suggestion
when to solve quadratic equations by factoring,Solving Equations & Inequalities,how to,yes,Google search suggestion
when to use quadratic equation,Solving Equations & Inequalities,how to,yes,Google search suggestion
when to use quadratic formula,Solving Equations & Inequalities,how to,yes,Google search suggestion
when to use square roots to solve quadratic equations,Solving Equations & Inequalities,how to,yes,Google search suggestion
how to solve quadratic equations on calculator,Solving Equations & Inequalities,tool,no: wants a calculator or tool,Google search suggestion
how to solve quadratic equations on calculator fx 991ex,Solving Equations & Inequalities,tool,no: wants a calculator or tool,Google search suggestion
how to solve quadratic equations on calculator ti 84,Solving Equations & Inequalities,tool,no: wants a calculator or tool,Google search suggestion
how to solve quadratic equations pdf,Solving Equations & Inequalities,specific source,"no: wants a specific source, video or file",Google search suggestion
solving for inequalities calculator,Solving Equations & Inequalities,tool,no: wants a calculator or tool,Google search suggestion
solving for inequalities pdf,Solving Equations & Inequalities,specific source,"no: wants a specific source, video or file",Google search suggestion
solving for inequalities worksheet,Solving Equations & Inequalities,specific source,"no: wants a specific source, video or file",Google search suggestion
solving inequalities algebra 1 worksheet,Solving Equations & Inequalities,specific source,"no: wants a specific source, video or file",Google search suggestion
solving inequalities algebra 1 worksheet pdf,Solving Equations & Inequalities,specific source,"no: wants a specific source, video or file",Google search suggestion
solving inequalities algebra 2 worksheet,Solving Equations & Inequalities,specific source,"no: wants a specific source, video or file",Google search suggestion
solving inequalities calculator,Solving Equations & Inequalities,tool,no: wants a calculator or tool,Google search suggestion
solving inequalities corbettmaths practice questions,Solving Equations & Inequalities,specific source,"no: wants a specific source, video or file",Google search suggestion
solving inequalities equations worksheet pdf,Solving Equations & Inequalities,specific source,"no: wants a specific source, video or file",Google search suggestion
solving inequalities examples pdf,Solving Equations & Inequalities,specific source,"no: wants a specific source, video or file",Google search suggestion
solving inequalities examples with answers pdf,Solving Equations & Inequalities,specific source,"no: wants a specific source, video or file",Google search suggestion
solving inequalities negative coefficients worksheet,Solving Equations & Inequalities,specific source,"no: wants a specific source, video or file",Google search suggestion
solving inequalities negative rule worksheet,Solving Equations & Inequalities,specific source,"no: wants a specific source, video or file",Google search suggestion
solving inequalities with absolute value worksheet,Solving Equations & Inequalities,specific source,"no: wants a specific source, video or file",Google search suggestion
solving inequalities word problems pdf,Solving Equations & Inequalities,specific source,"no: wants a specific source, video or file",Google search suggestion
solving inequalities word problems worksheet,Solving Equations & Inequalities,specific source,"no: wants a specific source, video or file",Google search suggestion
solving inequalities word problems worksheet pdf,Solving Equations & Inequalities,specific source,"no: wants a specific source, video or file",Google search suggestion
solving inequalities word problems worksheet with answers,Solving Equations & Inequalities,specific source,"no: wants a specific source, video or file",Google search suggestion
solving inequalities worksheet,Solving Equations & Inequalities,specific source,"no: wants a specific source, video or file",Google search suggestion
solving inequalities worksheet algebra 1,Solving Equations & Inequalities,specific source,"no: wants a specific source, video or file",Google search suggestion
solving inequalities worksheet pdf,Solving Equations & Inequalities,specific source,"no: wants a specific source, video or file",Google search suggestion
solving inequalities worksheet with answers,Solving Equations & Inequalities,specific source,"no: wants a specific source, video or file",Google search suggestion
solving inequalities worksheet with answers pdf,Solving Equations & Inequalities,specific source,"no: wants a specific source, video or file",Google search suggestion
solving quadratic equations by factoring worksheet,Solving Equations & Inequalities,specific source,"no: wants a specific source, video or file",Google search suggestion
solving quadratic equations by formula method worksheet,Solving Equations & Inequalities,specific source,"no: wants a specific source, video or file",Google search suggestion
solving quadratic equations formula corbettmaths,Solving Equations & Inequalities,specific source,"no: wants a specific source, video or file",Google search suggestion
solving quadratic equations formula worksheet,Solving Equations & Inequalities,specific source,"no: wants a specific source, video or file",Google search suggestion
solving quadratic equations in excel,Solving Equations & Inequalities,other subject,no: a different subject,Google search suggestion
solving quadratic equations practice pdf,Solving Equations & Inequalities,specific source,"no: wants a specific source, video or file",Google search suggestion
solving quadratic equations practice problems with answers pdf,Solving Equations & Inequalities,specific source,"no: wants a specific source, video or file",Google search suggestion
solving quadratic equations practice worksheet,Solving Equations & Inequalities,specific source,"no: wants a specific source, video or file",Google search suggestion
solving quadratic equations using formula worksheet,Solving Equations & Inequalities,specific source,"no: wants a specific source, video or file",Google search suggestion
solving quadratic equations with imaginary numbers worksheet,Solving Equations & Inequalities,specific source,"no: wants a specific source, video or file",Google search suggestion
solving quadratic equations word problems worksheet,Solving Equations & Inequalities,specific source,"no: wants a specific source, video or file",Google search suggestion
solving quadratic equations word problems worksheet pdf,Solving Equations & Inequalities,specific source,"no: wants a specific source, video or file",Google search suggestion
solving quadratic equations word problems worksheet with answers,Solving Equations & Inequalities,specific source,"no: wants a specific source, video or file",Google search suggestion
solving quadratic equations worksheet,Solving Equations & Inequalities,specific source,"no: wants a specific source, video or file",Google search suggestion
solving quadratic equations worksheet pdf,Solving Equations & Inequalities,specific source,"no: wants a specific source, video or file",Google search suggestion
exponential function transformations examples,Graphing Functions,examples,yes,Google search suggestion
exponential function transformations formula,Graphing Functions,formula,yes,Google search suggestion
exponential function with transformations,Graphing Functions,topic,yes,Google search suggestion
function transformation form,Graphing Functions,topic,yes,Google search suggestion
function transformation rules,Graphing Functions,formula,yes,Google search suggestion
function transformation word problems,Graphing Functions,practice,yes,Google search suggestion
function transformations,Graphing Functions,topic,yes,Google search suggestion
function transformations algebra,Graphing Functions,topic,yes,Google search suggestion
function transformations algebra 1,Graphing Functions,topic,yes,Google search suggestion
function transformations algebra 2,Graphing Functions,topic,yes,Google search suggestion
function transformations cheat sheet,Graphing Functions,formula,yes,Google search suggestion
function transformations common mistakes,Graphing Functions,examples,yes,added: the page answers this
function transformations definition,Graphing Functions,definition,yes,Google search suggestion
function transformations equation,Graphing Functions,formula,yes,Google search suggestion
function transformations examples,Graphing Functions,examples,yes,Google search suggestion
function transformations explained,Graphing Functions,definition,yes,Google search suggestion
function transformations explained simply,Graphing Functions,definition,yes,added: the page answers this
function transformations for beginners,Graphing Functions,definition,yes,added: the page answers this
function transformations formula,Graphing Functions,formula,yes,Google search suggestion
function transformations on a graph,Graphing Functions,topic,yes,Google search suggestion
function transformations on a point,Graphing Functions,topic,yes,Google search suggestion
function transformations order,Graphing Functions,topic,yes,Google search suggestion
function transformations practice,Graphing Functions,practice,yes,Google search suggestion
function transformations practice problems,Graphing Functions,practice,yes,Google search suggestion
function transformations practice problems with answers,Graphing Functions,practice,yes,added: the page answers this
function transformations practice problems with hints,Graphing Functions,practice,yes,added: the page answers this
function transformations practice questions,Graphing Functions,practice,yes,Google search suggestion
function transformations problems,Graphing Functions,practice,yes,Google search suggestion
function transformations quiz,Graphing Functions,practice,yes,added: the page answers this
function transformations rules,Graphing Functions,formula,yes,Google search suggestion
function transformations step by step,Graphing Functions,examples,yes,added: the page answers this
function transformations summary,Graphing Functions,topic,yes,Google search suggestion
function transformations worked example,Graphing Functions,examples,yes,added: the page answers this
functions for transformations,Graphing Functions,topic,yes,Google search suggestion
functions with transformations,Graphing Functions,topic,yes,Google search suggestion
graphing absolute value functions explained,Graphing Functions,definition,yes,Google search suggestion
graphing absolute value functions formula,Graphing Functions,formula,yes,Google search suggestion
graphing equations examples,Graphing Functions,examples,yes,Google search suggestion
graphing equations explained,Graphing Functions,definition,yes,Google search suggestion
graphing equations practice problems,Graphing Functions,practice,yes,Google search suggestion
graphing equations with absolute value,Graphing Functions,formula,yes,Google search suggestion
graphing equations with slope intercept form,Graphing Functions,formula,yes,Google search suggestion
graphing for functions,Graphing Functions,topic,yes,Google search suggestion
graphing functions,Graphing Functions,topic,yes,Google search suggestion
graphing functions common mistakes,Graphing Functions,examples,yes,added: the page answers this
graphing functions definition,Graphing Functions,definition,yes,Google search suggestion
graphing functions equations,Graphing Functions,formula,yes,Google search suggestion
graphing functions examples,Graphing Functions,examples,yes,Google search suggestion
graphing functions explained,Graphing Functions,definition,yes,Google search suggestion
graphing functions explained simply,Graphing Functions,definition,yes,added: the page answers this
graphing functions for beginners,Graphing Functions,definition,yes,added: the page answers this
graphing functions formula,Graphing Functions,formula,yes,Google search suggestion
graphing functions practice,Graphing Functions,practice,yes,Google search suggestion
graphing functions practice problems,Graphing Functions,practice,yes,Google search suggestion
graphing functions practice problems with answers,Graphing Functions,practice,yes,added: the page answers this
graphing functions practice problems with hints,Graphing Functions,practice,yes,added: the page answers this
graphing functions problems,Graphing Functions,practice,yes,Google search suggestion
graphing functions questions,Graphing Functions,practice,yes,Google search suggestion
graphing functions quiz,Graphing Functions,practice,yes,added: the page answers this
graphing functions rules,Graphing Functions,formula,yes,Google search suggestion
graphing functions step by step,Graphing Functions,examples,yes,added: the page answers this
graphing functions with absolute value,Graphing Functions,topic,yes,Google search suggestion
graphing functions with transformations,Graphing Functions,topic,yes,Google search suggestion
graphing functions worked example,Graphing Functions,examples,yes,added: the page answers this
graphing linear functions examples,Graphing Functions,examples,yes,Google search suggestion
graphing logarithmic functions practice problems,Graphing Functions,practice,yes,Google search suggestion
graphing piecewise functions explained,Graphing Functions,definition,yes,Google search suggestion
graphing piecewise functions practice problems,Graphing Functions,practice,yes,Google search suggestion
graphing polynomial functions examples,Graphing Functions,examples,yes,Google search suggestion
graphing polynomial functions examples with answers,Graphing Functions,practice,yes,Google search suggestion
graphing polynomial functions explained,Graphing Functions,definition,yes,Google search suggestion
graphing polynomial functions formula,Graphing Functions,formula,yes,Google search suggestion
graphing polynomial functions practice problems,Graphing Functions,practice,yes,Google search suggestion
graphing polynomial functions problems,Graphing Functions,practice,yes,Google search suggestion
graphing quadratic functions examples,Graphing Functions,examples,yes,Google search suggestion
graphing quadratic functions explained,Graphing Functions,definition,yes,Google search suggestion
graphing quadratic functions formula,Graphing Functions,formula,yes,Google search suggestion
graphing quadratic functions practice problems,Graphing Functions,practice,yes,Google search suggestion
graphing quadratic functions problems,Graphing Functions,practice,yes,Google search suggestion
graphing radical functions formula,Graphing Functions,formula,yes,Google search suggestion
graphing rational functions examples,Graphing Functions,examples,yes,Google search suggestion
graphing rational functions examples with answers,Graphing Functions,practice,yes,Google search suggestion
graphing rational functions explained,Graphing Functions,definition,yes,Google search suggestion
graphing rational functions formula,Graphing Functions,formula,yes,Google search suggestion
graphing rational functions practice problems,Graphing Functions,practice,yes,Google search suggestion
graphing rational functions problems,Graphing Functions,practice,yes,Google search suggestion
graphing sine functions formula,Graphing Functions,formula,yes,Google search suggestion
graphing trig functions explained,Graphing Functions,definition,yes,Google search suggestion
graphing trig functions formula,Graphing Functions,formula,yes,Google search suggestion
graphing trig functions problems,Graphing Functions,practice,yes,Google search suggestion
graphing trigonometric functions practice problems,Graphing Functions,practice,yes,Google search suggestion
graphing with functions,Graphing Functions,topic,yes,Google search suggestion
how to describe function transformations,Graphing Functions,how to,yes,Google search suggestion
how to do function transformations,Graphing Functions,how to,yes,Google search suggestion
how to find function transformations,Graphing Functions,how to,yes,Google search suggestion
how to graph a function using transformations,Graphing Functions,how to,yes,Google search suggestion
how to graph exponential function transformations,Graphing Functions,how to,yes,Google search suggestion
how to graph function transformations,Graphing Functions,how to,yes,Google search suggestion
how to graph functions f x,Graphing Functions,how to,yes,Google search suggestion
how to graph functions in 3d,Graphing Functions,how to,yes,Google search suggestion
how to graph functions on ti 84 plus,Graphing Functions,how to,yes,Google search suggestion
how to graph functions quadratic,Graphing Functions,how to,yes,Google search suggestion
how to graph functions step by step,Graphing Functions,examples,yes,Google search suggestion
how to graph functions with absolute value,Graphing Functions,how to,yes,Google search suggestion
how to graph functions with transformations,Graphing Functions,how to,yes,Google search suggestion
how to graphing functions,Graphing Functions,how to,yes,Google search suggestion
how to identify function transformations,Graphing Functions,how to,yes,Google search suggestion
how to remember function transformations,Graphing Functions,how to,yes,Google search suggestion
how to work out transformations in maths,Graphing Functions,how to,yes,Google search suggestion
linear function transformations examples,Graphing Functions,examples,yes,Google search suggestion
log function with transformations,Graphing Functions,topic,yes,Google search suggestion
parent function transformations examples,Graphing Functions,examples,yes,Google search suggestion
parent function transformations formula,Graphing Functions,formula,yes,Google search suggestion
reciprocal function with transformations,Graphing Functions,topic,yes,Google search suggestion
sine function transformations formula,Graphing Functions,formula,yes,Google search suggestion
sine function with transformations,Graphing Functions,topic,yes,Google search suggestion
trig function transformations formula,Graphing Functions,formula,yes,Google search suggestion
trigonometric function transformation formula,Graphing Functions,formula,yes,Google search suggestion
what is function transformations,Graphing Functions,definition,yes,Google search suggestion
what is graphing absolute value functions,Graphing Functions,definition,yes,Google search suggestion
what is graphing equations,Graphing Functions,definition,yes,Google search suggestion
what is graphing functions,Graphing Functions,definition,yes,Google search suggestion
what is graphing linear functions,Graphing Functions,definition,yes,Google search suggestion
what is graphing piecewise functions,Graphing Functions,definition,yes,Google search suggestion
what is graphing polynomial functions,Graphing Functions,definition,yes,Google search suggestion
what is graphing quadratic functions,Graphing Functions,definition,yes,Google search suggestion
what is graphing rational functions,Graphing Functions,definition,yes,Google search suggestion
what is graphing trigonometric functions,Graphing Functions,definition,yes,Google search suggestion
what is the order of function transformations,Graphing Functions,definition,yes,Google search suggestion
function transformation worksheet with answers pdf,Graphing Functions,specific source,"no: wants a specific source, video or file",Google search suggestion
function transformations algebra 2 worksheet,Graphing Functions,specific source,"no: wants a specific source, video or file",Google search suggestion
function transformations in order,Graphing Functions,other subject,no: a different subject,Google search suggestion
function transformations khan academy,Graphing Functions,specific source,"no: wants a specific source, video or file",Google search suggestion
function transformations worksheet,Graphing Functions,specific source,"no: wants a specific source, video or file",Google search suggestion
function transformations worksheet pdf,Graphing Functions,specific source,"no: wants a specific source, video or file",Google search suggestion
function transformations worksheet with answers,Graphing Functions,specific source,"no: wants a specific source, video or file",Google search suggestion
graph for functions calculator,Graphing Functions,tool,no: wants a calculator or tool,Google search suggestion
graphing equations examples with answers pdf,Graphing Functions,specific source,"no: wants a specific source, video or file",Google search suggestion
graphing functions calculator,Graphing Functions,tool,no: wants a calculator or tool,Google search suggestion
graphing functions khan academy,Graphing Functions,specific source,"no: wants a specific source, video or file",Google search suggestion
graphing functions on desmos,Graphing Functions,tool,no: wants a calculator or tool,Google search suggestion
graphing functions pdf,Graphing Functions,specific source,"no: wants a specific source, video or file",Google search suggestion
graphing functions practice pdf,Graphing Functions,specific source,"no: wants a specific source, video or file",Google search suggestion
graphing functions practice worksheet,Graphing Functions,specific source,"no: wants a specific source, video or file",Google search suggestion
graphing functions worksheet,Graphing Functions,specific source,"no: wants a specific source, video or file",Google search suggestion
graphing functions worksheet with answers pdf,Graphing Functions,specific source,"no: wants a specific source, video or file",Google search suggestion
how to graph functions in excel,Graphing Functions,other subject,no: a different subject,Google search suggestion
how to graph functions on calculator,Graphing Functions,tool,no: wants a calculator or tool,Google search suggestion
transformation function for histogram equalization,Graphing Functions,other subject,no: a different subject,Google search suggestion
what is finance function transformation,Graphing Functions,other subject,no: a different subject,Google search suggestion
ap calculus limits explained,Limits Numerically & Graphically,definition,yes,Google search suggestion
basic calculus limits formula,Limits Numerically & Graphically,formula,yes,Google search suggestion
calculus limits formula sheet,Limits Numerically & Graphically,formula,yes,Google search suggestion
calculus limits practice problems,Limits Numerically & Graphically,practice,yes,Google search suggestion
calculus limits with infinity,Limits Numerically & Graphically,topic,yes,Google search suggestion
calculus limits with trig functions,Limits Numerically & Graphically,topic,yes,Google search suggestion
finding limits calculus practice problems,Limits Numerically & Graphically,practice,yes,Google search suggestion
how to calculate one sided limits,Limits Numerically & Graphically,how to,yes,Google search suggestion
how to check one sided limits,Limits Numerically & Graphically,how to,yes,Google search suggestion
how to compute one sided limits,Limits Numerically & Graphically,how to,yes,Google search suggestion
how to do one sided limits,Limits Numerically & Graphically,how to,yes,Google search suggestion
how to evaluate limits calculus,Limits Numerically & Graphically,how to,yes,Google search suggestion
how to evaluate limits calculus 1,Limits Numerically & Graphically,how to,yes,Google search suggestion
how to evaluate one sided limits,Limits Numerically & Graphically,how to,yes,Google search suggestion
how to find limits calculus,Limits Numerically & Graphically,how to,yes,Google search suggestion
how to find one sided limits,Limits Numerically & Graphically,how to,yes,Google search suggestion
how to find one sided limits algebraically,Limits Numerically & Graphically,how to,yes,Google search suggestion
how to find one sided limits without a graph,Limits Numerically & Graphically,how to,yes,Google search suggestion
how to graph limits calculus,Limits Numerically & Graphically,how to,yes,Google search suggestion
how to graph one sided limits,Limits Numerically & Graphically,how to,yes,Google search suggestion
how to limits calculus,Limits Numerically & Graphically,how to,yes,Google search suggestion
how to read limits calculus,Limits Numerically & Graphically,how to,yes,Google search suggestion
how to solve limits calculus,Limits Numerically & Graphically,how to,yes,Google search suggestion
how to solve limits calculus 1,Limits Numerically & Graphically,how to,yes,Google search suggestion
how to solve one sided limits,Limits Numerically & Graphically,how to,yes,Google search suggestion
how to understand limits calculus,Limits Numerically & Graphically,how to,yes,Google search suggestion
limits basic calculus examples,Limits Numerically & Graphically,examples,yes,Google search suggestion
limits basic calculus practice problems,Limits Numerically & Graphically,practice,yes,Google search suggestion
limits calc 1 practice problems,Limits Numerically & Graphically,practice,yes,Google search suggestion
limits calculus,Limits Numerically & Graphically,topic,yes,Google search suggestion
limits calculus 1,Limits Numerically & Graphically,topic,yes,Google search suggestion
limits calculus ab,Limits Numerically & Graphically,topic,yes,Google search suggestion
limits calculus common mistakes,Limits Numerically & Graphically,examples,yes,added: the page answers this
limits calculus equation,Limits Numerically & Graphically,formula,yes,Google search suggestion
limits calculus examples,Limits Numerically & Graphically,examples,yes,Google search suggestion
limits calculus examples and solutions,Limits Numerically & Graphically,examples,yes,Google search suggestion
limits calculus explained,Limits Numerically & Graphically,definition,yes,Google search suggestion
limits calculus explained simply,Limits Numerically & Graphically,definition,yes,added: the page answers this
limits calculus for beginners,Limits Numerically & Graphically,topic,yes,Google search suggestion
limits calculus for dummies,Limits Numerically & Graphically,definition,yes,Google search suggestion
limits calculus formula,Limits Numerically & Graphically,formula,yes,Google search suggestion
limits calculus graph examples,Limits Numerically & Graphically,examples,yes,Google search suggestion
limits calculus in real life,Limits Numerically & Graphically,topic,yes,Google search suggestion
limits calculus infinity problems,Limits Numerically & Graphically,practice,yes,Google search suggestion
limits calculus meaning,Limits Numerically & Graphically,definition,yes,Google search suggestion
limits calculus practice,Limits Numerically & Graphically,practice,yes,Google search suggestion
limits calculus practice problems,Limits Numerically & Graphically,practice,yes,Google search suggestion
limits calculus practice problems with answers,Limits Numerically & Graphically,practice,yes,added: the page answers this
limits calculus practice problems with hints,Limits Numerically & Graphically,practice,yes,added: the page answers this
limits calculus practice test,Limits Numerically & Graphically,practice,yes,Google search suggestion
limits calculus problems,Limits Numerically & Graphically,practice,yes,Google search suggestion
limits calculus problems with solutions,Limits Numerically & Graphically,practice,yes,Google search suggestion
limits calculus questions,Limits Numerically & Graphically,practice,yes,Google search suggestion
limits calculus questions and answers,Limits Numerically & Graphically,practice,yes,Google search suggestion
limits calculus quiz,Limits Numerically & Graphically,practice,yes,added: the page answers this
limits calculus review,Limits Numerically & Graphically,topic,yes,Google search suggestion
limits calculus sample problems,Limits Numerically & Graphically,practice,yes,Google search suggestion
limits calculus simplified,Limits Numerically & Graphically,topic,yes,Google search suggestion
limits calculus step by step,Limits Numerically & Graphically,examples,yes,added: the page answers this
limits calculus summary,Limits Numerically & Graphically,topic,yes,Google search suggestion
limits calculus with graph,Limits Numerically & Graphically,topic,yes,Google search suggestion
limits calculus worked example,Limits Numerically & Graphically,examples,yes,added: the page answers this
limits differential calculus examples,Limits Numerically & Graphically,examples,yes,Google search suggestion
limits for calculus,Limits Numerically & Graphically,topic,yes,Google search suggestion
limits in calculus,Limits Numerically & Graphically,topic,yes,Google search suggestion
one sided limit problems,Limits Numerically & Graphically,practice,yes,Google search suggestion
one sided limits,Limits Numerically & Graphically,topic,yes,Google search suggestion
one sided limits and continuity,Limits Numerically & Graphically,topic,yes,Google search suggestion
one sided limits calculus,Limits Numerically & Graphically,topic,yes,Google search suggestion
one sided limits common mistakes,Limits Numerically & Graphically,examples,yes,added: the page answers this
one sided limits definition,Limits Numerically & Graphically,definition,yes,Google search suggestion
one sided limits examples,Limits Numerically & Graphically,examples,yes,Google search suggestion
one sided limits examples and solutions,Limits Numerically & Graphically,examples,yes,Google search suggestion
one sided limits explained,Limits Numerically & Graphically,definition,yes,Google search suggestion
one sided limits explained simply,Limits Numerically & Graphically,definition,yes,added: the page answers this
one sided limits for beginners,Limits Numerically & Graphically,definition,yes,added: the page answers this
one sided limits formula,Limits Numerically & Graphically,formula,yes,Google search suggestion
one sided limits from equations,Limits Numerically & Graphically,formula,yes,Google search suggestion
one sided limits from graphs,Limits Numerically & Graphically,topic,yes,Google search suggestion
one sided limits graph examples,Limits Numerically & Graphically,examples,yes,Google search suggestion
one sided limits how to solve,Limits Numerically & Graphically,how to,yes,Google search suggestion
one sided limits in calculus,Limits Numerically & Graphically,topic,yes,Google search suggestion
one sided limits of a function,Limits Numerically & Graphically,topic,yes,Google search suggestion
one sided limits of composite functions,Limits Numerically & Graphically,topic,yes,Google search suggestion
one sided limits of piecewise functions,Limits Numerically & Graphically,topic,yes,Google search suggestion
one sided limits of rational functions,Limits Numerically & Graphically,topic,yes,Google search suggestion
one sided limits of trig functions,Limits Numerically & Graphically,topic,yes,Google search suggestion
one sided limits on a graph,Limits Numerically & Graphically,topic,yes,Google search suggestion
one sided limits piecewise functions,Limits Numerically & Graphically,topic,yes,Google search suggestion
one sided limits practice,Limits Numerically & Graphically,practice,yes,Google search suggestion
one sided limits practice problems,Limits Numerically & Graphically,practice,yes,Google search suggestion
one sided limits practice problems with answers,Limits Numerically & Graphically,practice,yes,Google search suggestion
one sided limits practice problems with hints,Limits Numerically & Graphically,practice,yes,added: the page answers this
one sided limits problems,Limits Numerically & Graphically,practice,yes,Google search suggestion
one sided limits questions,Limits Numerically & Graphically,practice,yes,Google search suggestion
one sided limits quiz,Limits Numerically & Graphically,practice,yes,added: the page answers this
one sided limits step by step,Limits Numerically & Graphically,examples,yes,added: the page answers this
one sided limits with absolute values,Limits Numerically & Graphically,topic,yes,Google search suggestion
one sided limits without graph,Limits Numerically & Graphically,topic,yes,Google search suggestion
one sided limits worked example,Limits Numerically & Graphically,examples,yes,added: the page answers this
one sided vs two sided limits,Limits Numerically & Graphically,topic,yes,Google search suggestion
pre calculus limits explained,Limits Numerically & Graphically,definition,yes,Google search suggestion
trig limits calculus practice problems,Limits Numerically & Graphically,practice,yes,Google search suggestion
what are one sided limits in calculus,Limits Numerically & Graphically,definition,yes,Google search suggestion
what does one sided limits mean,Limits Numerically & Graphically,definition,yes,Google search suggestion
what is a one sided limit,Limits Numerically & Graphically,definition,yes,Google search suggestion
what is limits basic calculus,Limits Numerically & Graphically,definition,yes,Google search suggestion
what is limits calculus,Limits Numerically & Graphically,definition,yes,Google search suggestion
what is limits in calculus 1,Limits Numerically & Graphically,definition,yes,Google search suggestion
what is limits in calculus with examples,Limits Numerically & Graphically,examples,yes,Google search suggestion
what is limits in differential calculus,Limits Numerically & Graphically,definition,yes,Google search suggestion
what is one sided and two sided limits,Limits Numerically & Graphically,definition,yes,Google search suggestion
what is one sided limits,Limits Numerically & Graphically,definition,yes,Google search suggestion
what is the significance of one sided limits,Limits Numerically & Graphically,definition,yes,Google search suggestion
when do one sided limits exist,Limits Numerically & Graphically,how to,yes,Google search suggestion
when do one sided limits not exist,Limits Numerically & Graphically,how to,yes,Google search suggestion
when to use one sided limits,Limits Numerically & Graphically,how to,yes,Google search suggestion
calculus limits explained pdf,Limits Numerically & Graphically,specific source,"no: wants a specific source, video or file",Google search suggestion
calculus limits practice problems pdf,Limits Numerically & Graphically,specific source,"no: wants a specific source, video or file",Google search suggestion
calculus limits problems and solutions pdf,Limits Numerically & Graphically,specific source,"no: wants a specific source, video or file",Google search suggestion
limits calculus calculator,Limits Numerically & Graphically,tool,no: wants a calculator or tool,Google search suggestion
limits calculus calculator with steps,Limits Numerically & Graphically,tool,no: wants a calculator or tool,Google search suggestion
limits calculus examples and solutions pdf,Limits Numerically & Graphically,specific source,"no: wants a specific source, video or file",Google search suggestion
limits calculus in arabic,Limits Numerically & Graphically,other language,no: wants it in another language,Google search suggestion
limits calculus problems pdf,Limits Numerically & Graphically,specific source,"no: wants a specific source, video or file",Google search suggestion
limits calculus worksheet,Limits Numerically & Graphically,specific source,"no: wants a specific source, video or file",Google search suggestion
limits calculus worksheet with answers,Limits Numerically & Graphically,specific source,"no: wants a specific source, video or file",Google search suggestion
one sided limits examples pdf,Limits Numerically & Graphically,specific source,"no: wants a specific source, video or file",Google search suggestion
one sided limits in latex,Limits Numerically & Graphically,other subject,no: a different subject,Google search suggestion
one sided limits practice worksheet,Limits Numerically & Graphically,specific source,"no: wants a specific source, video or file",Google search suggestion
one sided limits worksheet,Limits Numerically & Graphically,specific source,"no: wants a specific source, video or file",Google search suggestion
ap calculus ab squeeze theorem practice problems,Evaluating Limits Algebraically,practice,yes,Google search suggestion
evaluating limits,Evaluating Limits Algebraically,topic,yes,Google search suggestion
evaluating limits algebraically,Evaluating Limits Algebraically,topic,yes,Google search suggestion
evaluating limits analytically,Evaluating Limits Algebraically,topic,yes,Google search suggestion
evaluating limits calculus,Evaluating Limits Algebraically,topic,yes,Google search suggestion
evaluating limits common mistakes,Evaluating Limits Algebraically,examples,yes,added: the page answers this
evaluating limits definition of derivative,Evaluating Limits Algebraically,definition,yes,Google search suggestion
evaluating limits examples,Evaluating Limits Algebraically,examples,yes,Google search suggestion
evaluating limits examples with solutions,Evaluating Limits Algebraically,practice,yes,Google search suggestion
evaluating limits explained simply,Evaluating Limits Algebraically,definition,yes,added: the page answers this
evaluating limits for beginners,Evaluating Limits Algebraically,definition,yes,added: the page answers this
evaluating limits formula,Evaluating Limits Algebraically,formula,yes,Google search suggestion
evaluating limits from a graph,Evaluating Limits Algebraically,topic,yes,Google search suggestion
evaluating limits graphically,Evaluating Limits Algebraically,topic,yes,Google search suggestion
evaluating limits meaning,Evaluating Limits Algebraically,definition,yes,Google search suggestion
evaluating limits of a function,Evaluating Limits Algebraically,topic,yes,Google search suggestion
evaluating limits of rational functions,Evaluating Limits Algebraically,topic,yes,Google search suggestion
evaluating limits of trig functions,Evaluating Limits Algebraically,topic,yes,Google search suggestion
evaluating limits on a graph,Evaluating Limits Algebraically,topic,yes,Google search suggestion
evaluating limits practice,Evaluating Limits Algebraically,practice,yes,Google search suggestion
evaluating limits practice problems,Evaluating Limits Algebraically,practice,yes,Google search suggestion
evaluating limits practice problems with answers,Evaluating Limits Algebraically,practice,yes,added: the page answers this
evaluating limits practice problems with hints,Evaluating Limits Algebraically,practice,yes,added: the page answers this
evaluating limits problems,Evaluating Limits Algebraically,practice,yes,Google search suggestion
evaluating limits questions,Evaluating Limits Algebraically,practice,yes,Google search suggestion
evaluating limits questions and answers,Evaluating Limits Algebraically,practice,yes,Google search suggestion
evaluating limits quiz,Evaluating Limits Algebraically,practice,yes,added: the page answers this
evaluating limits sample problems,Evaluating Limits Algebraically,practice,yes,Google search suggestion
evaluating limits step by step,Evaluating Limits Algebraically,examples,yes,added: the page answers this
evaluating limits to infinity,Evaluating Limits Algebraically,topic,yes,Google search suggestion
evaluating limits with absolute values,Evaluating Limits Algebraically,topic,yes,Google search suggestion
evaluating limits with complex fractions,Evaluating Limits Algebraically,topic,yes,Google search suggestion
evaluating limits with e,Evaluating Limits Algebraically,topic,yes,Google search suggestion
evaluating limits with fractions,Evaluating Limits Algebraically,topic,yes,Google search suggestion
evaluating limits with infinity,Evaluating Limits Algebraically,topic,yes,Google search suggestion
evaluating limits with radicals,Evaluating Limits Algebraically,topic,yes,Google search suggestion
evaluating limits with sin and cos,Evaluating Limits Algebraically,topic,yes,Google search suggestion
evaluating limits with square roots,Evaluating Limits Algebraically,topic,yes,Google search suggestion
evaluating limits with trig functions,Evaluating Limits Algebraically,topic,yes,Google search suggestion
evaluating limits without l hopital's rule,Evaluating Limits Algebraically,formula,yes,Google search suggestion
evaluating limits worked example,Evaluating Limits Algebraically,examples,yes,added: the page answers this
finding limits examples,Evaluating Limits Algebraically,examples,yes,Google search suggestion
finding limits explained,Evaluating Limits Algebraically,definition,yes,Google search suggestion
finding limits for piecewise functions,Evaluating Limits Algebraically,topic,yes,Google search suggestion
finding limits for trig functions,Evaluating Limits Algebraically,topic,yes,Google search suggestion
finding limits formula,Evaluating Limits Algebraically,formula,yes,Google search suggestion
finding limits graphically practice problems,Evaluating Limits Algebraically,practice,yes,Google search suggestion
finding limits practice problems,Evaluating Limits Algebraically,practice,yes,Google search suggestion
finding limits problems,Evaluating Limits Algebraically,practice,yes,Google search suggestion
how to apply squeeze theorem,Evaluating Limits Algebraically,how to,yes,Google search suggestion
how to do squeeze theorem,Evaluating Limits Algebraically,how to,yes,Google search suggestion
how to evaluate limits,Evaluating Limits Algebraically,how to,yes,Google search suggestion
how to evaluate limits algebraically,Evaluating Limits Algebraically,how to,yes,Google search suggestion
how to evaluate limits approaching infinity,Evaluating Limits Algebraically,how to,yes,Google search suggestion
how to evaluate limits as x approaches infinity,Evaluating Limits Algebraically,how to,yes,Google search suggestion
how to evaluate limits from a graph,Evaluating Limits Algebraically,how to,yes,Google search suggestion
how to evaluate limits from the left and right,Evaluating Limits Algebraically,how to,yes,Google search suggestion
how to evaluate limits graphically,Evaluating Limits Algebraically,how to,yes,Google search suggestion
how to evaluate limits in calculus,Evaluating Limits Algebraically,how to,yes,Google search suggestion
how to evaluate limits with absolute values,Evaluating Limits Algebraically,how to,yes,Google search suggestion
how to know when to use squeeze theorem,Evaluating Limits Algebraically,how to,yes,Google search suggestion
how to prove squeeze theorem,Evaluating Limits Algebraically,proof,yes,Google search suggestion
how to solve squeeze theorem,Evaluating Limits Algebraically,how to,yes,Google search suggestion
how to solve squeeze theorem problems,Evaluating Limits Algebraically,practice,yes,Google search suggestion
how to squeeze theorem,Evaluating Limits Algebraically,how to,yes,Google search suggestion
how to use squeeze theorem,Evaluating Limits Algebraically,how to,yes,Google search suggestion
how to use squeeze theorem for limits,Evaluating Limits Algebraically,how to,yes,Google search suggestion
how to use squeeze theorem for sequences,Evaluating Limits Algebraically,how to,yes,Google search suggestion
how to use squeeze theorem multivariable,Evaluating Limits Algebraically,how to,yes,Google search suggestion
rules for evaluating limits,Evaluating Limits Algebraically,formula,yes,Google search suggestion
sandwich theorem examples,Evaluating Limits Algebraically,examples,yes,Google search suggestion
sandwich theorem examples with answers,Evaluating Limits Algebraically,practice,yes,Google search suggestion
sandwich theorem explained,Evaluating Limits Algebraically,definition,yes,Google search suggestion
sandwich theorem formula,Evaluating Limits Algebraically,formula,yes,Google search suggestion
sandwich theorem practice problems,Evaluating Limits Algebraically,practice,yes,Google search suggestion
sandwich theorem problems,Evaluating Limits Algebraically,practice,yes,Google search suggestion
squeeze theorem,Evaluating Limits Algebraically,topic,yes,Google search suggestion
squeeze theorem analysis,Evaluating Limits Algebraically,topic,yes,Google search suggestion
squeeze theorem calculus,Evaluating Limits Algebraically,topic,yes,Google search suggestion
squeeze theorem calculus formula,Evaluating Limits Algebraically,formula,yes,Google search suggestion
squeeze theorem calculus practice problems,Evaluating Limits Algebraically,practice,yes,Google search suggestion
squeeze theorem common mistakes,Evaluating Limits Algebraically,examples,yes,added: the page answers this
squeeze theorem definition,Evaluating Limits Algebraically,definition,yes,Google search suggestion
squeeze theorem example,Evaluating Limits Algebraically,examples,yes,Google search suggestion
squeeze theorem example problems,Evaluating Limits Algebraically,practice,yes,Google search suggestion
squeeze theorem examples,Evaluating Limits Algebraically,examples,yes,Google search suggestion
squeeze theorem examples calc 1,Evaluating Limits Algebraically,examples,yes,Google search suggestion
squeeze theorem examples calculus,Evaluating Limits Algebraically,examples,yes,Google search suggestion
squeeze theorem examples with solutions,Evaluating Limits Algebraically,practice,yes,Google search suggestion
squeeze theorem examples without trig,Evaluating Limits Algebraically,examples,yes,Google search suggestion
squeeze theorem explained,Evaluating Limits Algebraically,definition,yes,Google search suggestion
squeeze theorem explained for dummies,Evaluating Limits Algebraically,definition,yes,Google search suggestion
squeeze theorem explained simply,Evaluating Limits Algebraically,definition,yes,added: the page answers this
squeeze theorem for beginners,Evaluating Limits Algebraically,definition,yes,added: the page answers this
squeeze theorem for cos,Evaluating Limits Algebraically,topic,yes,Google search suggestion
squeeze theorem for cos x,Evaluating Limits Algebraically,topic,yes,Google search suggestion
squeeze theorem for dummies,Evaluating Limits Algebraically,definition,yes,Google search suggestion
squeeze theorem for limits,Evaluating Limits Algebraically,topic,yes,Google search suggestion
squeeze theorem for multivariable limits,Evaluating Limits Algebraically,topic,yes,Google search suggestion
squeeze theorem for sequences,Evaluating Limits Algebraically,topic,yes,Google search suggestion
squeeze theorem for sin,Evaluating Limits Algebraically,topic,yes,Google search suggestion
squeeze theorem for sinx/x,Evaluating Limits Algebraically,topic,yes,Google search suggestion
squeeze theorem formal definition,Evaluating Limits Algebraically,definition,yes,Google search suggestion
squeeze theorem formula,Evaluating Limits Algebraically,formula,yes,Google search suggestion
squeeze theorem practice,Evaluating Limits Algebraically,practice,yes,Google search suggestion
squeeze theorem practice problems,Evaluating Limits Algebraically,practice,yes,Google search suggestion
squeeze theorem practice problems with answers,Evaluating Limits Algebraically,practice,yes,added: the page answers this
squeeze theorem practice problems with hints,Evaluating Limits Algebraically,practice,yes,added: the page answers this
squeeze theorem practice problems with solutions,Evaluating Limits Algebraically,practice,yes,Google search suggestion
squeeze theorem problems,Evaluating Limits Algebraically,practice,yes,Google search suggestion
squeeze theorem problems and solutions,Evaluating Limits Algebraically,practice,yes,Google search suggestion
squeeze theorem proof,Evaluating Limits Algebraically,proof,yes,Google search suggestion
squeeze theorem proof of sinx x,Evaluating Limits Algebraically,proof,yes,Google search suggestion
squeeze theorem questions,Evaluating Limits Algebraically,practice,yes,Google search suggestion
squeeze theorem quiz,Evaluating Limits Algebraically,practice,yes,added: the page answers this
squeeze theorem sample problems,Evaluating Limits Algebraically,practice,yes,Google search suggestion
squeeze theorem simplified,Evaluating Limits Algebraically,topic,yes,Google search suggestion
squeeze theorem sinx/x,Evaluating Limits Algebraically,topic,yes,Google search suggestion
squeeze theorem step by step,Evaluating Limits Algebraically,examples,yes,added: the page answers this
squeeze theorem with absolute value,Evaluating Limits Algebraically,topic,yes,Google search suggestion
squeeze theorem with cos,Evaluating Limits Algebraically,topic,yes,Google search suggestion
squeeze theorem with e,Evaluating Limits Algebraically,topic,yes,Google search suggestion
squeeze theorem with infinite limits,Evaluating Limits Algebraically,topic,yes,Google search suggestion
squeeze theorem with limits,Evaluating Limits Algebraically,topic,yes,Google search suggestion
squeeze theorem with sequences,Evaluating Limits Algebraically,topic,yes,Google search suggestion
squeeze theorem with sin,Evaluating Limits Algebraically,topic,yes,Google search suggestion
squeeze theorem with sin and cos,Evaluating Limits Algebraically,topic,yes,Google search suggestion
squeeze theorem with trig,Evaluating Limits Algebraically,topic,yes,Google search suggestion
squeeze theorem with trig functions,Evaluating Limits Algebraically,topic,yes,Google search suggestion
squeeze theorem worked example,Evaluating Limits Algebraically,examples,yes,added: the page answers this
what does evaluating limits mean,Evaluating Limits Algebraically,definition,yes,Google search suggestion
what is evaluating limits,Evaluating Limits Algebraically,definition,yes,Google search suggestion
what is sandwich theorem,Evaluating Limits Algebraically,definition,yes,Google search suggestion
what is sandwich theorem in calculus,Evaluating Limits Algebraically,definition,yes,Google search suggestion
what is sandwich theorem in limits,Evaluating Limits Algebraically,definition,yes,Google search suggestion
what is sandwich theorem in maths,Evaluating Limits Algebraically,definition,yes,Google search suggestion
what is squeeze theorem,Evaluating Limits Algebraically,definition,yes,Google search suggestion
what is squeeze theorem calc,Evaluating Limits Algebraically,definition,yes,Google search suggestion
what is squeeze theorem in calculus,Evaluating Limits Algebraically,definition,yes,Google search suggestion
what is squeeze theorem in limits,Evaluating Limits Algebraically,definition,yes,Google search suggestion
what is squeeze theorem math,Evaluating Limits Algebraically,definition,yes,Google search suggestion
what is squeeze theorem used for,Evaluating Limits Algebraically,definition,yes,Google search suggestion
when to use sandwich theorem,Evaluating Limits Algebraically,how to,yes,Google search suggestion
when to use squeeze theorem,Evaluating Limits Algebraically,how to,yes,Google search suggestion
when to use squeeze theorem for limits,Evaluating Limits Algebraically,how to,yes,Google search suggestion
when to use squeeze theorem for sequences,Evaluating Limits Algebraically,how to,yes,Google search suggestion
evaluating limits practice pdf,Evaluating Limits Algebraically,specific source,"no: wants a specific source, video or file",Google search suggestion
evaluating limits worksheet,Evaluating Limits Algebraically,specific source,"no: wants a specific source, video or file",Google search suggestion
evaluating limits worksheet with answers,Evaluating Limits Algebraically,specific source,"no: wants a specific source, video or file",Google search suggestion
sandwich theorem examples pdf,Evaluating Limits Algebraically,specific source,"no: wants a specific source, video or file",Google search suggestion
squeeze theorem examples pdf,Evaluating Limits Algebraically,specific source,"no: wants a specific source, video or file",Google search suggestion
squeeze theorem examples with solutions pdf,Evaluating Limits Algebraically,specific source,"no: wants a specific source, video or file",Google search suggestion
squeeze theorem practice problems pdf,Evaluating Limits Algebraically,specific source,"no: wants a specific source, video or file",Google search suggestion
squeeze theorem practice problems with solutions pdf,Evaluating Limits Algebraically,specific source,"no: wants a specific source, video or file",Google search suggestion
squeeze theorem problems and solutions pdf,Evaluating Limits Algebraically,specific source,"no: wants a specific source, video or file",Google search suggestion
squeeze theorem problems pdf,Evaluating Limits Algebraically,specific source,"no: wants a specific source, video or file",Google search suggestion
squeeze theorem questions and answers pdf,Evaluating Limits Algebraically,specific source,"no: wants a specific source, video or file",Google search suggestion
1 infinity limits formula,Limits at Infinity & Infinite Limits,formula,yes,Google search suggestion
can a limit be infinite,Limits at Infinity & Infinite Limits,topic,yes,Google search suggestion
determine the infinite limit,Limits at Infinity & Infinite Limits,topic,yes,Google search suggestion
evaluating limits at infinity,Limits at Infinity & Infinite Limits,topic,yes,Google search suggestion
evaluating limits at infinity with square roots,Limits at Infinity & Infinite Limits,topic,yes,Google search suggestion
how to calculate infinite limits,Limits at Infinity & Infinite Limits,how to,yes,Google search suggestion
how to calculate limits at infinity,Limits at Infinity & Infinite Limits,how to,yes,Google search suggestion
how to determine infinite limits,Limits at Infinity & Infinite Limits,how to,yes,Google search suggestion
how to determine infinite limits without a graph,Limits at Infinity & Infinite Limits,how to,yes,Google search suggestion
how to determine limits at infinity,Limits at Infinity & Infinite Limits,how to,yes,Google search suggestion
how to do infinite limits,Limits at Infinity & Infinite Limits,how to,yes,Google search suggestion
how to do limits at infinity,Limits at Infinity & Infinite Limits,how to,yes,Google search suggestion
how to do limits to infinity,Limits at Infinity & Infinite Limits,how to,yes,Google search suggestion
how to evaluate infinite limits,Limits at Infinity & Infinite Limits,how to,yes,Google search suggestion
how to evaluate limits at infinity,Limits at Infinity & Infinite Limits,how to,yes,Google search suggestion
how to find infinite limits,Limits at Infinity & Infinite Limits,how to,yes,Google search suggestion
how to find infinite limits of trig functions,Limits at Infinity & Infinite Limits,how to,yes,Google search suggestion
how to find limits at infinity,Limits at Infinity & Infinite Limits,how to,yes,Google search suggestion
how to find limits at infinity algebraically,Limits at Infinity & Infinite Limits,how to,yes,Google search suggestion
how to find limits at infinity of polynomials,Limits at Infinity & Infinite Limits,how to,yes,Google search suggestion
how to find limits at infinity of rational functions,Limits at Infinity & Infinite Limits,how to,yes,Google search suggestion
how to graph infinite limits,Limits at Infinity & Infinite Limits,how to,yes,Google search suggestion
how to solve infinite limits,Limits at Infinity & Infinite Limits,how to,yes,Google search suggestion
how to solve infinity limits,Limits at Infinity & Infinite Limits,how to,yes,Google search suggestion
how to solve limits at infinity,Limits at Infinity & Infinite Limits,how to,yes,Google search suggestion
how to solve limits at infinity with square roots,Limits at Infinity & Infinite Limits,how to,yes,Google search suggestion
infinite in limits,Limits at Infinity & Infinite Limits,topic,yes,Google search suggestion
infinite limit problems,Limits at Infinity & Infinite Limits,practice,yes,Google search suggestion
infinite limits,Limits at Infinity & Infinite Limits,topic,yes,Google search suggestion
infinite limits and limits at infinity,Limits at Infinity & Infinite Limits,topic,yes,Google search suggestion
infinite limits and limits at infinity examples,Limits at Infinity & Infinite Limits,examples,yes,Google search suggestion
infinite limits and limits at infinity practice problems,Limits at Infinity & Infinite Limits,practice,yes,Google search suggestion
infinite limits and vertical asymptotes,Limits at Infinity & Infinite Limits,topic,yes,Google search suggestion
infinite limits calculus,Limits at Infinity & Infinite Limits,topic,yes,Google search suggestion
infinite limits common mistakes,Limits at Infinity & Infinite Limits,examples,yes,added: the page answers this
infinite limits definition,Limits at Infinity & Infinite Limits,definition,yes,Google search suggestion
infinite limits definition in math,Limits at Infinity & Infinite Limits,definition,yes,Google search suggestion
infinite limits examples,Limits at Infinity & Infinite Limits,examples,yes,Google search suggestion
infinite limits examples and solutions,Limits at Infinity & Infinite Limits,examples,yes,Google search suggestion
infinite limits explained,Limits at Infinity & Infinite Limits,definition,yes,Google search suggestion
infinite limits explained simply,Limits at Infinity & Infinite Limits,definition,yes,added: the page answers this
infinite limits for beginners,Limits at Infinity & Infinite Limits,definition,yes,added: the page answers this
infinite limits formula,Limits at Infinity & Infinite Limits,formula,yes,Google search suggestion
infinite limits from positive integers,Limits at Infinity & Infinite Limits,topic,yes,Google search suggestion
infinite limits in calculus,Limits at Infinity & Infinite Limits,topic,yes,Google search suggestion
infinite limits of integration,Limits at Infinity & Infinite Limits,topic,yes,Google search suggestion
infinite limits of rational functions,Limits at Infinity & Infinite Limits,topic,yes,Google search suggestion
infinite limits of trig functions,Limits at Infinity & Infinite Limits,topic,yes,Google search suggestion
infinite limits on a graph,Limits at Infinity & Infinite Limits,topic,yes,Google search suggestion
infinite limits practice,Limits at Infinity & Infinite Limits,practice,yes,Google search suggestion
infinite limits practice problems,Limits at Infinity & Infinite Limits,practice,yes,Google search suggestion
infinite limits practice problems with answers,Limits at Infinity & Infinite Limits,practice,yes,added: the page answers this
infinite limits practice problems with hints,Limits at Infinity & Infinite Limits,practice,yes,added: the page answers this
infinite limits problems,Limits at Infinity & Infinite Limits,practice,yes,Google search suggestion
infinite limits questions,Limits at Infinity & Infinite Limits,practice,yes,Google search suggestion
infinite limits quiz,Limits at Infinity & Infinite Limits,practice,yes,added: the page answers this
infinite limits rules,Limits at Infinity & Infinite Limits,formula,yes,Google search suggestion
infinite limits sample problems,Limits at Infinity & Infinite Limits,practice,yes,Google search suggestion
infinite limits step by step,Limits at Infinity & Infinite Limits,examples,yes,added: the page answers this
infinite limits theorem,Limits at Infinity & Infinite Limits,topic,yes,Google search suggestion
infinite limits with square roots,Limits at Infinity & Infinite Limits,topic,yes,Google search suggestion
infinite limits with trig functions,Limits at Infinity & Infinite Limits,topic,yes,Google search suggestion
infinite limits worked example,Limits at Infinity & Infinite Limits,examples,yes,added: the page answers this
infinity limits examples,Limits at Infinity & Infinite Limits,examples,yes,Google search suggestion
infinity limits with square roots,Limits at Infinity & Infinite Limits,topic,yes,Google search suggestion
infinity with limits,Limits at Infinity & Infinite Limits,topic,yes,Google search suggestion
limit at infinity formal definition,Limits at Infinity & Infinite Limits,definition,yes,Google search suggestion
limits at infinity,Limits at Infinity & Infinite Limits,topic,yes,Google search suggestion
limits at infinity and asymptotes,Limits at Infinity & Infinite Limits,topic,yes,Google search suggestion
limits at infinity and horizontal asymptotes,Limits at Infinity & Infinite Limits,topic,yes,Google search suggestion
limits at infinity and infinite limits,Limits at Infinity & Infinite Limits,topic,yes,Google search suggestion
limits at infinity common mistakes,Limits at Infinity & Infinite Limits,examples,yes,added: the page answers this
limits at infinity definition,Limits at Infinity & Infinite Limits,definition,yes,Google search suggestion
limits at infinity example problems,Limits at Infinity & Infinite Limits,practice,yes,Google search suggestion
limits at infinity examples,Limits at Infinity & Infinite Limits,examples,yes,Google search suggestion
limits at infinity examples and solutions,Limits at Infinity & Infinite Limits,examples,yes,Google search suggestion
limits at infinity explained,Limits at Infinity & Infinite Limits,definition,yes,Google search suggestion
limits at infinity explained simply,Limits at Infinity & Infinite Limits,definition,yes,added: the page answers this
limits at infinity for beginners,Limits at Infinity & Infinite Limits,definition,yes,added: the page answers this
limits at infinity for polynomials,Limits at Infinity & Infinite Limits,topic,yes,Google search suggestion
limits at infinity for rational functions,Limits at Infinity & Infinite Limits,topic,yes,Google search suggestion
limits at infinity for trig functions,Limits at Infinity & Infinite Limits,topic,yes,Google search suggestion
limits at infinity formula,Limits at Infinity & Infinite Limits,formula,yes,Google search suggestion
limits at infinity meaning,Limits at Infinity & Infinite Limits,definition,yes,Google search suggestion
limits at infinity of a rational function theorem,Limits at Infinity & Infinite Limits,topic,yes,Google search suggestion
limits at infinity of quotients,Limits at Infinity & Infinite Limits,topic,yes,Google search suggestion
limits at infinity of quotients with square roots,Limits at Infinity & Infinite Limits,topic,yes,Google search suggestion
limits at infinity practice,Limits at Infinity & Infinite Limits,practice,yes,Google search suggestion
limits at infinity practice problems,Limits at Infinity & Infinite Limits,practice,yes,Google search suggestion
limits at infinity practice problems with answers,Limits at Infinity & Infinite Limits,practice,yes,added: the page answers this
limits at infinity practice problems with hints,Limits at Infinity & Infinite Limits,practice,yes,added: the page answers this
limits at infinity practice problems with solutions,Limits at Infinity & Infinite Limits,practice,yes,Google search suggestion
limits at infinity problems,Limits at Infinity & Infinite Limits,practice,yes,Google search suggestion
limits at infinity problems and solutions,Limits at Infinity & Infinite Limits,practice,yes,Google search suggestion
limits at infinity questions,Limits at Infinity & Infinite Limits,practice,yes,Google search suggestion
limits at infinity quiz,Limits at Infinity & Infinite Limits,practice,yes,added: the page answers this
limits at infinity rules,Limits at Infinity & Infinite Limits,formula,yes,Google search suggestion
limits at infinity sample problems,Limits at Infinity & Infinite Limits,practice,yes,Google search suggestion
limits at infinity step by step,Limits at Infinity & Infinite Limits,examples,yes,added: the page answers this
limits at infinity vs infinite limits,Limits at Infinity & Infinite Limits,topic,yes,Google search suggestion
limits at infinity with e,Limits at Infinity & Infinite Limits,topic,yes,Google search suggestion
limits at infinity with radicals,Limits at Infinity & Infinite Limits,topic,yes,Google search suggestion
limits at infinity with square roots,Limits at Infinity & Infinite Limits,topic,yes,Google search suggestion
limits at infinity with trig functions,Limits at Infinity & Infinite Limits,topic,yes,Google search suggestion
limits at infinity worked example,Limits at Infinity & Infinite Limits,examples,yes,added: the page answers this
limits at negative infinity with square roots,Limits at Infinity & Infinite Limits,topic,yes,Google search suggestion
limits infinity practice problems,Limits at Infinity & Infinite Limits,practice,yes,Google search suggestion
limits involving infinity examples,Limits at Infinity & Infinite Limits,examples,yes,Google search suggestion
one sided limits at infinity,Limits at Infinity & Infinite Limits,topic,yes,Google search suggestion
what is infinite limits,Limits at Infinity & Infinite Limits,definition,yes,Google search suggestion
what is infinite limits in calculus,Limits at Infinity & Infinite Limits,definition,yes,Google search suggestion
what is limit approaches infinity,Limits at Infinity & Infinite Limits,definition,yes,Google search suggestion
what is limits at infinity,Limits at Infinity & Infinite Limits,definition,yes,Google search suggestion
what is the definition of limits at infinity,Limits at Infinity & Infinite Limits,definition,yes,Google search suggestion
what makes a limit infinite,Limits at Infinity & Infinite Limits,topic,yes,Google search suggestion
infinite limits examples and solutions pdf,Limits at Infinity & Infinite Limits,specific source,"no: wants a specific source, video or file",Google search suggestion
infinite limits problems and solutions pdf,Limits at Infinity & Infinite Limits,specific source,"no: wants a specific source, video or file",Google search suggestion
infinite limits worksheet,Limits at Infinity & Infinite Limits,specific source,"no: wants a specific source, video or file",Google search suggestion
infinite limits worksheet with answers,Limits at Infinity & Infinite Limits,specific source,"no: wants a specific source, video or file",Google search suggestion
infinite limits worksheet with answers pdf,Limits at Infinity & Infinite Limits,specific source,"no: wants a specific source, video or file",Google search suggestion
limits at infinity examples and solutions pdf,Limits at Infinity & Infinite Limits,specific source,"no: wants a specific source, video or file",Google search suggestion
limits at infinity practice problems pdf,Limits at Infinity & Infinite Limits,specific source,"no: wants a specific source, video or file",Google search suggestion
limits at infinity problems and solutions pdf,Limits at Infinity & Infinite Limits,specific source,"no: wants a specific source, video or file",Google search suggestion
limits at infinity questions and answers pdf,Limits at Infinity & Infinite Limits,specific source,"no: wants a specific source, video or file",Google search suggestion
limits at infinity worksheet with answers,Limits at Infinity & Infinite Limits,specific source,"no: wants a specific source, video or file",Google search suggestion
limits at infinity worksheet with solutions pdf,Limits at Infinity & Infinite Limits,specific source,"no: wants a specific source, video or file",Google search suggestion
delta epsilon formula,The Epsilon–Delta Definition,formula,yes,Google search suggestion
delta epsilon proof multivariable limit examples,The Epsilon–Delta Definition,examples,yes,Google search suggestion
difference between epsilon and delta,The Epsilon–Delta Definition,topic,yes,Google search suggestion
epsilon delta continuity proof examples,The Epsilon–Delta Definition,examples,yes,Google search suggestion
epsilon delta definition,The Epsilon–Delta Definition,topic,yes,Google search suggestion
epsilon delta definition common mistakes,The Epsilon–Delta Definition,examples,yes,added: the page answers this
epsilon delta definition examples,The Epsilon–Delta Definition,examples,yes,Google search suggestion
epsilon delta definition explained,The Epsilon–Delta Definition,definition,yes,Google search suggestion
epsilon delta definition explained simply,The Epsilon–Delta Definition,definition,yes,added: the page answers this
epsilon delta definition for beginners,The Epsilon–Delta Definition,definition,yes,added: the page answers this
epsilon delta definition for continuity,The Epsilon–Delta Definition,topic,yes,Google search suggestion
epsilon delta definition for infinite limits,The Epsilon–Delta Definition,topic,yes,Google search suggestion
epsilon delta definition for limits,The Epsilon–Delta Definition,topic,yes,Google search suggestion
epsilon delta definition meaning,The Epsilon–Delta Definition,definition,yes,Google search suggestion
epsilon delta definition of a derivative,The Epsilon–Delta Definition,topic,yes,Google search suggestion
epsilon delta definition of a limit,The Epsilon–Delta Definition,topic,yes,Google search suggestion
epsilon delta definition of a limit at infinity,The Epsilon–Delta Definition,topic,yes,Google search suggestion
epsilon delta definition of a limit example,The Epsilon–Delta Definition,examples,yes,Google search suggestion
epsilon delta definition of a limit explained,The Epsilon–Delta Definition,definition,yes,Google search suggestion
epsilon delta definition of a limit formula,The Epsilon–Delta Definition,formula,yes,Google search suggestion
epsilon delta definition of a limit practice problems,The Epsilon–Delta Definition,practice,yes,Google search suggestion
epsilon delta definition of continuity,The Epsilon–Delta Definition,topic,yes,Google search suggestion
epsilon delta definition of continuity explained,The Epsilon–Delta Definition,definition,yes,Google search suggestion
epsilon delta definition of convergence,The Epsilon–Delta Definition,topic,yes,Google search suggestion
epsilon delta definition of limit examples,The Epsilon–Delta Definition,examples,yes,Google search suggestion
epsilon delta definition of limit explained,The Epsilon–Delta Definition,definition,yes,Google search suggestion
epsilon delta definition of limit problems,The Epsilon–Delta Definition,practice,yes,Google search suggestion
epsilon delta definition of limit problems and solutions,The Epsilon–Delta Definition,practice,yes,Google search suggestion
epsilon delta definition practice problems with answers,The Epsilon–Delta Definition,practice,yes,added: the page answers this
epsilon delta definition practice problems with hints,The Epsilon–Delta Definition,practice,yes,added: the page answers this
epsilon delta definition problems,The Epsilon–Delta Definition,practice,yes,Google search suggestion
epsilon delta definition quiz,The Epsilon–Delta Definition,practice,yes,added: the page answers this
epsilon delta definition step by step,The Epsilon–Delta Definition,examples,yes,added: the page answers this
epsilon delta definition worked example,The Epsilon–Delta Definition,examples,yes,added: the page answers this
epsilon delta examples,The Epsilon–Delta Definition,examples,yes,Google search suggestion
epsilon delta explained,The Epsilon–Delta Definition,definition,yes,Google search suggestion
epsilon delta formal definition,The Epsilon–Delta Definition,topic,yes,Google search suggestion
epsilon delta formula,The Epsilon–Delta Definition,formula,yes,Google search suggestion
epsilon delta limit proof,The Epsilon–Delta Definition,topic,yes,Google search suggestion
epsilon delta limit proof examples,The Epsilon–Delta Definition,examples,yes,Google search suggestion
epsilon delta practice problems,The Epsilon–Delta Definition,practice,yes,Google search suggestion
epsilon delta problems,The Epsilon–Delta Definition,practice,yes,Google search suggestion
epsilon delta proof,The Epsilon–Delta Definition,topic,yes,Google search suggestion
epsilon delta proof common mistakes,The Epsilon–Delta Definition,examples,yes,added: the page answers this
epsilon delta proof complex analysis,The Epsilon–Delta Definition,topic,yes,Google search suggestion
epsilon delta proof examples,The Epsilon–Delta Definition,examples,yes,Google search suggestion
epsilon delta proof examples rational functions,The Epsilon–Delta Definition,examples,yes,Google search suggestion
epsilon delta proof examples with solutions,The Epsilon–Delta Definition,practice,yes,Google search suggestion
epsilon delta proof explained,The Epsilon–Delta Definition,definition,yes,Google search suggestion
epsilon delta proof explained simply,The Epsilon–Delta Definition,definition,yes,added: the page answers this
epsilon delta proof for 1 x,The Epsilon–Delta Definition,topic,yes,Google search suggestion
epsilon delta proof for beginners,The Epsilon–Delta Definition,definition,yes,added: the page answers this
epsilon delta proof for continuity,The Epsilon–Delta Definition,topic,yes,Google search suggestion
epsilon delta proof for infinity,The Epsilon–Delta Definition,topic,yes,Google search suggestion
epsilon delta proof for limits,The Epsilon–Delta Definition,topic,yes,Google search suggestion
epsilon delta proof for quadratic,The Epsilon–Delta Definition,topic,yes,Google search suggestion
epsilon delta proof for rational functions,The Epsilon–Delta Definition,topic,yes,Google search suggestion
epsilon delta proof for sequences,The Epsilon–Delta Definition,topic,yes,Google search suggestion
epsilon delta proof for x 2,The Epsilon–Delta Definition,topic,yes,Google search suggestion
epsilon delta proof format,The Epsilon–Delta Definition,topic,yes,Google search suggestion
epsilon delta proof formula,The Epsilon–Delta Definition,formula,yes,Google search suggestion
epsilon delta proof of a limit,The Epsilon–Delta Definition,topic,yes,Google search suggestion
epsilon delta proof of continuity,The Epsilon–Delta Definition,topic,yes,Google search suggestion
epsilon delta proof of derivative,The Epsilon–Delta Definition,topic,yes,Google search suggestion
epsilon delta proof practice problems,The Epsilon–Delta Definition,practice,yes,Google search suggestion
epsilon delta proof practice problems with answers,The Epsilon–Delta Definition,practice,yes,added: the page answers this
epsilon delta proof practice problems with hints,The Epsilon–Delta Definition,practice,yes,added: the page answers this
epsilon delta proof problems,The Epsilon–Delta Definition,practice,yes,Google search suggestion
epsilon delta proof questions,The Epsilon–Delta Definition,practice,yes,Google search suggestion
epsilon delta proof quiz,The Epsilon–Delta Definition,practice,yes,added: the page answers this
epsilon delta proof real analysis,The Epsilon–Delta Definition,topic,yes,Google search suggestion
epsilon delta proof step by step,The Epsilon–Delta Definition,examples,yes,added: the page answers this
epsilon delta proof with a quadratic,The Epsilon–Delta Definition,topic,yes,Google search suggestion
epsilon delta proof with fractions,The Epsilon–Delta Definition,topic,yes,Google search suggestion
epsilon delta proof worked example,The Epsilon–Delta Definition,examples,yes,added: the page answers this
epsilon delta proofs explained,The Epsilon–Delta Definition,definition,yes,Google search suggestion
epsilon delta proofs practice,The Epsilon–Delta Definition,practice,yes,Google search suggestion
how do epsilon delta proofs work,The Epsilon–Delta Definition,how to,yes,Google search suggestion
how to choose delta in epsilon delta proof,The Epsilon–Delta Definition,how to,yes,Google search suggestion
how to construct an epsilon delta proof,The Epsilon–Delta Definition,how to,yes,Google search suggestion
how to easily write the epsilon delta proofs for limits,The Epsilon–Delta Definition,how to,yes,Google search suggestion
how to epsilon delta proof,The Epsilon–Delta Definition,how to,yes,Google search suggestion
how to find epsilon delta definition of a limit,The Epsilon–Delta Definition,how to,yes,Google search suggestion
how to use epsilon delta definition,The Epsilon–Delta Definition,how to,yes,Google search suggestion
how to use epsilon delta limit proof,The Epsilon–Delta Definition,how to,yes,Google search suggestion
how to use the epsilon delta definition of a limit,The Epsilon–Delta Definition,how to,yes,Google search suggestion
how to write epsilon delta proof,The Epsilon–Delta Definition,how to,yes,Google search suggestion
proving limits using epsilon delta definition examples,The Epsilon–Delta Definition,examples,yes,Google search suggestion
what does epsilon delta proof,The Epsilon–Delta Definition,definition,yes,Google search suggestion
what is epsilon delta definition of limit,The Epsilon–Delta Definition,definition,yes,Google search suggestion
what is epsilon delta proof,The Epsilon–Delta Definition,definition,yes,Google search suggestion
what is the epsilon delta definition of continuity,The Epsilon–Delta Definition,definition,yes,Google search suggestion
what is the point of epsilon delta proofs,The Epsilon–Delta Definition,definition,yes,Google search suggestion
epsilon delta definition of a limit worksheet,The Epsilon–Delta Definition,specific source,"no: wants a specific source, video or file",Google search suggestion
epsilon delta definition of limit examples pdf,The Epsilon–Delta Definition,specific source,"no: wants a specific source, video or file",Google search suggestion
epsilon delta proof examples pdf,The Epsilon–Delta Definition,specific source,"no: wants a specific source, video or file",Google search suggestion
calculus continuity and differentiability,Continuity,topic,yes,Google search suggestion
calculus continuity and discontinuity,Continuity,topic,yes,Google search suggestion
calculus continuity in limits,Continuity,topic,yes,Google search suggestion
continuity basic calculus examples,Continuity,examples,yes,Google search suggestion
continuity calculus,Continuity,topic,yes,Google search suggestion
continuity calculus 1,Continuity,topic,yes,Google search suggestion
continuity calculus ab,Continuity,topic,yes,Google search suggestion
continuity calculus common mistakes,Continuity,examples,yes,added: the page answers this
continuity calculus definition,Continuity,definition,yes,Google search suggestion
continuity calculus examples,Continuity,examples,yes,Google search suggestion
continuity calculus explained,Continuity,definition,yes,Google search suggestion
continuity calculus explained simply,Continuity,definition,yes,added: the page answers this
continuity calculus for beginners,Continuity,definition,yes,added: the page answers this
continuity calculus formula,Continuity,formula,yes,Google search suggestion
continuity calculus meaning,Continuity,definition,yes,Google search suggestion
continuity calculus practice problems,Continuity,practice,yes,Google search suggestion
continuity calculus practice problems with answers,Continuity,practice,yes,added: the page answers this
continuity calculus practice problems with hints,Continuity,practice,yes,added: the page answers this
continuity calculus problems,Continuity,practice,yes,Google search suggestion
continuity calculus questions,Continuity,practice,yes,Google search suggestion
continuity calculus quiz,Continuity,practice,yes,added: the page answers this
continuity calculus step by step,Continuity,examples,yes,added: the page answers this
continuity calculus worked example,Continuity,examples,yes,added: the page answers this
continuity equation calculus,Continuity,formula,yes,Google search suggestion
continuity in calculus,Continuity,topic,yes,Google search suggestion
continuity in calculus 1,Continuity,topic,yes,Google search suggestion
continuity in calculus definition,Continuity,definition,yes,Google search suggestion
continuity in calculus examples,Continuity,examples,yes,Google search suggestion
continuity in calculus explained,Continuity,definition,yes,Google search suggestion
continuity in calculus meaning,Continuity,definition,yes,Google search suggestion
continuity rules calculus,Continuity,formula,yes,Google search suggestion
definition of continuity calculus,Continuity,definition,yes,Google search suggestion
formula of continuity,Continuity,formula,yes,Google search suggestion
formula of continuity equation,Continuity,formula,yes,Google search suggestion
how to check continuity calculus,Continuity,how to,yes,Google search suggestion
how to determine continuity in calculus,Continuity,how to,yes,Google search suggestion
how to do continuity calculus,Continuity,how to,yes,Google search suggestion
how to do removable discontinuity,Continuity,how to,yes,Google search suggestion
how to find continuity calculus,Continuity,how to,yes,Google search suggestion
how to find removable discontinuity,Continuity,how to,yes,Google search suggestion
how to find removable discontinuity from equation,Continuity,how to,yes,Google search suggestion
how to find removable discontinuity of a function,Continuity,how to,yes,Google search suggestion
how to find removable discontinuity on a graph,Continuity,how to,yes,Google search suggestion
how to graph removable discontinuity,Continuity,how to,yes,Google search suggestion
how to identify removable discontinuity,Continuity,how to,yes,Google search suggestion
how to prove continuity calculus,Continuity,proof,yes,Google search suggestion
how to redefine removable discontinuity,Continuity,how to,yes,Google search suggestion
how to remove removable discontinuity,Continuity,how to,yes,Google search suggestion
how to solve continuity in calculus,Continuity,how to,yes,Google search suggestion
how to solve removable discontinuity,Continuity,how to,yes,Google search suggestion
how to test continuity calculus,Continuity,practice,yes,Google search suggestion
infinite discontinuity examples,Continuity,examples,yes,Google search suggestion
infinite discontinuity explained,Continuity,definition,yes,Google search suggestion
infinite discontinuity formula,Continuity,formula,yes,Google search suggestion
jump discontinuity examples,Continuity,examples,yes,Google search suggestion
jump discontinuity explained,Continuity,definition,yes,Google search suggestion
jump discontinuity formula,Continuity,formula,yes,Google search suggestion
removable discontinuity,Continuity,topic,yes,Google search suggestion
removable discontinuity at x 3,Continuity,topic,yes,Google search suggestion
removable discontinuity at x=2,Continuity,topic,yes,Google search suggestion
removable discontinuity common mistakes,Continuity,examples,yes,added: the page answers this
removable discontinuity definition,Continuity,definition,yes,Google search suggestion
removable discontinuity definition math,Continuity,definition,yes,Google search suggestion
removable discontinuity equation,Continuity,formula,yes,Google search suggestion
removable discontinuity equation example,Continuity,examples,yes,Google search suggestion
removable discontinuity example,Continuity,examples,yes,Google search suggestion
removable discontinuity example equation,Continuity,examples,yes,Google search suggestion
removable discontinuity example function,Continuity,examples,yes,Google search suggestion
removable discontinuity example graph,Continuity,examples,yes,Google search suggestion
removable discontinuity example piecewise function,Continuity,examples,yes,Google search suggestion
removable discontinuity example problems,Continuity,practice,yes,Google search suggestion
removable discontinuity examples,Continuity,examples,yes,Google search suggestion
removable discontinuity explained,Continuity,definition,yes,Google search suggestion
removable discontinuity explained simply,Continuity,definition,yes,added: the page answers this
removable discontinuity for beginners,Continuity,definition,yes,added: the page answers this
removable discontinuity formula,Continuity,formula,yes,Google search suggestion
removable discontinuity function,Continuity,topic,yes,Google search suggestion
removable discontinuity graph,Continuity,topic,yes,Google search suggestion
removable discontinuity in a function,Continuity,topic,yes,Google search suggestion
removable discontinuity in calculus,Continuity,topic,yes,Google search suggestion
removable discontinuity in equation,Continuity,formula,yes,Google search suggestion
removable discontinuity in graph,Continuity,topic,yes,Google search suggestion
removable discontinuity in limits,Continuity,topic,yes,Google search suggestion
removable discontinuity in math,Continuity,topic,yes,Google search suggestion
removable discontinuity in piecewise functions,Continuity,topic,yes,Google search suggestion
removable discontinuity in rational functions,Continuity,topic,yes,Google search suggestion
removable discontinuity limit,Continuity,topic,yes,Google search suggestion
removable discontinuity on a graph,Continuity,topic,yes,Google search suggestion
removable discontinuity practice problems,Continuity,practice,yes,Google search suggestion
removable discontinuity practice problems with answers,Continuity,practice,yes,added: the page answers this
removable discontinuity practice problems with hints,Continuity,practice,yes,added: the page answers this
removable discontinuity problems,Continuity,practice,yes,Google search suggestion
removable discontinuity questions,Continuity,practice,yes,Google search suggestion
removable discontinuity quiz,Continuity,practice,yes,added: the page answers this
removable discontinuity step by step,Continuity,examples,yes,added: the page answers this
removable discontinuity vs hole,Continuity,topic,yes,Google search suggestion
removable discontinuity vs infinite discontinuity,Continuity,topic,yes,Google search suggestion
removable discontinuity vs jump discontinuity,Continuity,topic,yes,Google search suggestion
removable discontinuity vs non removable,Continuity,topic,yes,Google search suggestion
removable discontinuity vs non removable discontinuity,Continuity,topic,yes,Google search suggestion
removable discontinuity vs vertical asymptote,Continuity,topic,yes,Google search suggestion
removable discontinuity with example,Continuity,examples,yes,Google search suggestion
removable discontinuity worked example,Continuity,examples,yes,added: the page answers this
removable vs non removable discontinuity,Continuity,topic,yes,Google search suggestion
what defines continuity calculus,Continuity,topic,yes,Google search suggestion
what is continuity and discontinuity in calculus,Continuity,definition,yes,Google search suggestion
what is continuity calculus,Continuity,definition,yes,Google search suggestion
what is continuity in basic calculus,Continuity,definition,yes,Google search suggestion
what is continuity in calculus with example,Continuity,examples,yes,Google search suggestion
what is continuity in differential calculus,Continuity,definition,yes,Google search suggestion
what is continuity mathematics,Continuity,definition,yes,Google search suggestion
what is infinite discontinuity,Continuity,definition,yes,Google search suggestion
what is infinite discontinuity in math,Continuity,definition,yes,Google search suggestion
what is jump discontinuity,Continuity,definition,yes,Google search suggestion
what is jump discontinuity in calculus,Continuity,definition,yes,Google search suggestion
what is jump discontinuity in math,Continuity,definition,yes,Google search suggestion
what is jump discontinuity with example,Continuity,examples,yes,Google search suggestion
what is limit and continuity in calculus,Continuity,definition,yes,Google search suggestion
what is removable discontinuity,Continuity,definition,yes,Google search suggestion
what is removable discontinuity in calculus,Continuity,definition,yes,Google search suggestion
what is removable discontinuity in math,Continuity,definition,yes,Google search suggestion
what is removable discontinuity with example,Continuity,examples,yes,Google search suggestion
what is the continuity test in calculus,Continuity,practice,yes,Google search suggestion
what is the definition of continuity calculus,Continuity,definition,yes,Google search suggestion
why is continuity important in calculus,Continuity,definition,yes,Google search suggestion
continuity calculus organic chemistry tutor,Continuity,other subject,no: a different subject,Google search suggestion
continuity calculus worksheet,Continuity,specific source,"no: wants a specific source, video or file",Google search suggestion
continuity in calculus pdf,Continuity,specific source,"no: wants a specific source, video or file",Google search suggestion
removable discontinuity in hindi,Continuity,other language,no: wants it in another language,Google search suggestion
removable discontinuity meaning in hindi,Continuity,other language,no: wants it in another language,Google search suggestion
1st principle derivative,Limit Definition of the Derivative,topic,yes,Google search suggestion
definition of derivative using limits,Limit Definition of the Derivative,topic,yes,Google search suggestion
derivative first principles,Limit Definition of the Derivative,topic,yes,Google search suggestion
derivative first principles common mistakes,Limit Definition of the Derivative,examples,yes,added: the page answers this
derivative first principles equation,Limit Definition of the Derivative,formula,yes,Google search suggestion
derivative first principles explained simply,Limit Definition of the Derivative,definition,yes,added: the page answers this
derivative first principles for beginners,Limit Definition of the Derivative,definition,yes,added: the page answers this
derivative first principles formula,Limit Definition of the Derivative,formula,yes,Google search suggestion
derivative first principles practice problems with answers,Limit Definition of the Derivative,practice,yes,added: the page answers this
derivative first principles practice problems with hints,Limit Definition of the Derivative,practice,yes,added: the page answers this
derivative first principles quiz,Limit Definition of the Derivative,practice,yes,added: the page answers this
derivative first principles step by step,Limit Definition of the Derivative,examples,yes,added: the page answers this
derivative first principles worked example,Limit Definition of the Derivative,examples,yes,added: the page answers this
derivative with first principles,Limit Definition of the Derivative,topic,yes,Google search suggestion
derivatives from first principles examples,Limit Definition of the Derivative,examples,yes,Google search suggestion
differentiation first principles,Limit Definition of the Derivative,topic,yes,Google search suggestion
differentiation first principles equation,Limit Definition of the Derivative,formula,yes,Google search suggestion
differentiation first principles example,Limit Definition of the Derivative,examples,yes,Google search suggestion
differentiation first principles examples,Limit Definition of the Derivative,examples,yes,Google search suggestion
differentiation first principles explained,Limit Definition of the Derivative,definition,yes,Google search suggestion
differentiation first principles formula,Limit Definition of the Derivative,formula,yes,Google search suggestion
differentiation first principles questions,Limit Definition of the Derivative,practice,yes,Google search suggestion
differentiation first principles sinx,Limit Definition of the Derivative,topic,yes,Google search suggestion
differentiation from first principles for sinx,Limit Definition of the Derivative,topic,yes,Google search suggestion
differentiation from first principles formula example,Limit Definition of the Derivative,examples,yes,Google search suggestion
differentiation from first principles practice questions,Limit Definition of the Derivative,practice,yes,Google search suggestion
differentiation from first principles with trig,Limit Definition of the Derivative,topic,yes,Google search suggestion
differentiation from first principles with two terms,Limit Definition of the Derivative,topic,yes,Google search suggestion
first derivative principle,Limit Definition of the Derivative,topic,yes,Google search suggestion
first principle derivative,Limit Definition of the Derivative,topic,yes,Google search suggestion
how to derive first principles,Limit Definition of the Derivative,proof,yes,Google search suggestion
how to derive formulas from first principles,Limit Definition of the Derivative,proof,yes,Google search suggestion
how to derive using first principles,Limit Definition of the Derivative,proof,yes,Google search suggestion
how to differentiate cos from first principles,Limit Definition of the Derivative,how to,yes,Google search suggestion
how to differentiate cosx from first principles,Limit Definition of the Derivative,how to,yes,Google search suggestion
how to differentiate first principles,Limit Definition of the Derivative,how to,yes,Google search suggestion
how to differentiate sinx from first principles,Limit Definition of the Derivative,how to,yes,Google search suggestion
how to do limit definition of derivative,Limit Definition of the Derivative,how to,yes,Google search suggestion
how to find derivative using first principles,Limit Definition of the Derivative,how to,yes,Google search suggestion
how to find limit definition of derivative,Limit Definition of the Derivative,how to,yes,Google search suggestion
how to prove derivatives from first principles,Limit Definition of the Derivative,proof,yes,Google search suggestion
how to solve using limit definition of derivative,Limit Definition of the Derivative,how to,yes,Google search suggestion
how to use limit definition of derivative,Limit Definition of the Derivative,how to,yes,Google search suggestion
limit definition of derivative,Limit Definition of the Derivative,topic,yes,Google search suggestion
limit definition of derivative at a point,Limit Definition of the Derivative,topic,yes,Google search suggestion
limit definition of derivative common mistakes,Limit Definition of the Derivative,examples,yes,added: the page answers this
limit definition of derivative example problem,Limit Definition of the Derivative,practice,yes,Google search suggestion
limit definition of derivative example problems,Limit Definition of the Derivative,practice,yes,Google search suggestion
limit definition of derivative examples,Limit Definition of the Derivative,examples,yes,Google search suggestion
limit definition of derivative explained,Limit Definition of the Derivative,definition,yes,Google search suggestion
limit definition of derivative explained simply,Limit Definition of the Derivative,definition,yes,added: the page answers this
limit definition of derivative for 1 x,Limit Definition of the Derivative,topic,yes,Google search suggestion
limit definition of derivative for beginners,Limit Definition of the Derivative,definition,yes,added: the page answers this
limit definition of derivative for e x,Limit Definition of the Derivative,topic,yes,Google search suggestion
limit definition of derivative for sin,Limit Definition of the Derivative,topic,yes,Google search suggestion
limit definition of derivative for sinx,Limit Definition of the Derivative,topic,yes,Google search suggestion
limit definition of derivative for sqrt x,Limit Definition of the Derivative,topic,yes,Google search suggestion
limit definition of derivative for x 2,Limit Definition of the Derivative,topic,yes,Google search suggestion
limit definition of derivative formula,Limit Definition of the Derivative,formula,yes,Google search suggestion
limit definition of derivative function,Limit Definition of the Derivative,topic,yes,Google search suggestion
limit definition of derivative meaning,Limit Definition of the Derivative,definition,yes,Google search suggestion
limit definition of derivative piecewise function,Limit Definition of the Derivative,topic,yes,Google search suggestion
limit definition of derivative practice,Limit Definition of the Derivative,practice,yes,Google search suggestion
limit definition of derivative practice problems,Limit Definition of the Derivative,practice,yes,Google search suggestion
limit definition of derivative practice problems with answers,Limit Definition of the Derivative,practice,yes,added: the page answers this
limit definition of derivative practice problems with hints,Limit Definition of the Derivative,practice,yes,added: the page answers this
limit definition of derivative problems,Limit Definition of the Derivative,practice,yes,Google search suggestion
limit definition of derivative questions,Limit Definition of the Derivative,practice,yes,Google search suggestion
limit definition of derivative quiz,Limit Definition of the Derivative,practice,yes,added: the page answers this
limit definition of derivative rational function,Limit Definition of the Derivative,topic,yes,Google search suggestion
limit definition of derivative square root example,Limit Definition of the Derivative,examples,yes,Google search suggestion
limit definition of derivative step by step,Limit Definition of the Derivative,examples,yes,added: the page answers this
limit definition of derivative with a,Limit Definition of the Derivative,topic,yes,Google search suggestion
limit definition of derivative with delta x,Limit Definition of the Derivative,topic,yes,Google search suggestion
limit definition of derivative with fractions,Limit Definition of the Derivative,topic,yes,Google search suggestion
limit definition of derivative with h,Limit Definition of the Derivative,topic,yes,Google search suggestion
limit definition of derivative with square root,Limit Definition of the Derivative,topic,yes,Google search suggestion
limit definition of derivative worked example,Limit Definition of the Derivative,examples,yes,added: the page answers this
limit definition of partial derivative example,Limit Definition of the Derivative,examples,yes,Google search suggestion
use limit definition to find derivative,Limit Definition of the Derivative,topic,yes,Google search suggestion
what is derivative from first principles,Limit Definition of the Derivative,definition,yes,Google search suggestion
what is differentiation first principles,Limit Definition of the Derivative,definition,yes,Google search suggestion
what is h in limit definition of derivative,Limit Definition of the Derivative,definition,yes,Google search suggestion
what is limit definition of derivative,Limit Definition of the Derivative,definition,yes,Google search suggestion
what is the limit def of a derivative,Limit Definition of the Derivative,definition,yes,Google search suggestion
what is the limit definition of a derivative at a point,Limit Definition of the Derivative,definition,yes,Google search suggestion
what is the limit definition of a derivative formula,Limit Definition of the Derivative,definition,yes,Google search suggestion
what is the limit definition of the derivative of a function,Limit Definition of the Derivative,definition,yes,Google search suggestion
what is the original limit definition of a derivative,Limit Definition of the Derivative,definition,yes,Google search suggestion
when to use limit definition of derivative,Limit Definition of the Derivative,how to,yes,Google search suggestion
derivative first principles calculator,Limit Definition of the Derivative,tool,no: wants a calculator or tool,Google search suggestion
differentiation first principles worksheet,Limit Definition of the Derivative,specific source,"no: wants a specific source, video or file",Google search suggestion
differentiation from first principles formula a level maths,Limit Definition of the Derivative,specific source,"no: wants a specific source, video or file",Google search suggestion
first principles derivative calculator with steps,Limit Definition of the Derivative,tool,no: wants a calculator or tool,Google search suggestion
how to differentiate from first principles a level maths,Limit Definition of the Derivative,specific source,"no: wants a specific source, video or file",Google search suggestion
limit definition of derivative calculator,Limit Definition of the Derivative,tool,no: wants a calculator or tool,Google search suggestion
limit definition of derivative practice problems pdf,Limit Definition of the Derivative,specific source,"no: wants a specific source, video or file",Google search suggestion
limit definition of derivative worksheet,Limit Definition of the Derivative,specific source,"no: wants a specific source, video or file",Google search suggestion
limit definition of derivative worksheet pdf,Limit Definition of the Derivative,specific source,"no: wants a specific source, video or file",Google search suggestion
limit definition of derivative worksheet with answers pdf,Limit Definition of the Derivative,specific source,"no: wants a specific source, video or file",Google search suggestion
all derivative rules explained,Power Rule & Basic Rules,definition,yes,Google search suggestion
all derivative rules formulas,Power Rule & Basic Rules,formula,yes,Google search suggestion
antiderivative rules,Power Rule & Basic Rules,topic,yes,Google search suggestion
basic derivative rules examples,Power Rule & Basic Rules,examples,yes,Google search suggestion
basic derivative rules practice problems,Power Rule & Basic Rules,practice,yes,Google search suggestion
derivative formulas explained,Power Rule & Basic Rules,definition,yes,Google search suggestion
derivative power rule examples,Power Rule & Basic Rules,examples,yes,Google search suggestion
derivative power rule explained,Power Rule & Basic Rules,definition,yes,Google search suggestion
derivative power rule practice problems,Power Rule & Basic Rules,practice,yes,Google search suggestion
derivative power rule problems,Power Rule & Basic Rules,practice,yes,Google search suggestion
derivative rules,Power Rule & Basic Rules,topic,yes,Google search suggestion
derivative rules and when to use them,Power Rule & Basic Rules,how to,yes,Google search suggestion
derivative rules calculus,Power Rule & Basic Rules,topic,yes,Google search suggestion
derivative rules cheat sheet,Power Rule & Basic Rules,formula,yes,Google search suggestion
derivative rules common mistakes,Power Rule & Basic Rules,examples,yes,added: the page answers this
derivative rules definition,Power Rule & Basic Rules,definition,yes,Google search suggestion
derivative rules equations,Power Rule & Basic Rules,formula,yes,Google search suggestion
derivative rules examples,Power Rule & Basic Rules,examples,yes,Google search suggestion
derivative rules examples and solutions,Power Rule & Basic Rules,examples,yes,Google search suggestion
derivative rules explained,Power Rule & Basic Rules,definition,yes,Google search suggestion
derivative rules explained simply,Power Rule & Basic Rules,definition,yes,added: the page answers this
derivative rules for beginners,Power Rule & Basic Rules,definition,yes,added: the page answers this
derivative rules for e,Power Rule & Basic Rules,topic,yes,Google search suggestion
derivative rules for e^x,Power Rule & Basic Rules,topic,yes,Google search suggestion
derivative rules for exponents,Power Rule & Basic Rules,topic,yes,Google search suggestion
derivative rules for fractions,Power Rule & Basic Rules,topic,yes,Google search suggestion
derivative rules for inverse trig functions,Power Rule & Basic Rules,topic,yes,Google search suggestion
derivative rules for ln,Power Rule & Basic Rules,topic,yes,Google search suggestion
derivative rules for logs,Power Rule & Basic Rules,topic,yes,Google search suggestion
derivative rules for trig,Power Rule & Basic Rules,topic,yes,Google search suggestion
derivative rules for trig functions,Power Rule & Basic Rules,topic,yes,Google search suggestion
derivative rules formula,Power Rule & Basic Rules,formula,yes,Google search suggestion
derivative rules formula sheet,Power Rule & Basic Rules,formula,yes,Google search suggestion
derivative rules ln,Power Rule & Basic Rules,topic,yes,Google search suggestion
derivative rules practice problems,Power Rule & Basic Rules,practice,yes,Google search suggestion
derivative rules practice problems with answers,Power Rule & Basic Rules,practice,yes,added: the page answers this
derivative rules practice problems with hints,Power Rule & Basic Rules,practice,yes,added: the page answers this
derivative rules problems,Power Rule & Basic Rules,practice,yes,Google search suggestion
derivative rules quiz,Power Rule & Basic Rules,practice,yes,added: the page answers this
derivative rules sheet,Power Rule & Basic Rules,topic,yes,Google search suggestion
derivative rules step by step,Power Rule & Basic Rules,examples,yes,added: the page answers this
derivative rules summary,Power Rule & Basic Rules,topic,yes,Google search suggestion
derivative rules trig,Power Rule & Basic Rules,topic,yes,Google search suggestion
derivative rules with e,Power Rule & Basic Rules,topic,yes,Google search suggestion
derivative rules with e x,Power Rule & Basic Rules,topic,yes,Google search suggestion
derivative rules with examples,Power Rule & Basic Rules,examples,yes,Google search suggestion
derivative rules with exponents,Power Rule & Basic Rules,topic,yes,Google search suggestion
derivative rules with ln,Power Rule & Basic Rules,topic,yes,Google search suggestion
derivative rules with log,Power Rule & Basic Rules,topic,yes,Google search suggestion
derivative rules with square roots,Power Rule & Basic Rules,topic,yes,Google search suggestion
derivative rules with trig,Power Rule & Basic Rules,topic,yes,Google search suggestion
derivative rules with trig functions,Power Rule & Basic Rules,topic,yes,Google search suggestion
derivative rules worked example,Power Rule & Basic Rules,examples,yes,added: the page answers this
differentiation rules,Power Rule & Basic Rules,topic,yes,Google search suggestion
differentiation rules examples,Power Rule & Basic Rules,examples,yes,Google search suggestion
differentiation rules examples and answers,Power Rule & Basic Rules,examples,yes,Google search suggestion
differentiation rules explained,Power Rule & Basic Rules,definition,yes,Google search suggestion
differentiation rules formula,Power Rule & Basic Rules,formula,yes,Google search suggestion
differentiation rules formula sheet,Power Rule & Basic Rules,formula,yes,Google search suggestion
differentiation rules practice problems,Power Rule & Basic Rules,practice,yes,Google search suggestion
differentiation rules practice problems with answers,Power Rule & Basic Rules,practice,yes,Google search suggestion
differentiation rules problems,Power Rule & Basic Rules,practice,yes,Google search suggestion
general power rule practice problems,Power Rule & Basic Rules,practice,yes,Google search suggestion
how many derivative rules are there,Power Rule & Basic Rules,topic,yes,Google search suggestion
how to derive feynman rules from lagrangian,Power Rule & Basic Rules,proof,yes,Google search suggestion
how to derive rules,Power Rule & Basic Rules,proof,yes,Google search suggestion
how to know when to use derivative rules,Power Rule & Basic Rules,how to,yes,Google search suggestion
how to memorize derivative rules,Power Rule & Basic Rules,how to,yes,Google search suggestion
how to power rule,Power Rule & Basic Rules,how to,yes,Google search suggestion
how to power rule fractions,Power Rule & Basic Rules,how to,yes,Google search suggestion
how to remember derivative rules,Power Rule & Basic Rules,how to,yes,Google search suggestion
how to use derivative rules,Power Rule & Basic Rules,how to,yes,Google search suggestion
how to use the power rule,Power Rule & Basic Rules,how to,yes,Google search suggestion
list of derivative rules,Power Rule & Basic Rules,topic,yes,Google search suggestion
logarithm power rule examples,Power Rule & Basic Rules,examples,yes,Google search suggestion
logarithm power rule explained,Power Rule & Basic Rules,definition,yes,Google search suggestion
logarithm power rule formula,Power Rule & Basic Rules,formula,yes,Google search suggestion
power law examples,Power Rule & Basic Rules,examples,yes,Google search suggestion
power law examples in real life,Power Rule & Basic Rules,examples,yes,Google search suggestion
power law explained,Power Rule & Basic Rules,definition,yes,Google search suggestion
power law practice problems,Power Rule & Basic Rules,practice,yes,Google search suggestion
power law problems,Power Rule & Basic Rules,practice,yes,Google search suggestion
power law problems and solutions,Power Rule & Basic Rules,practice,yes,Google search suggestion
power rule,Power Rule & Basic Rules,topic,yes,Google search suggestion
power rule calc,Power Rule & Basic Rules,topic,yes,Google search suggestion
power rule calculus,Power Rule & Basic Rules,topic,yes,Google search suggestion
power rule common mistakes,Power Rule & Basic Rules,examples,yes,added: the page answers this
power rule definition,Power Rule & Basic Rules,definition,yes,Google search suggestion
power rule definition algebra,Power Rule & Basic Rules,definition,yes,Google search suggestion
power rule definition algebra 2,Power Rule & Basic Rules,definition,yes,Google search suggestion
power rule definition calculus,Power Rule & Basic Rules,definition,yes,Google search suggestion
power rule definition math,Power Rule & Basic Rules,definition,yes,Google search suggestion
power rule derivative,Power Rule & Basic Rules,topic,yes,Google search suggestion
power rule derivative practice problems,Power Rule & Basic Rules,practice,yes,Google search suggestion
power rule examples,Power Rule & Basic Rules,examples,yes,Google search suggestion
power rule examples derivative,Power Rule & Basic Rules,examples,yes,Google search suggestion
power rule examples exponents,Power Rule & Basic Rules,examples,yes,Google search suggestion
power rule examples with solutions,Power Rule & Basic Rules,practice,yes,Google search suggestion
power rule explained,Power Rule & Basic Rules,definition,yes,Google search suggestion
power rule explained simply,Power Rule & Basic Rules,definition,yes,added: the page answers this
power rule for beginners,Power Rule & Basic Rules,definition,yes,added: the page answers this
power rule for derivatives,Power Rule & Basic Rules,topic,yes,Google search suggestion
power rule for differentiation,Power Rule & Basic Rules,topic,yes,Google search suggestion
power rule for exponents,Power Rule & Basic Rules,topic,yes,Google search suggestion
power rule for fractions,Power Rule & Basic Rules,topic,yes,Google search suggestion
power rule for integration,Power Rule & Basic Rules,topic,yes,Google search suggestion
power rule for limits,Power Rule & Basic Rules,topic,yes,Google search suggestion
power rule for logarithms,Power Rule & Basic Rules,topic,yes,Google search suggestion
power rule for logs,Power Rule & Basic Rules,topic,yes,Google search suggestion
power rule for negative exponents,Power Rule & Basic Rules,topic,yes,Google search suggestion
power rule formula,Power Rule & Basic Rules,formula,yes,Google search suggestion
power rule formula algebra,Power Rule & Basic Rules,formula,yes,Google search suggestion
power rule formula calculus,Power Rule & Basic Rules,formula,yes,Google search suggestion
power rule formula copy paste,Power Rule & Basic Rules,formula,yes,Google search suggestion
power rule formula derivatives,Power Rule & Basic Rules,formula,yes,Google search suggestion
power rule formula differentiation,Power Rule & Basic Rules,formula,yes,Google search suggestion
power rule formula example,Power Rule & Basic Rules,examples,yes,Google search suggestion
power rule formula integration,Power Rule & Basic Rules,formula,yes,Google search suggestion
power rule formula physics,Power Rule & Basic Rules,formula,yes,Google search suggestion
power rule of logarithms,Power Rule & Basic Rules,topic,yes,Google search suggestion
power rule practice problems,Power Rule & Basic Rules,practice,yes,Google search suggestion
power rule practice problems with answers,Power Rule & Basic Rules,practice,yes,added: the page answers this
power rule practice problems with hints,Power Rule & Basic Rules,practice,yes,added: the page answers this
power rule practice problems with solutions,Power Rule & Basic Rules,practice,yes,Google search suggestion
power rule problems,Power Rule & Basic Rules,practice,yes,Google search suggestion
power rule problems and solutions,Power Rule & Basic Rules,practice,yes,Google search suggestion
power rule proof,Power Rule & Basic Rules,proof,yes,Google search suggestion
power rule questions,Power Rule & Basic Rules,practice,yes,Google search suggestion
power rule questions and answers,Power Rule & Basic Rules,practice,yes,Google search suggestion
power rule quiz,Power Rule & Basic Rules,practice,yes,added: the page answers this
power rule rules,Power Rule & Basic Rules,formula,yes,Google search suggestion
power rule sample problems,Power Rule & Basic Rules,practice,yes,Google search suggestion
power rule step by step,Power Rule & Basic Rules,examples,yes,added: the page answers this
power rule with chain rule,Power Rule & Basic Rules,formula,yes,Google search suggestion
power rule with coefficient,Power Rule & Basic Rules,topic,yes,Google search suggestion
power rule with constant,Power Rule & Basic Rules,topic,yes,Google search suggestion
power rule with e,Power Rule & Basic Rules,topic,yes,Google search suggestion
power rule with fractional exponents,Power Rule & Basic Rules,topic,yes,Google search suggestion
power rule with fractions,Power Rule & Basic Rules,topic,yes,Google search suggestion
power rule with negative exponents,Power Rule & Basic Rules,topic,yes,Google search suggestion
power rule with square roots,Power Rule & Basic Rules,topic,yes,Google search suggestion
power rule worked example,Power Rule & Basic Rules,examples,yes,added: the page answers this
power rules examples,Power Rule & Basic Rules,examples,yes,Google search suggestion
power rules explained,Power Rule & Basic Rules,definition,yes,Google search suggestion
power rules formula,Power Rule & Basic Rules,formula,yes,Google search suggestion
power rules math,Power Rule & Basic Rules,topic,yes,Google search suggestion
simple derivative rules,Power Rule & Basic Rules,definition,yes,Google search suggestion
what are the basic derivative rules,Power Rule & Basic Rules,definition,yes,Google search suggestion
what is derivative law,Power Rule & Basic Rules,definition,yes,Google search suggestion
what is derivative rules,Power Rule & Basic Rules,definition,yes,Google search suggestion
what is differentiation rules,Power Rule & Basic Rules,definition,yes,Google search suggestion
what is differentiation rules in calculus,Power Rule & Basic Rules,definition,yes,Google search suggestion
what is logarithm power rule,Power Rule & Basic Rules,definition,yes,Google search suggestion
what is power rule,Power Rule & Basic Rules,definition,yes,Google search suggestion
what is power rule and chain rule,Power Rule & Basic Rules,definition,yes,Google search suggestion
what is power rule in calculus,Power Rule & Basic Rules,definition,yes,Google search suggestion
what is power rule in differentiation,Power Rule & Basic Rules,definition,yes,Google search suggestion
what is power rule in integration,Power Rule & Basic Rules,definition,yes,Google search suggestion
what is power rule in logarithm,Power Rule & Basic Rules,definition,yes,Google search suggestion
what is power rule in math,Power Rule & Basic Rules,definition,yes,Google search suggestion
what is power rules,Power Rule & Basic Rules,definition,yes,Google search suggestion
what is the derivative rule for e,Power Rule & Basic Rules,definition,yes,Google search suggestion
what is the derivative rule for ln,Power Rule & Basic Rules,definition,yes,Google search suggestion
what is the power of a power rule,Power Rule & Basic Rules,definition,yes,Google search suggestion
when to use derivative rules,Power Rule & Basic Rules,how to,yes,Google search suggestion
when to use different derivatives rules,Power Rule & Basic Rules,how to,yes,Google search suggestion
when to use each derivative rule,Power Rule & Basic Rules,how to,yes,Google search suggestion
when to use power rule,Power Rule & Basic Rules,how to,yes,Google search suggestion
when to use power rule in derivatives,Power Rule & Basic Rules,how to,yes,Google search suggestion
when to use power rule in integration,Power Rule & Basic Rules,how to,yes,Google search suggestion
derivative rules and formulas pdf,Power Rule & Basic Rules,specific source,"no: wants a specific source, video or file",Google search suggestion
derivative rules with examples pdf,Power Rule & Basic Rules,specific source,"no: wants a specific source, video or file",Google search suggestion
differentiation rules examples and answers pdf,Power Rule & Basic Rules,specific source,"no: wants a specific source, video or file",Google search suggestion
differentiation rules practice problems pdf,Power Rule & Basic Rules,specific source,"no: wants a specific source, video or file",Google search suggestion
how to turn rule of thirds on iphone,Power Rule & Basic Rules,other subject,no: a different subject,Google search suggestion
power rule examples with solutions pdf,Power Rule & Basic Rules,specific source,"no: wants a specific source, video or file",Google search suggestion
power rule meaning in tamil,Power Rule & Basic Rules,other language,no: wants it in another language,Google search suggestion
power rule questions and answers pdf,Power Rule & Basic Rules,specific source,"no: wants a specific source, video or file",Google search suggestion
calculus product rule practice problems,Product Rule,practice,yes,Google search suggestion
derivative product rule examples,Product Rule,examples,yes,Google search suggestion
derivative product rule explained,Product Rule,definition,yes,Google search suggestion
derivative product rule formula,Product Rule,formula,yes,Google search suggestion
derivative product rule practice problems,Product Rule,practice,yes,Google search suggestion
derivative product rule problems,Product Rule,practice,yes,Google search suggestion
how to derive product rule,Product Rule,proof,yes,Google search suggestion
how to do product rule with 3 functions,Product Rule,how to,yes,Google search suggestion
how to integrate product rule,Product Rule,how to,yes,Google search suggestion
how to product rule,Product Rule,how to,yes,Google search suggestion
how to product rule 3 terms,Product Rule,how to,yes,Google search suggestion
how to prove product rule,Product Rule,proof,yes,Google search suggestion
how to solve product rule,Product Rule,how to,yes,Google search suggestion
how to use product rule,Product Rule,how to,yes,Google search suggestion
logarithm product rule examples,Product Rule,examples,yes,Google search suggestion
product rule,Product Rule,topic,yes,Google search suggestion
product rule calc,Product Rule,topic,yes,Google search suggestion
product rule calculus,Product Rule,topic,yes,Google search suggestion
product rule common mistakes,Product Rule,examples,yes,added: the page answers this
product rule definition,Product Rule,definition,yes,Google search suggestion
product rule definition algebra,Product Rule,definition,yes,Google search suggestion
product rule definition calculus,Product Rule,definition,yes,Google search suggestion
product rule definition math,Product Rule,definition,yes,Google search suggestion
product rule derivative,Product Rule,topic,yes,Google search suggestion
product rule derivative practice problems,Product Rule,practice,yes,Google search suggestion
product rule differentiation,Product Rule,topic,yes,Google search suggestion
product rule example problems,Product Rule,practice,yes,Google search suggestion
product rule examples,Product Rule,examples,yes,Google search suggestion
product rule examples calculus,Product Rule,examples,yes,Google search suggestion
product rule examples derivative,Product Rule,examples,yes,Google search suggestion
product rule examples exponents,Product Rule,examples,yes,Google search suggestion
product rule examples simple,Product Rule,examples,yes,Google search suggestion
product rule examples with answers,Product Rule,practice,yes,Google search suggestion
product rule examples with solutions,Product Rule,practice,yes,Google search suggestion
product rule explained,Product Rule,definition,yes,Google search suggestion
product rule explained easy,Product Rule,definition,yes,Google search suggestion
product rule explained simply,Product Rule,definition,yes,added: the page answers this
product rule for 3 terms,Product Rule,topic,yes,Google search suggestion
product rule for beginners,Product Rule,definition,yes,added: the page answers this
product rule for derivatives,Product Rule,topic,yes,Google search suggestion
product rule for differentiation,Product Rule,topic,yes,Google search suggestion
product rule for exponents,Product Rule,topic,yes,Google search suggestion
product rule for integrals,Product Rule,topic,yes,Google search suggestion
product rule for logarithms,Product Rule,topic,yes,Google search suggestion
product rule for radicals,Product Rule,topic,yes,Google search suggestion
product rule for square roots,Product Rule,topic,yes,Google search suggestion
product rule formula,Product Rule,formula,yes,Google search suggestion
product rule formula derivative,Product Rule,formula,yes,Google search suggestion
product rule formula example,Product Rule,examples,yes,Google search suggestion
product rule formula in differentiation,Product Rule,formula,yes,Google search suggestion
product rule formula in integration,Product Rule,formula,yes,Google search suggestion
product rule formula trigonometry,Product Rule,formula,yes,Google search suggestion
product rule formula u and v,Product Rule,formula,yes,Google search suggestion
product rule formula uv,Product Rule,formula,yes,Google search suggestion
product rule integration,Product Rule,topic,yes,Google search suggestion
product rule of exponents,Product Rule,topic,yes,Google search suggestion
product rule practice problems,Product Rule,practice,yes,Google search suggestion
product rule practice problems with answers,Product Rule,practice,yes,Google search suggestion
product rule practice problems with hints,Product Rule,practice,yes,added: the page answers this
product rule problem example,Product Rule,practice,yes,Google search suggestion
product rule problem set,Product Rule,practice,yes,Google search suggestion
product rule problems,Product Rule,practice,yes,Google search suggestion
product rule problems and solutions,Product Rule,practice,yes,Google search suggestion
product rule questions,Product Rule,practice,yes,Google search suggestion
product rule quiz,Product Rule,practice,yes,added: the page answers this
product rule step by step,Product Rule,examples,yes,added: the page answers this
product rule with 3 functions,Product Rule,topic,yes,Google search suggestion
product rule with chain rule,Product Rule,formula,yes,Google search suggestion
product rule with example,Product Rule,examples,yes,Google search suggestion
product rule with exponents,Product Rule,topic,yes,Google search suggestion
product rule with negative exponents,Product Rule,topic,yes,Google search suggestion
product rule with positive exponents multivariate,Product Rule,topic,yes,Google search suggestion
product rule with positive exponents univariate,Product Rule,topic,yes,Google search suggestion
product rule with three terms,Product Rule,topic,yes,Google search suggestion
product rule with u and v,Product Rule,topic,yes,Google search suggestion
product rule worked example,Product Rule,examples,yes,added: the page answers this
what is derivative product rule,Product Rule,definition,yes,Google search suggestion
what is product rule,Product Rule,definition,yes,Google search suggestion
what is product rule for counting,Product Rule,definition,yes,Google search suggestion
what is product rule formula,Product Rule,definition,yes,Google search suggestion
what is product rule in calculus,Product Rule,definition,yes,Google search suggestion
what is product rule in derivatives,Product Rule,definition,yes,Google search suggestion
what is product rule in differentiation,Product Rule,definition,yes,Google search suggestion
what is product rule in integration,Product Rule,definition,yes,Google search suggestion
what is product rule in law of exponents,Product Rule,definition,yes,Google search suggestion
what is product rule in math,Product Rule,definition,yes,Google search suggestion
when to use chain rule and when to use product rule,Product Rule,how to,yes,Google search suggestion
when to use chain rule vs product rule,Product Rule,how to,yes,Google search suggestion
when to use derivative product rule,Product Rule,how to,yes,Google search suggestion
when to use product rule,Product Rule,how to,yes,Google search suggestion
when to use product rule and when to use chain rule,Product Rule,how to,yes,Google search suggestion
when to use product rule calculus,Product Rule,how to,yes,Google search suggestion
when to use product rule in differentiation,Product Rule,how to,yes,Google search suggestion
when to use product rule vs chain rule,Product Rule,how to,yes,Google search suggestion
genetics product rule practice problems,Product Rule,other subject,no: a different subject,Google search suggestion
product rule definition biology,Product Rule,other subject,no: a different subject,Google search suggestion
product rule definition forensics,Product Rule,other subject,no: a different subject,Google search suggestion
product rule examples pdf,Product Rule,specific source,"no: wants a specific source, video or file",Google search suggestion
product rule examples with solutions class 11,Product Rule,specific source,"no: wants a specific source, video or file",Google search suggestion
product rule examples with solutions pdf,Product Rule,specific source,"no: wants a specific source, video or file",Google search suggestion
product rule formula class 12,Product Rule,specific source,"no: wants a specific source, video or file",Google search suggestion
product rule meaning in hindi,Product Rule,other language,no: wants it in another language,Google search suggestion
product rule practice problems pdf,Product Rule,specific source,"no: wants a specific source, video or file",Google search suggestion
product rule problems and solutions pdf,Product Rule,specific source,"no: wants a specific source, video or file",Google search suggestion
when to use product rule in genetics,Product Rule,other subject,no: a different subject,Google search suggestion
when to use product rule in probability,Product Rule,other subject,no: a different subject,Google search suggestion
derivative for inverse trig functions,Inverse Functions,topic,yes,Google search suggestion
derivative of inverse trig functions,Inverse Functions,topic,yes,Google search suggestion
derivative of inverse trig functions common mistakes,Inverse Functions,examples,yes,added: the page answers this
derivative of inverse trig functions examples,Inverse Functions,examples,yes,Google search suggestion
derivative of inverse trig functions explained,Inverse Functions,definition,yes,Google search suggestion
derivative of inverse trig functions explained simply,Inverse Functions,definition,yes,added: the page answers this
derivative of inverse trig functions for beginners,Inverse Functions,definition,yes,added: the page answers this
derivative of inverse trig functions formula,Inverse Functions,formula,yes,Google search suggestion
derivative of inverse trig functions practice,Inverse Functions,practice,yes,Google search suggestion
derivative of inverse trig functions practice problems,Inverse Functions,practice,yes,Google search suggestion
derivative of inverse trig functions practice problems with answers,Inverse Functions,practice,yes,added: the page answers this
derivative of inverse trig functions practice problems with hints,Inverse Functions,practice,yes,added: the page answers this
derivative of inverse trig functions problems,Inverse Functions,practice,yes,Google search suggestion
derivative of inverse trig functions proof,Inverse Functions,proof,yes,Google search suggestion
derivative of inverse trig functions quiz,Inverse Functions,practice,yes,added: the page answers this
derivative of inverse trig functions step by step,Inverse Functions,examples,yes,added: the page answers this
derivative of inverse trig functions with u,Inverse Functions,topic,yes,Google search suggestion
derivative of inverse trig functions worked example,Inverse Functions,examples,yes,added: the page answers this
derivative of inverse trigonometric functions examples,Inverse Functions,examples,yes,Google search suggestion
derivative of inverse trigonometric functions formula,Inverse Functions,formula,yes,Google search suggestion
derivative of inverse trigonometric functions practice problems,Inverse Functions,practice,yes,Google search suggestion
derivative of inverse trigonometric functions problems with solutions,Inverse Functions,practice,yes,Google search suggestion
derivative of inverse trigonometric functions sample problems,Inverse Functions,practice,yes,Google search suggestion
derivatives of inverse trig functions questions,Inverse Functions,practice,yes,Google search suggestion
derivatives of inverse trigonometric functions definition,Inverse Functions,definition,yes,Google search suggestion
derivatives of inverse trigonometric functions examples and solutions,Inverse Functions,examples,yes,Google search suggestion
derivatives of inverse trigonometric functions with domain,Inverse Functions,topic,yes,Google search suggestion
derivatives of inverse trigonometric functions with proof,Inverse Functions,proof,yes,Google search suggestion
derivatives with inverse trig functions,Inverse Functions,topic,yes,Google search suggestion
differentiation of inverse trigonometric functions,Inverse Functions,topic,yes,Google search suggestion
differentiation of inverse trigonometric functions examples with solutions,Inverse Functions,practice,yes,Google search suggestion
differentiation of inverse trigonometric functions formula,Inverse Functions,formula,yes,Google search suggestion
graphing inverse functions practice problems,Inverse Functions,practice,yes,Google search suggestion
how to derive derivative of inverse trig functions,Inverse Functions,proof,yes,Google search suggestion
how to derive inverse trigonometric functions,Inverse Functions,proof,yes,Google search suggestion
how to differentiate inverse trig functions,Inverse Functions,how to,yes,Google search suggestion
how to do inverse functions,Inverse Functions,how to,yes,Google search suggestion
how to find derivative of inverse trig functions,Inverse Functions,how to,yes,Google search suggestion
how to find inverse functions,Inverse Functions,how to,yes,Google search suggestion
how to graph inverse functions,Inverse Functions,how to,yes,Google search suggestion
how to inverse function a fraction,Inverse Functions,how to,yes,Google search suggestion
how to inverse function a quadratic,Inverse Functions,how to,yes,Google search suggestion
how to inverse functions,Inverse Functions,how to,yes,Google search suggestion
how to invert functions,Inverse Functions,how to,yes,Google search suggestion
how to know when to use inverse trig functions,Inverse Functions,how to,yes,Google search suggestion
how to memorize derivative of inverse trig functions,Inverse Functions,how to,yes,Google search suggestion
how to prove the derivative of inverse trig functions,Inverse Functions,proof,yes,Google search suggestion
how to solve inverse functions,Inverse Functions,how to,yes,Google search suggestion
how to take derivative of inverse trig functions,Inverse Functions,how to,yes,Google search suggestion
inverse function examples and solutions with graph,Inverse Functions,examples,yes,Google search suggestion
inverse function examples in discrete mathematics,Inverse Functions,examples,yes,Google search suggestion
inverse function examples in real life,Inverse Functions,examples,yes,Google search suggestion
inverse function for exponential,Inverse Functions,topic,yes,Google search suggestion
inverse function for fraction,Inverse Functions,topic,yes,Google search suggestion
inverse function for log,Inverse Functions,topic,yes,Google search suggestion
inverse function for quadratic,Inverse Functions,topic,yes,Google search suggestion
inverse function for quadratic equation,Inverse Functions,formula,yes,Google search suggestion
inverse function for square root,Inverse Functions,topic,yes,Google search suggestion
inverse function formula algebra,Inverse Functions,formula,yes,Google search suggestion
inverse function formula ap calc,Inverse Functions,formula,yes,Google search suggestion
inverse function formula ap calc ab,Inverse Functions,formula,yes,Google search suggestion
inverse function formula calculus,Inverse Functions,formula,yes,Google search suggestion
inverse function formula calculus ab,Inverse Functions,formula,yes,Google search suggestion
inverse function formula derivative,Inverse Functions,formula,yes,Google search suggestion
inverse function formula example,Inverse Functions,examples,yes,Google search suggestion
inverse function practice problems with answers,Inverse Functions,practice,yes,Google search suggestion
inverse function problems with solutions,Inverse Functions,practice,yes,Google search suggestion
inverse function with example,Inverse Functions,examples,yes,Google search suggestion
inverse function with log,Inverse Functions,topic,yes,Google search suggestion
inverse function with quadratic,Inverse Functions,topic,yes,Google search suggestion
inverse function with square root,Inverse Functions,topic,yes,Google search suggestion
inverse functions,Inverse Functions,topic,yes,Google search suggestion
inverse functions algebra 2,Inverse Functions,topic,yes,Google search suggestion
inverse functions calculus,Inverse Functions,topic,yes,Google search suggestion
inverse functions common mistakes,Inverse Functions,examples,yes,added: the page answers this
inverse functions definition,Inverse Functions,definition,yes,Google search suggestion
inverse functions definition math,Inverse Functions,definition,yes,Google search suggestion
inverse functions derivatives,Inverse Functions,topic,yes,Google search suggestion
inverse functions example problems,Inverse Functions,practice,yes,Google search suggestion
inverse functions examples,Inverse Functions,examples,yes,Google search suggestion
inverse functions examples and solutions,Inverse Functions,examples,yes,Google search suggestion
inverse functions examples graph,Inverse Functions,examples,yes,Google search suggestion
inverse functions examples with answers,Inverse Functions,practice,yes,Google search suggestion
inverse functions examples with fractions,Inverse Functions,examples,yes,Google search suggestion
inverse functions examples with square roots,Inverse Functions,examples,yes,Google search suggestion
inverse functions explained,Inverse Functions,definition,yes,Google search suggestion
inverse functions explained simply,Inverse Functions,definition,yes,Google search suggestion
inverse functions for beginners,Inverse Functions,definition,yes,added: the page answers this
inverse functions for derivatives,Inverse Functions,topic,yes,Google search suggestion
inverse functions for trig,Inverse Functions,topic,yes,Google search suggestion
inverse functions formula,Inverse Functions,formula,yes,Google search suggestion
inverse functions formula derivatives,Inverse Functions,formula,yes,Google search suggestion
inverse functions meaning,Inverse Functions,definition,yes,Google search suggestion
inverse functions on a graph,Inverse Functions,topic,yes,Google search suggestion
inverse functions practice,Inverse Functions,practice,yes,Google search suggestion
inverse functions practice problems,Inverse Functions,practice,yes,Google search suggestion
inverse functions practice problems algebra 2,Inverse Functions,practice,yes,Google search suggestion
inverse functions practice problems with answers,Inverse Functions,practice,yes,added: the page answers this
inverse functions practice problems with hints,Inverse Functions,practice,yes,added: the page answers this
inverse functions practice questions,Inverse Functions,practice,yes,Google search suggestion
inverse functions practice set 1,Inverse Functions,practice,yes,Google search suggestion
inverse functions practice set 2,Inverse Functions,practice,yes,Google search suggestion
inverse functions problems,Inverse Functions,practice,yes,Google search suggestion
inverse functions quiz,Inverse Functions,practice,yes,added: the page answers this
inverse functions step by step,Inverse Functions,examples,yes,added: the page answers this
inverse functions summary,Inverse Functions,topic,yes,Google search suggestion
inverse functions with derivatives,Inverse Functions,topic,yes,Google search suggestion
inverse functions with exponents,Inverse Functions,topic,yes,Google search suggestion
inverse functions with fractions,Inverse Functions,topic,yes,Google search suggestion
inverse functions with graphs,Inverse Functions,topic,yes,Google search suggestion
inverse functions with logarithms,Inverse Functions,topic,yes,Google search suggestion
inverse functions with trig,Inverse Functions,topic,yes,Google search suggestion
inverse functions worked example,Inverse Functions,examples,yes,added: the page answers this
inverse trigonometric functions practice problems,Inverse Functions,practice,yes,Google search suggestion
proof for derivative of inverse trig functions,Inverse Functions,proof,yes,Google search suggestion
rules for derivatives of inverse trig functions,Inverse Functions,formula,yes,Google search suggestion
what is derivative of inverse trigonometric functions,Inverse Functions,definition,yes,Google search suggestion
what is inverse function definition,Inverse Functions,definition,yes,Google search suggestion
what is inverse function in calculus,Inverse Functions,definition,yes,Google search suggestion
what is inverse function in discrete mathematics,Inverse Functions,definition,yes,Google search suggestion
what is inverse function notation,Inverse Functions,definition,yes,Google search suggestion
what is inverse function property,Inverse Functions,definition,yes,Google search suggestion
what is inverse function theorem,Inverse Functions,definition,yes,Google search suggestion
what is inverse function with example,Inverse Functions,examples,yes,Google search suggestion
what is inverse functions,Inverse Functions,definition,yes,Google search suggestion
what is inverse functions in math,Inverse Functions,definition,yes,Google search suggestion
what is the derivative of inverse sine,Inverse Functions,definition,yes,Google search suggestion
what is the derivative of inverse trig functions,Inverse Functions,definition,yes,Google search suggestion
what is the differentiation of inverse trigonometric functions,Inverse Functions,definition,yes,Google search suggestion
when do inverse functions exist,Inverse Functions,how to,yes,Google search suggestion
when do inverse functions not exist,Inverse Functions,how to,yes,Google search suggestion
when to use inverse demand function,Inverse Functions,how to,yes,Google search suggestion
when to use inverse function sin cos tan,Inverse Functions,how to,yes,Google search suggestion
when to use inverse functions,Inverse Functions,how to,yes,Google search suggestion
when to use inverse functions trig,Inverse Functions,how to,yes,Google search suggestion
when to use inverse trig functions when solving equations,Inverse Functions,how to,yes,Google search suggestion
derivative of inverse trig functions pdf,Inverse Functions,specific source,"no: wants a specific source, video or file",Google search suggestion
derivative of inverse trig functions quizlet,Inverse Functions,specific source,"no: wants a specific source, video or file",Google search suggestion
derivative of inverse trig functions worksheet,Inverse Functions,specific source,"no: wants a specific source, video or file",Google search suggestion
derivative of inverse trig functions worksheet pdf,Inverse Functions,specific source,"no: wants a specific source, video or file",Google search suggestion
derivative of inverse trigonometric functions problems with solutions pdf,Inverse Functions,specific source,"no: wants a specific source, video or file",Google search suggestion
derivatives of inverse trig functions worksheet with answers pdf,Inverse Functions,specific source,"no: wants a specific source, video or file",Google search suggestion
derivatives of inverse trigonometric functions examples and solutions pdf,Inverse Functions,specific source,"no: wants a specific source, video or file",Google search suggestion
differentiation formulas of inverse trigonometric functions pdf,Inverse Functions,specific source,"no: wants a specific source, video or file",Google search suggestion
how to inverse function on calculator,Inverse Functions,tool,no: wants a calculator or tool,Google search suggestion
how to inverse functions on desmos,Inverse Functions,tool,no: wants a calculator or tool,Google search suggestion
inverse function formula calculator,Inverse Functions,tool,no: wants a calculator or tool,Google search suggestion
inverse function formula class 12,Inverse Functions,specific source,"no: wants a specific source, video or file",Google search suggestion
inverse function practice problems with answers pdf,Inverse Functions,specific source,"no: wants a specific source, video or file",Google search suggestion
inverse function practice problems with answers pdf grade 11,Inverse Functions,specific source,"no: wants a specific source, video or file",Google search suggestion
inverse function practice problems with answers pdf grade 12,Inverse Functions,specific source,"no: wants a specific source, video or file",Google search suggestion
inverse function problems pdf,Inverse Functions,specific source,"no: wants a specific source, video or file",Google search suggestion
inverse functions desmos,Inverse Functions,tool,no: wants a calculator or tool,Google search suggestion
inverse functions examples and solutions pdf,Inverse Functions,specific source,"no: wants a specific source, video or file",Google search suggestion
inverse functions practice pdf,Inverse Functions,specific source,"no: wants a specific source, video or file",Google search suggestion
inverse functions practice problems pdf,Inverse Functions,specific source,"no: wants a specific source, video or file",Google search suggestion
inverse functions practice worksheet,Inverse Functions,specific source,"no: wants a specific source, video or file",Google search suggestion
inverse functions problems and solutions pdf,Inverse Functions,specific source,"no: wants a specific source, video or file",Google search suggestion
inverse functions worksheet,Inverse Functions,specific source,"no: wants a specific source, video or file",Google search suggestion
inverse functions worksheet pdf,Inverse Functions,specific source,"no: wants a specific source, video or file",Google search suggestion
what is inverse function class 12,Inverse Functions,specific source,"no: wants a specific source, video or file",Google search suggestion
chain rule for exponential functions,Exponential Functions,formula,yes,Google search suggestion
derivative rules for exponential functions,Exponential Functions,formula,yes,Google search suggestion
evaluating limits of exponential functions,Exponential Functions,topic,yes,Google search suggestion
exponential equations explained,Exponential Functions,definition,yes,Google search suggestion
exponential equations practice problems,Exponential Functions,practice,yes,Google search suggestion
exponential equations problems,Exponential Functions,practice,yes,Google search suggestion
exponential equations problems and solutions,Exponential Functions,practice,yes,Google search suggestion
exponential function examples with answers grade 10,Exponential Functions,practice,yes,Google search suggestion
exponential function examples with answers grade 11,Exponential Functions,practice,yes,Google search suggestion
exponential function examples word problems,Exponential Functions,practice,yes,Google search suggestion
exponential function explained for dummies,Exponential Functions,definition,yes,Google search suggestion
exponential function for population growth,Exponential Functions,topic,yes,Google search suggestion
exponential function format,Exponential Functions,topic,yes,Google search suggestion
exponential function formula derivative,Exponential Functions,formula,yes,Google search suggestion
exponential function formula example,Exponential Functions,examples,yes,Google search suggestion
exponential function formula explained,Exponential Functions,definition,yes,Google search suggestion
exponential function formula for population growth,Exponential Functions,formula,yes,Google search suggestion
exponential function formula growth,Exponential Functions,formula,yes,Google search suggestion
exponential function formula transformations,Exponential Functions,formula,yes,Google search suggestion
exponential function formula with e,Exponential Functions,formula,yes,Google search suggestion
exponential function formula y ab x,Exponential Functions,formula,yes,Google search suggestion
exponential function practice problems algebra 1,Exponential Functions,practice,yes,Google search suggestion
exponential function practice problems with answers,Exponential Functions,practice,yes,Google search suggestion
exponential function with asymptote,Exponential Functions,topic,yes,Google search suggestion
exponential function with base e,Exponential Functions,topic,yes,Google search suggestion
exponential function with example,Exponential Functions,examples,yes,Google search suggestion
exponential function with horizontal asymptote,Exponential Functions,topic,yes,Google search suggestion
exponential function with logarithm,Exponential Functions,topic,yes,Google search suggestion
exponential function with negative base,Exponential Functions,topic,yes,Google search suggestion
exponential function with two points,Exponential Functions,topic,yes,Google search suggestion
exponential functions,Exponential Functions,topic,yes,Google search suggestion
exponential functions and logarithms,Exponential Functions,topic,yes,Google search suggestion
exponential functions common mistakes,Exponential Functions,examples,yes,added: the page answers this
exponential functions definition,Exponential Functions,definition,yes,Google search suggestion
exponential functions example problems,Exponential Functions,practice,yes,Google search suggestion
exponential functions examples,Exponential Functions,examples,yes,Google search suggestion
exponential functions examples in real life,Exponential Functions,examples,yes,Google search suggestion
exponential functions examples with answers,Exponential Functions,practice,yes,Google search suggestion
exponential functions examples with solutions,Exponential Functions,practice,yes,Google search suggestion
exponential functions explained,Exponential Functions,definition,yes,Google search suggestion
exponential functions explained simply,Exponential Functions,definition,yes,added: the page answers this
exponential functions for beginners,Exponential Functions,definition,yes,added: the page answers this
exponential functions for dummies,Exponential Functions,definition,yes,Google search suggestion
exponential functions forms,Exponential Functions,topic,yes,Google search suggestion
exponential functions formula,Exponential Functions,formula,yes,Google search suggestion
exponential functions formula sheet,Exponential Functions,formula,yes,Google search suggestion
exponential functions graph,Exponential Functions,topic,yes,Google search suggestion
exponential functions math definition,Exponential Functions,definition,yes,Google search suggestion
exponential functions meaning,Exponential Functions,definition,yes,Google search suggestion
exponential functions practice,Exponential Functions,practice,yes,Google search suggestion
exponential functions practice problems,Exponential Functions,practice,yes,Google search suggestion
exponential functions practice problems with answers,Exponential Functions,practice,yes,added: the page answers this
exponential functions practice problems with hints,Exponential Functions,practice,yes,added: the page answers this
exponential functions practice test,Exponential Functions,practice,yes,Google search suggestion
exponential functions problem solving,Exponential Functions,practice,yes,Google search suggestion
exponential functions problems,Exponential Functions,practice,yes,Google search suggestion
exponential functions questions,Exponential Functions,practice,yes,Google search suggestion
exponential functions quiz,Exponential Functions,practice,yes,added: the page answers this
exponential functions step by step,Exponential Functions,examples,yes,added: the page answers this
exponential functions summary,Exponential Functions,topic,yes,Google search suggestion
exponential functions summary sheet,Exponential Functions,topic,yes,Google search suggestion
exponential functions transformations,Exponential Functions,topic,yes,Google search suggestion
exponential functions with e,Exponential Functions,topic,yes,Google search suggestion
exponential functions with graphs,Exponential Functions,topic,yes,Google search suggestion
exponential functions with transformations,Exponential Functions,topic,yes,Google search suggestion
exponential functions worked example,Exponential Functions,examples,yes,added: the page answers this
exponential growth and decay,Exponential Functions,topic,yes,Google search suggestion
exponential growth and decay calculus,Exponential Functions,topic,yes,Google search suggestion
exponential growth and decay calculus practice problems,Exponential Functions,practice,yes,Google search suggestion
exponential growth and decay common mistakes,Exponential Functions,examples,yes,added: the page answers this
exponential growth and decay definition,Exponential Functions,definition,yes,Google search suggestion
exponential growth and decay definition math,Exponential Functions,definition,yes,Google search suggestion
exponential growth and decay equation examples,Exponential Functions,examples,yes,Google search suggestion
exponential growth and decay equations,Exponential Functions,formula,yes,Google search suggestion
exponential growth and decay example problems,Exponential Functions,practice,yes,Google search suggestion
exponential growth and decay examples,Exponential Functions,examples,yes,Google search suggestion
exponential growth and decay examples in real life,Exponential Functions,examples,yes,Google search suggestion
exponential growth and decay examples with answers,Exponential Functions,practice,yes,Google search suggestion
exponential growth and decay explained,Exponential Functions,definition,yes,Google search suggestion
exponential growth and decay explained simply,Exponential Functions,definition,yes,added: the page answers this
exponential growth and decay for beginners,Exponential Functions,definition,yes,added: the page answers this
exponential growth and decay formula,Exponential Functions,formula,yes,Google search suggestion
exponential growth and decay formula algebra 2,Exponential Functions,formula,yes,Google search suggestion
exponential growth and decay formula calculus,Exponential Functions,formula,yes,Google search suggestion
exponential growth and decay formula example,Exponential Functions,examples,yes,Google search suggestion
exponential growth and decay formula explained,Exponential Functions,definition,yes,Google search suggestion
exponential growth and decay formula half life,Exponential Functions,formula,yes,Google search suggestion
exponential growth and decay formula o'level,Exponential Functions,formula,yes,Google search suggestion
exponential growth and decay formula with e,Exponential Functions,formula,yes,Google search suggestion
exponential growth and decay formulas compound interest,Exponential Functions,formula,yes,Google search suggestion
exponential growth and decay function,Exponential Functions,topic,yes,Google search suggestion
exponential growth and decay function formula,Exponential Functions,formula,yes,Google search suggestion
exponential growth and decay functions,Exponential Functions,topic,yes,Google search suggestion
exponential growth and decay graphs,Exponential Functions,topic,yes,Google search suggestion
exponential growth and decay in calculus,Exponential Functions,topic,yes,Google search suggestion
exponential growth and decay in differential equation,Exponential Functions,formula,yes,Google search suggestion
exponential growth and decay in math,Exponential Functions,topic,yes,Google search suggestion
exponential growth and decay in real life,Exponential Functions,topic,yes,Google search suggestion
exponential growth and decay math,Exponential Functions,topic,yes,Google search suggestion
exponential growth and decay math problems,Exponential Functions,practice,yes,Google search suggestion
exponential growth and decay on a graph,Exponential Functions,topic,yes,Google search suggestion
exponential growth and decay practice problems,Exponential Functions,practice,yes,Google search suggestion
exponential growth and decay practice problems with answers,Exponential Functions,practice,yes,added: the page answers this
exponential growth and decay practice problems with hints,Exponential Functions,practice,yes,added: the page answers this
exponential growth and decay problems,Exponential Functions,practice,yes,Google search suggestion
exponential growth and decay problems with answers,Exponential Functions,practice,yes,Google search suggestion
exponential growth and decay questions,Exponential Functions,practice,yes,Google search suggestion
exponential growth and decay questions with answers,Exponential Functions,practice,yes,Google search suggestion
exponential growth and decay quiz,Exponential Functions,practice,yes,added: the page answers this
exponential growth and decay sample problems,Exponential Functions,practice,yes,Google search suggestion
exponential growth and decay step by step,Exponential Functions,examples,yes,added: the page answers this
exponential growth and decay word problems,Exponential Functions,practice,yes,Google search suggestion
exponential growth and decay word problems algebra 1,Exponential Functions,practice,yes,Google search suggestion
exponential growth and decay word problems algebra 2,Exponential Functions,practice,yes,Google search suggestion
exponential growth and decay worked example,Exponential Functions,examples,yes,added: the page answers this
graphing exponential functions examples,Exponential Functions,examples,yes,Google search suggestion
graphing exponential functions explained,Exponential Functions,definition,yes,Google search suggestion
graphing exponential functions formula,Exponential Functions,formula,yes,Google search suggestion
graphing exponential functions practice problems,Exponential Functions,practice,yes,Google search suggestion
how to calculate exponential growth and decay,Exponential Functions,how to,yes,Google search suggestion
how to derive exponential functions,Exponential Functions,proof,yes,Google search suggestion
how to determine exponential growth and decay,Exponential Functions,how to,yes,Google search suggestion
how to differentiate exponential functions,Exponential Functions,how to,yes,Google search suggestion
how to do exponential growth and decay,Exponential Functions,how to,yes,Google search suggestion
how to do exponential growth and decay word problems,Exponential Functions,practice,yes,Google search suggestion
how to exponential functions,Exponential Functions,how to,yes,Google search suggestion
how to find exponential growth and decay,Exponential Functions,how to,yes,Google search suggestion
how to graph exponential functions,Exponential Functions,how to,yes,Google search suggestion
how to graph exponential functions with transformations,Exponential Functions,how to,yes,Google search suggestion
how to graph exponential growth and decay,Exponential Functions,how to,yes,Google search suggestion
how to graph exponential growth and decay functions,Exponential Functions,how to,yes,Google search suggestion
how to integrate exponential functions,Exponential Functions,how to,yes,Google search suggestion
how to sketch exponential functions,Exponential Functions,how to,yes,Google search suggestion
how to solve exponential functions,Exponential Functions,how to,yes,Google search suggestion
how to solve exponential growth and decay,Exponential Functions,how to,yes,Google search suggestion
how to solve exponential growth and decay problems,Exponential Functions,practice,yes,Google search suggestion
how to solve exponential growth and decay word problems,Exponential Functions,practice,yes,Google search suggestion
how to write exponential functions,Exponential Functions,how to,yes,Google search suggestion
is exponential growth and decay on the sat,Exponential Functions,topic,yes,Google search suggestion
l hopital's rule for exponential functions,Exponential Functions,formula,yes,Google search suggestion
limits at infinity for exponential functions,Exponential Functions,topic,yes,Google search suggestion
limits at infinity with exponential functions,Exponential Functions,topic,yes,Google search suggestion
use exponential growth and decay,Exponential Functions,topic,yes,Google search suggestion
what does exponential growth and decay mean,Exponential Functions,definition,yes,Google search suggestion
what grade level is exponential growth and decay,Exponential Functions,topic,yes,Google search suggestion
what is e in exponential growth and decay,Exponential Functions,definition,yes,Google search suggestion
what is exponential function definition,Exponential Functions,definition,yes,Google search suggestion
what is exponential function e,Exponential Functions,definition,yes,Google search suggestion
what is exponential function formula,Exponential Functions,definition,yes,Google search suggestion
what is exponential function graph,Exponential Functions,definition,yes,Google search suggestion
what is exponential function in calculus,Exponential Functions,definition,yes,Google search suggestion
what is exponential function in math,Exponential Functions,definition,yes,Google search suggestion
what is exponential function with example,Exponential Functions,examples,yes,Google search suggestion
what is exponential functions,Exponential Functions,definition,yes,Google search suggestion
what is exponential growth and decay,Exponential Functions,definition,yes,Google search suggestion
what is exponential growth and decay formula,Exponential Functions,definition,yes,Google search suggestion
what is exponential growth and decay in math,Exponential Functions,definition,yes,Google search suggestion
what is exponential growth vs decay,Exponential Functions,definition,yes,Google search suggestion
what is graphing exponential functions,Exponential Functions,definition,yes,Google search suggestion
what is k in exponential growth and decay,Exponential Functions,definition,yes,Google search suggestion
what is the difference between exponential growth and decay,Exponential Functions,definition,yes,Google search suggestion
when do we use exponential functions,Exponential Functions,how to,yes,Google search suggestion
when do you learn exponential growth and decay,Exponential Functions,how to,yes,Google search suggestion
when to use e in exponential functions,Exponential Functions,how to,yes,Google search suggestion
when to use exponential function,Exponential Functions,how to,yes,Google search suggestion
when to use exponential generating function,Exponential Functions,how to,yes,Google search suggestion
exponential function examples with answers pdf,Exponential Functions,specific source,"no: wants a specific source, video or file",Google search suggestion
exponential function examples with answers pdf grade 11,Exponential Functions,specific source,"no: wants a specific source, video or file",Google search suggestion
exponential function examples with answers pdf grade 12,Exponential Functions,specific source,"no: wants a specific source, video or file",Google search suggestion
exponential function formula calculator,Exponential Functions,tool,no: wants a calculator or tool,Google search suggestion
exponential function practice problems pdf,Exponential Functions,specific source,"no: wants a specific source, video or file",Google search suggestion
exponential function practice problems with answers pdf,Exponential Functions,specific source,"no: wants a specific source, video or file",Google search suggestion
exponential function practice problems with answers pdf grade 11,Exponential Functions,specific source,"no: wants a specific source, video or file",Google search suggestion
exponential function practice problems with answers pdf grade 12,Exponential Functions,specific source,"no: wants a specific source, video or file",Google search suggestion
exponential function problems pdf,Exponential Functions,specific source,"no: wants a specific source, video or file",Google search suggestion
exponential function problems with answers pdf,Exponential Functions,specific source,"no: wants a specific source, video or file",Google search suggestion
exponential functions khan academy,Exponential Functions,specific source,"no: wants a specific source, video or file",Google search suggestion
exponential functions problems worksheet,Exponential Functions,specific source,"no: wants a specific source, video or file",Google search suggestion
exponential functions questions and answers pdf,Exponential Functions,specific source,"no: wants a specific source, video or file",Google search suggestion
exponential functions worksheet,Exponential Functions,specific source,"no: wants a specific source, video or file",Google search suggestion
exponential functions worksheet with answers pdf,Exponential Functions,specific source,"no: wants a specific source, video or file",Google search suggestion
exponential growth and decay formula igcse,Exponential Functions,specific source,"no: wants a specific source, video or file",Google search suggestion
exponential growth and decay function worksheet,Exponential Functions,specific source,"no: wants a specific source, video or file",Google search suggestion
exponential growth and decay practice problems pdf,Exponential Functions,specific source,"no: wants a specific source, video or file",Google search suggestion
exponential growth and decay problems pdf,Exponential Functions,specific source,"no: wants a specific source, video or file",Google search suggestion
exponential growth and decay problems with answers pdf,Exponential Functions,specific source,"no: wants a specific source, video or file",Google search suggestion
exponential growth and decay problems worksheet,Exponential Functions,specific source,"no: wants a specific source, video or file",Google search suggestion
exponential growth and decay questions gcse,Exponential Functions,specific source,"no: wants a specific source, video or file",Google search suggestion
exponential growth and decay questions igcse,Exponential Functions,specific source,"no: wants a specific source, video or file",Google search suggestion
exponential growth and decay questions pdf,Exponential Functions,specific source,"no: wants a specific source, video or file",Google search suggestion
exponential growth and decay with logarithms worksheet,Exponential Functions,specific source,"no: wants a specific source, video or file",Google search suggestion
exponential growth and decay worksheet,Exponential Functions,specific source,"no: wants a specific source, video or file",Google search suggestion
exponential growth and decay worksheet pdf,Exponential Functions,specific source,"no: wants a specific source, video or file",Google search suggestion
exponential growth and decay worksheet with answers,Exponential Functions,specific source,"no: wants a specific source, video or file",Google search suggestion
exponential growth and decay worksheet with answers pdf,Exponential Functions,specific source,"no: wants a specific source, video or file",Google search suggestion
how to exponential function in excel,Exponential Functions,other subject,no: a different subject,Google search suggestion
what is exponential function in excel,Exponential Functions,other subject,no: a different subject,Google search suggestion
what is exponential function in python,Exponential Functions,other subject,no: a different subject,Google search suggestion
derivative of trig functions with constants,Trigonometric Functions & Their Derivatives,topic,yes,Google search suggestion
derivative of trig functions with powers,Trigonometric Functions & Their Derivatives,topic,yes,Google search suggestion
derivative of trigonometric functions sample problems with solutions,Trigonometric Functions & Their Derivatives,practice,yes,Google search suggestion
derivatives of inverse trig functions examples,Trigonometric Functions & Their Derivatives,examples,yes,Google search suggestion
derivatives of inverse trig functions formulas,Trigonometric Functions & Their Derivatives,formula,yes,Google search suggestion
derivatives of inverse trig functions practice problems,Trigonometric Functions & Their Derivatives,practice,yes,Google search suggestion
derivatives of inverse trig functions with u,Trigonometric Functions & Their Derivatives,topic,yes,Google search suggestion
derivatives of inverse trigonometric functions formulas,Trigonometric Functions & Their Derivatives,formula,yes,Google search suggestion
derivatives of inverse trigonometric functions sample problems,Trigonometric Functions & Their Derivatives,practice,yes,Google search suggestion
derivatives of trig functions,Trigonometric Functions & Their Derivatives,topic,yes,Google search suggestion
derivatives of trig functions and antiderivatives,Trigonometric Functions & Their Derivatives,topic,yes,Google search suggestion
derivatives of trig functions and inverse trig functions,Trigonometric Functions & Their Derivatives,topic,yes,Google search suggestion
derivatives of trig functions and their inverses,Trigonometric Functions & Their Derivatives,topic,yes,Google search suggestion
derivatives of trig functions chart,Trigonometric Functions & Their Derivatives,formula,yes,Google search suggestion
derivatives of trig functions cheat sheet,Trigonometric Functions & Their Derivatives,formula,yes,Google search suggestion
derivatives of trig functions common mistakes,Trigonometric Functions & Their Derivatives,examples,yes,added: the page answers this
derivatives of trig functions examples,Trigonometric Functions & Their Derivatives,examples,yes,Google search suggestion
derivatives of trig functions explained,Trigonometric Functions & Their Derivatives,definition,yes,Google search suggestion
derivatives of trig functions explained simply,Trigonometric Functions & Their Derivatives,definition,yes,added: the page answers this
derivatives of trig functions for beginners,Trigonometric Functions & Their Derivatives,definition,yes,added: the page answers this
derivatives of trig functions formula sheet,Trigonometric Functions & Their Derivatives,formula,yes,Google search suggestion
derivatives of trig functions formulas,Trigonometric Functions & Their Derivatives,formula,yes,Google search suggestion
derivatives of trig functions in degrees,Trigonometric Functions & Their Derivatives,topic,yes,Google search suggestion
derivatives of trig functions practice,Trigonometric Functions & Their Derivatives,practice,yes,Google search suggestion
derivatives of trig functions practice problems,Trigonometric Functions & Their Derivatives,practice,yes,Google search suggestion
derivatives of trig functions practice problems with answers,Trigonometric Functions & Their Derivatives,practice,yes,added: the page answers this
derivatives of trig functions practice problems with hints,Trigonometric Functions & Their Derivatives,practice,yes,added: the page answers this
derivatives of trig functions problems,Trigonometric Functions & Their Derivatives,practice,yes,Google search suggestion
derivatives of trig functions questions,Trigonometric Functions & Their Derivatives,practice,yes,Google search suggestion
derivatives of trig functions quiz,Trigonometric Functions & Their Derivatives,practice,yes,Google search suggestion
derivatives of trig functions step by step,Trigonometric Functions & Their Derivatives,examples,yes,added: the page answers this
derivatives of trig functions with chain rule,Trigonometric Functions & Their Derivatives,formula,yes,Google search suggestion
derivatives of trig functions with coefficients,Trigonometric Functions & Their Derivatives,topic,yes,Google search suggestion
derivatives of trig functions with exponents,Trigonometric Functions & Their Derivatives,topic,yes,Google search suggestion
derivatives of trig functions with u,Trigonometric Functions & Their Derivatives,topic,yes,Google search suggestion
derivatives of trig functions worked example,Trigonometric Functions & Their Derivatives,examples,yes,added: the page answers this
derivatives of trigonometric functions definition,Trigonometric Functions & Their Derivatives,definition,yes,Google search suggestion
derivatives of trigonometric functions examples and solutions,Trigonometric Functions & Their Derivatives,examples,yes,Google search suggestion
derivatives of trigonometric functions examples with answers,Trigonometric Functions & Their Derivatives,practice,yes,Google search suggestion
derivatives of trigonometric functions formula,Trigonometric Functions & Their Derivatives,formula,yes,Google search suggestion
derivatives of trigonometric functions problem set,Trigonometric Functions & Their Derivatives,practice,yes,Google search suggestion
derivatives of trigonometric functions problems and solutions,Trigonometric Functions & Their Derivatives,practice,yes,Google search suggestion
derivatives of trigonometric functions sample problems,Trigonometric Functions & Their Derivatives,practice,yes,Google search suggestion
derivatives with trig functions,Trigonometric Functions & Their Derivatives,topic,yes,Google search suggestion
differentiation of trigonometric functions practice problems,Trigonometric Functions & Their Derivatives,practice,yes,Google search suggestion
how to derive derivatives of trig functions,Trigonometric Functions & Their Derivatives,proof,yes,Google search suggestion
how to do derivatives of trig functions,Trigonometric Functions & Their Derivatives,how to,yes,Google search suggestion
how to draw unit circle,Trigonometric Functions & Their Derivatives,how to,yes,Google search suggestion
how to find derivatives of trig functions,Trigonometric Functions & Their Derivatives,how to,yes,Google search suggestion
how to find derivatives of trig functions with exponents,Trigonometric Functions & Their Derivatives,how to,yes,Google search suggestion
how to find nth derivative of trigonometric functions,Trigonometric Functions & Their Derivatives,how to,yes,Google search suggestion
how to learn unit circle,Trigonometric Functions & Their Derivatives,how to,yes,Google search suggestion
how to memorize derivatives of trig functions,Trigonometric Functions & Their Derivatives,how to,yes,Google search suggestion
how to memorize unit circle,Trigonometric Functions & Their Derivatives,how to,yes,Google search suggestion
how to memorize unit circle fast,Trigonometric Functions & Their Derivatives,how to,yes,Google search suggestion
how to memorize unit circle radians,Trigonometric Functions & Their Derivatives,how to,yes,Google search suggestion
how to prove derivatives of trig functions,Trigonometric Functions & Their Derivatives,proof,yes,Google search suggestion
how to read unit circle,Trigonometric Functions & Their Derivatives,how to,yes,Google search suggestion
how to remember derivatives of inverse trig functions,Trigonometric Functions & Their Derivatives,how to,yes,Google search suggestion
how to remember derivatives of trig functions,Trigonometric Functions & Their Derivatives,how to,yes,Google search suggestion
how to solve unit circle,Trigonometric Functions & Their Derivatives,how to,yes,Google search suggestion
how to understand unit circle,Trigonometric Functions & Their Derivatives,how to,yes,Google search suggestion
how to unit circle,Trigonometric Functions & Their Derivatives,how to,yes,Google search suggestion
how to use unit circle,Trigonometric Functions & Their Derivatives,how to,yes,Google search suggestion
unit circle,Trigonometric Functions & Their Derivatives,topic,yes,Google search suggestion
unit circle art project examples,Trigonometric Functions & Their Derivatives,examples,yes,Google search suggestion
unit circle chart,Trigonometric Functions & Their Derivatives,formula,yes,Google search suggestion
unit circle common mistakes,Trigonometric Functions & Their Derivatives,examples,yes,added: the page answers this
unit circle definition,Trigonometric Functions & Their Derivatives,definition,yes,Google search suggestion
unit circle degrees,Trigonometric Functions & Their Derivatives,topic,yes,Google search suggestion
unit circle equation,Trigonometric Functions & Their Derivatives,formula,yes,Google search suggestion
unit circle equation examples,Trigonometric Functions & Their Derivatives,examples,yes,Google search suggestion
unit circle equation sin and cos,Trigonometric Functions & Their Derivatives,formula,yes,Google search suggestion
unit circle example problems,Trigonometric Functions & Their Derivatives,practice,yes,Google search suggestion
unit circle examples,Trigonometric Functions & Their Derivatives,examples,yes,Google search suggestion
unit circle examples with solution,Trigonometric Functions & Their Derivatives,examples,yes,Google search suggestion
unit circle explained,Trigonometric Functions & Their Derivatives,definition,yes,Google search suggestion
unit circle explained easy,Trigonometric Functions & Their Derivatives,definition,yes,Google search suggestion
unit circle explained for dummies,Trigonometric Functions & Their Derivatives,definition,yes,Google search suggestion
unit circle explained radians,Trigonometric Functions & Their Derivatives,definition,yes,Google search suggestion
unit circle explained simply,Trigonometric Functions & Their Derivatives,definition,yes,added: the page answers this
unit circle for beginners,Trigonometric Functions & Their Derivatives,definition,yes,added: the page answers this
unit circle for calculus,Trigonometric Functions & Their Derivatives,topic,yes,Google search suggestion
unit circle for dummies,Trigonometric Functions & Their Derivatives,definition,yes,Google search suggestion
unit circle for mcat,Trigonometric Functions & Their Derivatives,topic,yes,Google search suggestion
unit circle for sin,Trigonometric Functions & Their Derivatives,topic,yes,Google search suggestion
unit circle for sin and cos,Trigonometric Functions & Their Derivatives,topic,yes,Google search suggestion
unit circle for tan,Trigonometric Functions & Their Derivatives,topic,yes,Google search suggestion
unit circle for tangent,Trigonometric Functions & Their Derivatives,topic,yes,Google search suggestion
unit circle for trig,Trigonometric Functions & Their Derivatives,topic,yes,Google search suggestion
unit circle for trigonometry,Trigonometric Functions & Their Derivatives,topic,yes,Google search suggestion
unit circle formula,Trigonometric Functions & Their Derivatives,formula,yes,Google search suggestion
unit circle formula derivation,Trigonometric Functions & Their Derivatives,proof,yes,Google search suggestion
unit circle formula for each quadrant,Trigonometric Functions & Their Derivatives,formula,yes,Google search suggestion
unit circle formula for trigonometric functions,Trigonometric Functions & Their Derivatives,formula,yes,Google search suggestion
unit circle formula sheet,Trigonometric Functions & Their Derivatives,formula,yes,Google search suggestion
unit circle formula trigonometry,Trigonometric Functions & Their Derivatives,formula,yes,Google search suggestion
unit circle practice,Trigonometric Functions & Their Derivatives,practice,yes,Google search suggestion
unit circle practice problems,Trigonometric Functions & Their Derivatives,practice,yes,Google search suggestion
unit circle practice problems radians,Trigonometric Functions & Their Derivatives,practice,yes,Google search suggestion
unit circle practice problems with answers,Trigonometric Functions & Their Derivatives,practice,yes,added: the page answers this
unit circle practice problems with hints,Trigonometric Functions & Their Derivatives,practice,yes,added: the page answers this
unit circle practice questions,Trigonometric Functions & Their Derivatives,practice,yes,Google search suggestion
unit circle practice test,Trigonometric Functions & Their Derivatives,practice,yes,Google search suggestion
unit circle problem example,Trigonometric Functions & Their Derivatives,practice,yes,Google search suggestion
unit circle problem solving,Trigonometric Functions & Their Derivatives,practice,yes,Google search suggestion
unit circle problems,Trigonometric Functions & Their Derivatives,practice,yes,Google search suggestion
unit circle problems sat,Trigonometric Functions & Their Derivatives,practice,yes,Google search suggestion
unit circle problems with answers,Trigonometric Functions & Their Derivatives,practice,yes,Google search suggestion
unit circle project examples,Trigonometric Functions & Their Derivatives,examples,yes,Google search suggestion
unit circle questions,Trigonometric Functions & Their Derivatives,practice,yes,Google search suggestion
unit circle questions sat,Trigonometric Functions & Their Derivatives,practice,yes,Google search suggestion
unit circle quiz,Trigonometric Functions & Their Derivatives,practice,yes,Google search suggestion
unit circle radians,Trigonometric Functions & Their Derivatives,topic,yes,Google search suggestion
unit circle real life examples,Trigonometric Functions & Their Derivatives,examples,yes,Google search suggestion
unit circle simple explanation,Trigonometric Functions & Their Derivatives,definition,yes,Google search suggestion
unit circle step by step,Trigonometric Functions & Their Derivatives,examples,yes,added: the page answers this
unit circle tan,Trigonometric Functions & Their Derivatives,topic,yes,Google search suggestion
unit circle trigonometry examples,Trigonometric Functions & Their Derivatives,examples,yes,Google search suggestion
unit circle with coordinates,Trigonometric Functions & Their Derivatives,topic,yes,Google search suggestion
unit circle with degrees,Trigonometric Functions & Their Derivatives,topic,yes,Google search suggestion
unit circle with degrees and radians,Trigonometric Functions & Their Derivatives,topic,yes,Google search suggestion
unit circle with pi,Trigonometric Functions & Their Derivatives,topic,yes,Google search suggestion
unit circle with radians,Trigonometric Functions & Their Derivatives,topic,yes,Google search suggestion
unit circle with sin and cos,Trigonometric Functions & Their Derivatives,topic,yes,Google search suggestion
unit circle with sin cos tan,Trigonometric Functions & Their Derivatives,topic,yes,Google search suggestion
unit circle with tan,Trigonometric Functions & Their Derivatives,topic,yes,Google search suggestion
unit circle with tangent,Trigonometric Functions & Their Derivatives,topic,yes,Google search suggestion
unit circle with tangent values,Trigonometric Functions & Their Derivatives,topic,yes,Google search suggestion
unit circle worked example,Trigonometric Functions & Their Derivatives,examples,yes,added: the page answers this
what is derivatives of trigonometric functions,Trigonometric Functions & Their Derivatives,definition,yes,Google search suggestion
what is differentiation of trigonometric functions,Trigonometric Functions & Their Derivatives,definition,yes,Google search suggestion
what is tan unit circle,Trigonometric Functions & Their Derivatives,definition,yes,Google search suggestion
what is the derivative of all trig functions,Trigonometric Functions & Their Derivatives,definition,yes,Google search suggestion
what is the derivative of all trigonometric functions,Trigonometric Functions & Their Derivatives,definition,yes,Google search suggestion
what is the derivative of arc trig functions,Trigonometric Functions & Their Derivatives,definition,yes,Google search suggestion
what is the derivative of trig functions,Trigonometric Functions & Their Derivatives,definition,yes,Google search suggestion
what is the derivatives of inverse trig functions,Trigonometric Functions & Their Derivatives,definition,yes,Google search suggestion
what is unit circle,Trigonometric Functions & Their Derivatives,definition,yes,Google search suggestion
what is unit circle definition,Trigonometric Functions & Their Derivatives,definition,yes,Google search suggestion
what is unit circle equation,Trigonometric Functions & Their Derivatives,definition,yes,Google search suggestion
what is unit circle formula,Trigonometric Functions & Their Derivatives,definition,yes,Google search suggestion
what is unit circle in math,Trigonometric Functions & Their Derivatives,definition,yes,Google search suggestion
what is unit circle in trigonometry,Trigonometric Functions & Their Derivatives,definition,yes,Google search suggestion
what is unit circle radius,Trigonometric Functions & Their Derivatives,definition,yes,Google search suggestion
what is unit circle used for,Trigonometric Functions & Their Derivatives,definition,yes,Google search suggestion
when to use unit circle,Trigonometric Functions & Their Derivatives,how to,yes,Google search suggestion
why do we use the unit circle,Trigonometric Functions & Their Derivatives,definition,yes,Google search suggestion
derivatives of inverse trigonometric functions problems with solutions pdf,Trigonometric Functions & Their Derivatives,specific source,"no: wants a specific source, video or file",Google search suggestion
derivatives of trig functions worksheet,Trigonometric Functions & Their Derivatives,specific source,"no: wants a specific source, video or file",Google search suggestion
derivatives of trig functions worksheet with solutions pdf,Trigonometric Functions & Their Derivatives,specific source,"no: wants a specific source, video or file",Google search suggestion
derivatives of trigonometric functions examples and solutions pdf,Trigonometric Functions & Their Derivatives,specific source,"no: wants a specific source, video or file",Google search suggestion
derivatives of trigonometric functions formula pdf,Trigonometric Functions & Their Derivatives,specific source,"no: wants a specific source, video or file",Google search suggestion
derivatives of trigonometric functions problems and solutions pdf,Trigonometric Functions & Their Derivatives,specific source,"no: wants a specific source, video or file",Google search suggestion
derivatives of trigonometric functions questions and answers pdf,Trigonometric Functions & Their Derivatives,specific source,"no: wants a specific source, video or file",Google search suggestion
how to find derivative of trigonometric functions in calculator,Trigonometric Functions & Their Derivatives,tool,no: wants a calculator or tool,Google search suggestion
unit circle calculator,Trigonometric Functions & Their Derivatives,tool,no: wants a calculator or tool,Google search suggestion
unit circle explained khan academy,Trigonometric Functions & Their Derivatives,specific source,"no: wants a specific source, video or file",Google search suggestion
unit circle explained organic chemistry tutor,Trigonometric Functions & Their Derivatives,other subject,no: a different subject,Google search suggestion
unit circle explained pdf,Trigonometric Functions & Their Derivatives,specific source,"no: wants a specific source, video or file",Google search suggestion
unit circle explained video,Trigonometric Functions & Their Derivatives,specific source,"no: wants a specific source, video or file",Google search suggestion
unit circle explained youtube,Trigonometric Functions & Their Derivatives,specific source,"no: wants a specific source, video or file",Google search suggestion
unit circle formula desmos,Trigonometric Functions & Their Derivatives,tool,no: wants a calculator or tool,Google search suggestion
unit circle game,Trigonometric Functions & Their Derivatives,other subject,no: a different subject,Google search suggestion
unit circle practice problems pdf,Trigonometric Functions & Their Derivatives,specific source,"no: wants a specific source, video or file",Google search suggestion
unit circle practice problems with answers pdf,Trigonometric Functions & Their Derivatives,specific source,"no: wants a specific source, video or file",Google search suggestion
unit circle practice problems worksheet,Trigonometric Functions & Their Derivatives,specific source,"no: wants a specific source, video or file",Google search suggestion
unit circle practice test pdf,Trigonometric Functions & Their Derivatives,specific source,"no: wants a specific source, video or file",Google search suggestion
unit circle practice worksheets,Trigonometric Functions & Their Derivatives,specific source,"no: wants a specific source, video or file",Google search suggestion
unit circle problems pdf,Trigonometric Functions & Their Derivatives,specific source,"no: wants a specific source, video or file",Google search suggestion
unit circle problems worksheet,Trigonometric Functions & Their Derivatives,specific source,"no: wants a specific source, video or file",Google search suggestion
unit circle problems worksheet pdf,Trigonometric Functions & Their Derivatives,specific source,"no: wants a specific source, video or file",Google search suggestion
what is unit circle class 11,Trigonometric Functions & Their Derivatives,specific source,"no: wants a specific source, video or file",Google search suggestion
chain rule,Chain Rule,topic,yes,Google search suggestion
chain rule calculus,Chain Rule,topic,yes,Google search suggestion
chain rule common mistakes,Chain Rule,examples,yes,added: the page answers this
chain rule definition,Chain Rule,definition,yes,Google search suggestion
chain rule derivative,Chain Rule,topic,yes,Google search suggestion
chain rule example problems,Chain Rule,practice,yes,Google search suggestion
chain rule examples,Chain Rule,examples,yes,Google search suggestion
chain rule examples derivatives,Chain Rule,examples,yes,Google search suggestion
chain rule examples step-by-step,Chain Rule,examples,yes,Google search suggestion
chain rule examples with answers,Chain Rule,practice,yes,Google search suggestion
chain rule examples with solutions,Chain Rule,practice,yes,Google search suggestion
chain rule explained,Chain Rule,definition,yes,Google search suggestion
chain rule explained calculus,Chain Rule,definition,yes,Google search suggestion
chain rule explained derivatives,Chain Rule,definition,yes,Google search suggestion
chain rule explained for dummies,Chain Rule,definition,yes,Google search suggestion
chain rule explained in words,Chain Rule,definition,yes,Google search suggestion
chain rule explained simply,Chain Rule,definition,yes,Google search suggestion
chain rule explained with examples,Chain Rule,examples,yes,Google search suggestion
chain rule for 3 functions,Chain Rule,topic,yes,Google search suggestion
chain rule for beginners,Chain Rule,definition,yes,added: the page answers this
chain rule for derivatives,Chain Rule,topic,yes,Google search suggestion
chain rule for e^x,Chain Rule,topic,yes,Google search suggestion
chain rule for integration,Chain Rule,topic,yes,Google search suggestion
chain rule for trig functions,Chain Rule,topic,yes,Google search suggestion
chain rule formula,Chain Rule,formula,yes,Google search suggestion
chain rule formula calc 1,Chain Rule,formula,yes,Google search suggestion
chain rule formula calc 3,Chain Rule,formula,yes,Google search suggestion
chain rule formula calculus,Chain Rule,formula,yes,Google search suggestion
chain rule formula derivative,Chain Rule,formula,yes,Google search suggestion
chain rule formula example,Chain Rule,examples,yes,Google search suggestion
chain rule formula in differentiation,Chain Rule,formula,yes,Google search suggestion
chain rule formula in time and work,Chain Rule,formula,yes,Google search suggestion
chain rule formula using u and v,Chain Rule,formula,yes,Google search suggestion
chain rule formula uv,Chain Rule,formula,yes,Google search suggestion
chain rule integration,Chain Rule,topic,yes,Google search suggestion
chain rule practice problems,Chain Rule,practice,yes,Google search suggestion
chain rule practice problems calc 1,Chain Rule,practice,yes,Google search suggestion
chain rule practice problems calculus,Chain Rule,practice,yes,Google search suggestion
chain rule practice problems with answers,Chain Rule,practice,yes,Google search suggestion
chain rule practice problems with hints,Chain Rule,practice,yes,added: the page answers this
chain rule practice problems with solutions,Chain Rule,practice,yes,Google search suggestion
chain rule practice questions,Chain Rule,practice,yes,Google search suggestion
chain rule problems,Chain Rule,practice,yes,Google search suggestion
chain rule problems aptitude,Chain Rule,practice,yes,Google search suggestion
chain rule problems calc 1,Chain Rule,practice,yes,Google search suggestion
chain rule problems calculus,Chain Rule,practice,yes,Google search suggestion
chain rule problems hard,Chain Rule,practice,yes,Google search suggestion
chain rule problems with answers,Chain Rule,practice,yes,Google search suggestion
chain rule problems with solutions,Chain Rule,practice,yes,Google search suggestion
chain rule proof,Chain Rule,proof,yes,Google search suggestion
chain rule quiz,Chain Rule,practice,yes,added: the page answers this
chain rule step by step,Chain Rule,examples,yes,added: the page answers this
chain rule with 3 functions,Chain Rule,topic,yes,Google search suggestion
chain rule with e,Chain Rule,topic,yes,Google search suggestion
chain rule with e^x,Chain Rule,topic,yes,Google search suggestion
chain rule with exponents,Chain Rule,topic,yes,Google search suggestion
chain rule with fractions,Chain Rule,topic,yes,Google search suggestion
chain rule with integrals,Chain Rule,topic,yes,Google search suggestion
chain rule with ln,Chain Rule,topic,yes,Google search suggestion
chain rule with trig,Chain Rule,topic,yes,Google search suggestion
chain rule with trig functions,Chain Rule,topic,yes,Google search suggestion
chain rule worked example,Chain Rule,examples,yes,added: the page answers this
derivative chain rule examples,Chain Rule,examples,yes,Google search suggestion
derivative chain rule explained,Chain Rule,definition,yes,Google search suggestion
derivative chain rule formula,Chain Rule,formula,yes,Google search suggestion
derivative chain rule practice problems,Chain Rule,practice,yes,Google search suggestion
derivative chain rule problems,Chain Rule,practice,yes,Google search suggestion
derivative of e x chain rule,Chain Rule,topic,yes,Google search suggestion
derivative of e x with chain rule,Chain Rule,topic,yes,Google search suggestion
derivatives of inverse trig functions with chain rule,Chain Rule,topic,yes,Google search suggestion
how to chain rule,Chain Rule,how to,yes,Google search suggestion
how to chain rule a fraction,Chain Rule,how to,yes,Google search suggestion
how to chain rule derivative,Chain Rule,how to,yes,Google search suggestion
how to chain rule differentiation,Chain Rule,how to,yes,Google search suggestion
how to chain rule e,Chain Rule,how to,yes,Google search suggestion
how to chain rule e x,Chain Rule,how to,yes,Google search suggestion
how to chain rule integration,Chain Rule,how to,yes,Google search suggestion
how to chain rule ln,Chain Rule,how to,yes,Google search suggestion
how to chain rule trig functions,Chain Rule,how to,yes,Google search suggestion
how to chain rule twice,Chain Rule,how to,yes,Google search suggestion
partial derivative formula chain rule,Chain Rule,formula,yes,Google search suggestion
what is chain rule,Chain Rule,definition,yes,Google search suggestion
what is chain rule again,Chain Rule,definition,yes,Google search suggestion
what is chain rule formula,Chain Rule,definition,yes,Google search suggestion
what is chain rule in calculus,Chain Rule,definition,yes,Google search suggestion
what is chain rule in derivatives,Chain Rule,definition,yes,Google search suggestion
what is chain rule in differentiation,Chain Rule,definition,yes,Google search suggestion
what is chain rule in differentiation with example,Chain Rule,examples,yes,Google search suggestion
what is chain rule in integration,Chain Rule,definition,yes,Google search suggestion
what is chain rule in maths,Chain Rule,definition,yes,Google search suggestion
what is derivative chain rule,Chain Rule,definition,yes,Google search suggestion
when to use chain rule,Chain Rule,how to,yes,Google search suggestion
when to use chain rule in calculus,Chain Rule,how to,yes,Google search suggestion
when to use chain rule in derivatives,Chain Rule,how to,yes,Google search suggestion
when to use chain rule vs power rule,Chain Rule,how to,yes,Google search suggestion
when to use derivative chain rule,Chain Rule,how to,yes,Google search suggestion
when to use quotient and chain rule,Chain Rule,how to,yes,Google search suggestion
chain rule examples pdf,Chain Rule,specific source,"no: wants a specific source, video or file",Google search suggestion
chain rule examples step by step pdf,Chain Rule,specific source,"no: wants a specific source, video or file",Google search suggestion
chain rule examples with solutions class 11,Chain Rule,specific source,"no: wants a specific source, video or file",Google search suggestion
chain rule examples with solutions class 12,Chain Rule,specific source,"no: wants a specific source, video or file",Google search suggestion
chain rule examples with solutions pdf,Chain Rule,specific source,"no: wants a specific source, video or file",Google search suggestion
chain rule explained youtube,Chain Rule,specific source,"no: wants a specific source, video or file",Google search suggestion
chain rule meaning in hindi,Chain Rule,other language,no: wants it in another language,Google search suggestion
chain rule of probability,Chain Rule,other subject,no: a different subject,Google search suggestion
chain rule practice problems khan academy,Chain Rule,specific source,"no: wants a specific source, video or file",Google search suggestion
chain rule practice problems pdf,Chain Rule,specific source,"no: wants a specific source, video or file",Google search suggestion
chain rule practice problems with answers pdf,Chain Rule,specific source,"no: wants a specific source, video or file",Google search suggestion
chain rule problems and solutions pdf,Chain Rule,specific source,"no: wants a specific source, video or file",Google search suggestion
chain rule problems pdf,Chain Rule,specific source,"no: wants a specific source, video or file",Google search suggestion
chain rule problems worksheet,Chain Rule,specific source,"no: wants a specific source, video or file",Google search suggestion
what is chain rule of probability,Chain Rule,other subject,no: a different subject,Google search suggestion
calculus quotient rule practice problems,Quotient Rule,practice,yes,Google search suggestion
derivative quotient rule,Quotient Rule,topic,yes,Google search suggestion
derivative quotient rule explained,Quotient Rule,definition,yes,Google search suggestion
derivative quotient rule formula,Quotient Rule,formula,yes,Google search suggestion
derivative quotient rule practice problems,Quotient Rule,practice,yes,Google search suggestion
derivative quotient rule problems,Quotient Rule,practice,yes,Google search suggestion
how to differentiate quotient rule,Quotient Rule,how to,yes,Google search suggestion
how to do quotient rule,Quotient Rule,how to,yes,Google search suggestion
how to do quotient rule derivative,Quotient Rule,how to,yes,Google search suggestion
how to integrate quotient rule,Quotient Rule,how to,yes,Google search suggestion
how to know when to use quotient rule,Quotient Rule,how to,yes,Google search suggestion
how to prove quotient rule,Quotient Rule,proof,yes,Google search suggestion
how to quotient rule,Quotient Rule,how to,yes,Google search suggestion
how to remember quotient rule,Quotient Rule,how to,yes,Google search suggestion
how to solve quotient rule,Quotient Rule,how to,yes,Google search suggestion
how to use quotient rule,Quotient Rule,how to,yes,Google search suggestion
how to use quotient rule in differentiation,Quotient Rule,how to,yes,Google search suggestion
logarithm quotient rule examples,Quotient Rule,examples,yes,Google search suggestion
product and quotient rule practice problems,Quotient Rule,practice,yes,Google search suggestion
product rule and quotient rule,Quotient Rule,formula,yes,Google search suggestion
product rule formula and quotient rule,Quotient Rule,formula,yes,Google search suggestion
quotient law explained,Quotient Rule,definition,yes,Google search suggestion
quotient rule,Quotient Rule,topic,yes,Google search suggestion
quotient rule calc,Quotient Rule,topic,yes,Google search suggestion
quotient rule calculus,Quotient Rule,topic,yes,Google search suggestion
quotient rule common mistakes,Quotient Rule,examples,yes,added: the page answers this
quotient rule definition,Quotient Rule,definition,yes,Google search suggestion
quotient rule definition algebra,Quotient Rule,definition,yes,Google search suggestion
quotient rule definition calculus,Quotient Rule,definition,yes,Google search suggestion
quotient rule definition math,Quotient Rule,definition,yes,Google search suggestion
quotient rule derivative,Quotient Rule,topic,yes,Google search suggestion
quotient rule derivative example problems,Quotient Rule,practice,yes,Google search suggestion
quotient rule derivative formula,Quotient Rule,formula,yes,Google search suggestion
quotient rule derivative practice problems,Quotient Rule,practice,yes,Google search suggestion
quotient rule example problems,Quotient Rule,practice,yes,Google search suggestion
quotient rule examples,Quotient Rule,examples,yes,Google search suggestion
quotient rule examples derivative,Quotient Rule,examples,yes,Google search suggestion
quotient rule examples easy,Quotient Rule,examples,yes,Google search suggestion
quotient rule examples exponents,Quotient Rule,examples,yes,Google search suggestion
quotient rule examples grade 9,Quotient Rule,examples,yes,Google search suggestion
quotient rule examples simple,Quotient Rule,examples,yes,Google search suggestion
quotient rule examples with answers,Quotient Rule,practice,yes,Google search suggestion
quotient rule examples with solutions,Quotient Rule,practice,yes,Google search suggestion
quotient rule explained,Quotient Rule,definition,yes,Google search suggestion
quotient rule explained easy,Quotient Rule,definition,yes,Google search suggestion
quotient rule explained simply,Quotient Rule,definition,yes,added: the page answers this
quotient rule exponents,Quotient Rule,topic,yes,Google search suggestion
quotient rule for beginners,Quotient Rule,definition,yes,added: the page answers this
quotient rule for derivatives,Quotient Rule,topic,yes,Google search suggestion
quotient rule for differentiation,Quotient Rule,topic,yes,Google search suggestion
quotient rule for exponents,Quotient Rule,topic,yes,Google search suggestion
quotient rule for integration,Quotient Rule,topic,yes,Google search suggestion
quotient rule for limits,Quotient Rule,topic,yes,Google search suggestion
quotient rule for logarithms,Quotient Rule,topic,yes,Google search suggestion
quotient rule for radicals,Quotient Rule,topic,yes,Google search suggestion
quotient rule for square roots,Quotient Rule,topic,yes,Google search suggestion
quotient rule formula,Quotient Rule,formula,yes,Google search suggestion
quotient rule formula calculus,Quotient Rule,formula,yes,Google search suggestion
quotient rule formula derivatives,Quotient Rule,formula,yes,Google search suggestion
quotient rule formula example,Quotient Rule,examples,yes,Google search suggestion
quotient rule formula for integration,Quotient Rule,formula,yes,Google search suggestion
quotient rule formula in terms of u and v,Quotient Rule,formula,yes,Google search suggestion
quotient rule formula u and v,Quotient Rule,formula,yes,Google search suggestion
quotient rule formula uv,Quotient Rule,formula,yes,Google search suggestion
quotient rule limits,Quotient Rule,topic,yes,Google search suggestion
quotient rule practice problems,Quotient Rule,practice,yes,Google search suggestion
quotient rule practice problems with answers,Quotient Rule,practice,yes,Google search suggestion
quotient rule practice problems with hints,Quotient Rule,practice,yes,added: the page answers this
quotient rule problem example,Quotient Rule,practice,yes,Google search suggestion
quotient rule problem set,Quotient Rule,practice,yes,Google search suggestion
quotient rule problems,Quotient Rule,practice,yes,Google search suggestion
quotient rule problems with solutions,Quotient Rule,practice,yes,Google search suggestion
quotient rule questions,Quotient Rule,practice,yes,Google search suggestion
quotient rule questions and answers,Quotient Rule,practice,yes,Google search suggestion
quotient rule quiz,Quotient Rule,practice,yes,added: the page answers this
quotient rule step by step,Quotient Rule,examples,yes,added: the page answers this
quotient rule with 3 terms,Quotient Rule,topic,yes,Google search suggestion
quotient rule with chain rule,Quotient Rule,formula,yes,Google search suggestion
quotient rule with constant numerator,Quotient Rule,topic,yes,Google search suggestion
quotient rule with derivatives,Quotient Rule,topic,yes,Google search suggestion
quotient rule with exponents,Quotient Rule,topic,yes,Google search suggestion
quotient rule with f and g,Quotient Rule,topic,yes,Google search suggestion
quotient rule with logs,Quotient Rule,topic,yes,Google search suggestion
quotient rule with negative exponents,Quotient Rule,topic,yes,Google search suggestion
quotient rule with trig functions,Quotient Rule,topic,yes,Google search suggestion
quotient rule with u and v,Quotient Rule,topic,yes,Google search suggestion
quotient rule worked example,Quotient Rule,examples,yes,added: the page answers this
what is derivative quotient rule,Quotient Rule,definition,yes,Google search suggestion
what is product rule and quotient rule,Quotient Rule,definition,yes,Google search suggestion
what is quotient rule,Quotient Rule,definition,yes,Google search suggestion
what is quotient rule for exponents,Quotient Rule,definition,yes,Google search suggestion
what is quotient rule formula,Quotient Rule,definition,yes,Google search suggestion
what is quotient rule in calculus,Quotient Rule,definition,yes,Google search suggestion
what is quotient rule in derivatives,Quotient Rule,definition,yes,Google search suggestion
what is quotient rule in integration,Quotient Rule,definition,yes,Google search suggestion
what is the quotient rule,Quotient Rule,definition,yes,Google search suggestion
when not to use quotient rule,Quotient Rule,topic,yes,Google search suggestion
when to use chain product and quotient rule,Quotient Rule,how to,yes,Google search suggestion
when to use product and quotient rule,Quotient Rule,how to,yes,Google search suggestion
when to use product rule vs quotient rule,Quotient Rule,how to,yes,Google search suggestion
when to use quotient rule,Quotient Rule,how to,yes,Google search suggestion
when to use quotient rule calculus,Quotient Rule,how to,yes,Google search suggestion
when to use quotient rule derivative,Quotient Rule,how to,yes,Google search suggestion
when to use quotient rule or product rule,Quotient Rule,how to,yes,Google search suggestion
when to use quotient rule vs product rule,Quotient Rule,how to,yes,Google search suggestion
quotient rule examples pdf,Quotient Rule,specific source,"no: wants a specific source, video or file",Google search suggestion
quotient rule examples with solutions pdf,Quotient Rule,specific source,"no: wants a specific source, video or file",Google search suggestion
quotient rule formula a level maths,Quotient Rule,specific source,"no: wants a specific source, video or file",Google search suggestion
quotient rule formula basketball,Quotient Rule,other subject,no: a different subject,Google search suggestion
quotient rule meaning in bengali,Quotient Rule,other language,no: wants it in another language,Google search suggestion
quotient rule meaning in hindi,Quotient Rule,other language,no: wants it in another language,Google search suggestion
quotient rule meaning in tamil,Quotient Rule,other language,no: wants it in another language,Google search suggestion
quotient rule practice problems pdf,Quotient Rule,specific source,"no: wants a specific source, video or file",Google search suggestion
quotient rule questions a level maths,Quotient Rule,specific source,"no: wants a specific source, video or file",Google search suggestion
quotient rule questions and answers pdf,Quotient Rule,specific source,"no: wants a specific source, video or file",Google search suggestion
quotient rule questions and answers pdf download,Quotient Rule,specific source,"no: wants a specific source, video or file",Google search suggestion
quotient rule questions pdf,Quotient Rule,specific source,"no: wants a specific source, video or file",Google search suggestion
what is quotient rule in basketball,Quotient Rule,other subject,no: a different subject,Google search suggestion
how does implicit differentiation work,Implicit Differentiation,how to,yes,Google search suggestion
how to do implicit differentiation multivariable,Implicit Differentiation,how to,yes,Google search suggestion
how to do implicit differentiation with 3 variables,Implicit Differentiation,how to,yes,Google search suggestion
how to do implicit differentiation with partial derivatives,Implicit Differentiation,how to,yes,Google search suggestion
how to explain implicit differentiation,Implicit Differentiation,how to,yes,Google search suggestion
how to find implicit differentiation,Implicit Differentiation,how to,yes,Google search suggestion
how to implicit differentiation,Implicit Differentiation,how to,yes,Google search suggestion
how to implicit differentiation twice,Implicit Differentiation,how to,yes,Google search suggestion
how to implicit differentiation xy,Implicit Differentiation,how to,yes,Google search suggestion
how to know when to use implicit differentiation,Implicit Differentiation,how to,yes,Google search suggestion
how to use implicit differentiation,Implicit Differentiation,how to,yes,Google search suggestion
implicit derivative examples,Implicit Differentiation,examples,yes,Google search suggestion
implicit derivative formula,Implicit Differentiation,formula,yes,Google search suggestion
implicit derivative practice problems,Implicit Differentiation,practice,yes,Google search suggestion
implicit differentiation,Implicit Differentiation,topic,yes,Google search suggestion
implicit differentiation calc 3,Implicit Differentiation,topic,yes,Google search suggestion
implicit differentiation common mistakes,Implicit Differentiation,examples,yes,added: the page answers this
implicit differentiation definition calculus,Implicit Differentiation,definition,yes,Google search suggestion
implicit differentiation example problems,Implicit Differentiation,practice,yes,Google search suggestion
implicit differentiation example question,Implicit Differentiation,practice,yes,Google search suggestion
implicit differentiation examples,Implicit Differentiation,examples,yes,Google search suggestion
implicit differentiation examples step by step,Implicit Differentiation,examples,yes,Google search suggestion
implicit differentiation examples with answers,Implicit Differentiation,practice,yes,Google search suggestion
implicit differentiation examples with solutions,Implicit Differentiation,practice,yes,Google search suggestion
implicit differentiation explained,Implicit Differentiation,definition,yes,Google search suggestion
implicit differentiation explained simply,Implicit Differentiation,definition,yes,Google search suggestion
implicit differentiation for beginners,Implicit Differentiation,definition,yes,added: the page answers this
implicit differentiation for dummies,Implicit Differentiation,definition,yes,Google search suggestion
implicit differentiation for multivariable functions,Implicit Differentiation,topic,yes,Google search suggestion
implicit differentiation for partial derivatives,Implicit Differentiation,topic,yes,Google search suggestion
implicit differentiation for xy,Implicit Differentiation,topic,yes,Google search suggestion
implicit differentiation for y,Implicit Differentiation,topic,yes,Google search suggestion
implicit differentiation formula,Implicit Differentiation,formula,yes,Google search suggestion
implicit differentiation formula calc 1,Implicit Differentiation,formula,yes,Google search suggestion
implicit differentiation formula calc 3,Implicit Differentiation,formula,yes,Google search suggestion
implicit differentiation formula chain rule,Implicit Differentiation,formula,yes,Google search suggestion
implicit differentiation formula example,Implicit Differentiation,examples,yes,Google search suggestion
implicit differentiation formula multivariable,Implicit Differentiation,formula,yes,Google search suggestion
implicit differentiation formula partial derivatives,Implicit Differentiation,formula,yes,Google search suggestion
implicit differentiation formula proof,Implicit Differentiation,proof,yes,Google search suggestion
implicit differentiation hard examples,Implicit Differentiation,examples,yes,Google search suggestion
implicit differentiation meaning,Implicit Differentiation,definition,yes,Google search suggestion
implicit differentiation of xy,Implicit Differentiation,topic,yes,Google search suggestion
implicit differentiation practice,Implicit Differentiation,practice,yes,Google search suggestion
implicit differentiation practice problems,Implicit Differentiation,practice,yes,Google search suggestion
implicit differentiation practice problems with answers,Implicit Differentiation,practice,yes,Google search suggestion
implicit differentiation practice problems with hints,Implicit Differentiation,practice,yes,added: the page answers this
implicit differentiation practice problems with solutions,Implicit Differentiation,practice,yes,Google search suggestion
implicit differentiation practice questions,Implicit Differentiation,practice,yes,Google search suggestion
implicit differentiation practice test,Implicit Differentiation,practice,yes,Google search suggestion
implicit differentiation problem example,Implicit Differentiation,practice,yes,Google search suggestion
implicit differentiation problem set,Implicit Differentiation,practice,yes,Google search suggestion
implicit differentiation problem solving,Implicit Differentiation,practice,yes,Google search suggestion
implicit differentiation problems,Implicit Differentiation,practice,yes,Google search suggestion
implicit differentiation problems with solutions,Implicit Differentiation,practice,yes,Google search suggestion
implicit differentiation questions,Implicit Differentiation,practice,yes,Google search suggestion
implicit differentiation quiz,Implicit Differentiation,practice,yes,added: the page answers this
implicit differentiation rules,Implicit Differentiation,formula,yes,Google search suggestion
implicit differentiation sample problems,Implicit Differentiation,practice,yes,Google search suggestion
implicit differentiation step by step,Implicit Differentiation,examples,yes,added: the page answers this
implicit differentiation summary,Implicit Differentiation,topic,yes,Google search suggestion
implicit differentiation with 3 variables,Implicit Differentiation,topic,yes,Google search suggestion
implicit differentiation with chain rule,Implicit Differentiation,formula,yes,Google search suggestion
implicit differentiation with e,Implicit Differentiation,topic,yes,Google search suggestion
implicit differentiation with ln,Implicit Differentiation,topic,yes,Google search suggestion
implicit differentiation with partial derivatives,Implicit Differentiation,topic,yes,Google search suggestion
implicit differentiation with product rule,Implicit Differentiation,formula,yes,Google search suggestion
implicit differentiation with respect to x,Implicit Differentiation,topic,yes,Google search suggestion
implicit differentiation with trig,Implicit Differentiation,topic,yes,Google search suggestion
implicit differentiation with trig functions,Implicit Differentiation,topic,yes,Google search suggestion
implicit differentiation with two variables,Implicit Differentiation,topic,yes,Google search suggestion
implicit differentiation worked example,Implicit Differentiation,examples,yes,added: the page answers this
linear approximation with implicit differentiation,Implicit Differentiation,topic,yes,Google search suggestion
related rates with implicit differentiation,Implicit Differentiation,topic,yes,Google search suggestion
what is an implicit differentiation,Implicit Differentiation,definition,yes,Google search suggestion
what is implicit differentiation,Implicit Differentiation,definition,yes,Google search suggestion
what is implicit differentiation definition,Implicit Differentiation,definition,yes,Google search suggestion
what is implicit differentiation example,Implicit Differentiation,examples,yes,Google search suggestion
what is implicit differentiation formula,Implicit Differentiation,definition,yes,Google search suggestion
what is implicit differentiation in calc,Implicit Differentiation,definition,yes,Google search suggestion
what is implicit differentiation in calculus,Implicit Differentiation,definition,yes,Google search suggestion
what is implicit differentiation in multivariable calculus,Implicit Differentiation,definition,yes,Google search suggestion
what is implicit differentiation in simple terms,Implicit Differentiation,definition,yes,Google search suggestion
what is implicit differentiation used for,Implicit Differentiation,definition,yes,Google search suggestion
what is implicit differentiation used for in real life,Implicit Differentiation,definition,yes,Google search suggestion
when do you have to use implicit differentiation,Implicit Differentiation,how to,yes,Google search suggestion
when to do implicit differentiation,Implicit Differentiation,how to,yes,Google search suggestion
when to use dy dx in implicit differentiation,Implicit Differentiation,how to,yes,Google search suggestion
when to use implicit differentiation,Implicit Differentiation,how to,yes,Google search suggestion
when to use.chain rule.in implicit differentiation,Implicit Differentiation,how to,yes,Google search suggestion
how to do implicit differentiation on desmos,Implicit Differentiation,tool,no: wants a calculator or tool,Google search suggestion
implicit differentiation calculator,Implicit Differentiation,tool,no: wants a calculator or tool,Google search suggestion
implicit differentiation examples with solutions pdf,Implicit Differentiation,specific source,"no: wants a specific source, video or file",Google search suggestion
implicit differentiation examples.pdf,Implicit Differentiation,specific source,"no: wants a specific source, video or file",Google search suggestion
implicit differentiation meaning in bengali,Implicit Differentiation,other language,no: wants it in another language,Google search suggestion
implicit differentiation meaning in hindi,Implicit Differentiation,other language,no: wants it in another language,Google search suggestion
implicit differentiation practice problems pdf,Implicit Differentiation,specific source,"no: wants a specific source, video or file",Google search suggestion
implicit differentiation practice problems with answers pdf,Implicit Differentiation,specific source,"no: wants a specific source, video or file",Google search suggestion
implicit differentiation problems and solutions pdf,Implicit Differentiation,specific source,"no: wants a specific source, video or file",Google search suggestion
implicit differentiation problems pdf,Implicit Differentiation,specific source,"no: wants a specific source, video or file",Google search suggestion
implicit differentiation questions and answers pdf,Implicit Differentiation,specific source,"no: wants a specific source, video or file",Google search suggestion
implicit differentiation worksheet,Implicit Differentiation,specific source,"no: wants a specific source, video or file",Google search suggestion
all log rules explained,Logarithmic Functions,definition,yes,Google search suggestion
all logarithm rules and formulas,Logarithmic Functions,formula,yes,Google search suggestion
how many logarithm rules are there,Logarithmic Functions,topic,yes,Google search suggestion
how to prove log rules,Logarithmic Functions,proof,yes,Google search suggestion
how to remember logarithm rules,Logarithmic Functions,how to,yes,Google search suggestion
ln formula rules,Logarithmic Functions,formula,yes,Google search suggestion
log natural rules,Logarithmic Functions,topic,yes,Google search suggestion
log rules for derivatives,Logarithmic Functions,topic,yes,Google search suggestion
log rules for natural log,Logarithmic Functions,topic,yes,Google search suggestion
log rules formula sheet,Logarithmic Functions,formula,yes,Google search suggestion
log rules practice problems,Logarithmic Functions,practice,yes,Google search suggestion
log rules with addition,Logarithmic Functions,topic,yes,Google search suggestion
log rules with coefficients,Logarithmic Functions,topic,yes,Google search suggestion
log rules with constant,Logarithmic Functions,topic,yes,Google search suggestion
log rules with different bases,Logarithmic Functions,topic,yes,Google search suggestion
log rules with fractions,Logarithmic Functions,topic,yes,Google search suggestion
logarithm calculation rules,Logarithmic Functions,topic,yes,Google search suggestion
logarithm definition rules,Logarithmic Functions,definition,yes,Google search suggestion
logarithm equation rules,Logarithmic Functions,formula,yes,Google search suggestion
logarithm laws explained,Logarithmic Functions,definition,yes,Google search suggestion
logarithm limit rules,Logarithmic Functions,topic,yes,Google search suggestion
logarithm properties examples,Logarithmic Functions,examples,yes,Google search suggestion
logarithm properties explained,Logarithmic Functions,definition,yes,Google search suggestion
logarithm properties formulas,Logarithmic Functions,formula,yes,Google search suggestion
logarithm properties practice problems,Logarithmic Functions,practice,yes,Google search suggestion
logarithm properties problems,Logarithmic Functions,practice,yes,Google search suggestion
logarithm rules,Logarithmic Functions,topic,yes,Google search suggestion
logarithm rules and examples with solutions,Logarithmic Functions,practice,yes,Google search suggestion
logarithm rules and properties,Logarithmic Functions,topic,yes,Google search suggestion
logarithm rules cheat sheet,Logarithmic Functions,formula,yes,Google search suggestion
logarithm rules common mistakes,Logarithmic Functions,examples,yes,added: the page answers this
logarithm rules derivatives,Logarithmic Functions,topic,yes,Google search suggestion
logarithm rules examples,Logarithmic Functions,examples,yes,Google search suggestion
logarithm rules explained,Logarithmic Functions,definition,yes,Google search suggestion
logarithm rules explained simply,Logarithmic Functions,definition,yes,added: the page answers this
logarithm rules for addition,Logarithmic Functions,topic,yes,Google search suggestion
logarithm rules for base,Logarithmic Functions,topic,yes,Google search suggestion
logarithm rules for beginners,Logarithmic Functions,definition,yes,added: the page answers this
logarithm rules for derivatives,Logarithmic Functions,topic,yes,Google search suggestion
logarithm rules for division,Logarithmic Functions,topic,yes,Google search suggestion
logarithm rules for e,Logarithmic Functions,topic,yes,Google search suggestion
logarithm rules for exponents,Logarithmic Functions,topic,yes,Google search suggestion
logarithm rules for ln,Logarithmic Functions,topic,yes,Google search suggestion
logarithm rules for multiplication,Logarithmic Functions,topic,yes,Google search suggestion
logarithm rules formula,Logarithmic Functions,formula,yes,Google search suggestion
logarithm rules ln,Logarithmic Functions,topic,yes,Google search suggestion
logarithm rules practice problems,Logarithmic Functions,practice,yes,Google search suggestion
logarithm rules practice problems with answers,Logarithmic Functions,practice,yes,added: the page answers this
logarithm rules practice problems with hints,Logarithmic Functions,practice,yes,added: the page answers this
logarithm rules problems,Logarithmic Functions,practice,yes,Google search suggestion
logarithm rules proof,Logarithmic Functions,proof,yes,Google search suggestion
logarithm rules questions,Logarithmic Functions,practice,yes,Google search suggestion
logarithm rules quiz,Logarithmic Functions,practice,yes,added: the page answers this
logarithm rules step by step,Logarithmic Functions,examples,yes,added: the page answers this
logarithm rules with e,Logarithmic Functions,topic,yes,Google search suggestion
logarithm rules with examples,Logarithmic Functions,examples,yes,Google search suggestion
logarithm rules with exponents,Logarithmic Functions,topic,yes,Google search suggestion
logarithm rules with proof,Logarithmic Functions,proof,yes,Google search suggestion
logarithm rules worked example,Logarithmic Functions,examples,yes,added: the page answers this
natural log and e rules,Logarithmic Functions,topic,yes,Google search suggestion
natural log calculation rules,Logarithmic Functions,topic,yes,Google search suggestion
natural log equation rules,Logarithmic Functions,formula,yes,Google search suggestion
natural log formula,Logarithmic Functions,formula,yes,Google search suggestion
natural log laws,Logarithmic Functions,formula,yes,Google search suggestion
natural log rule,Logarithmic Functions,formula,yes,Google search suggestion
natural log rules,Logarithmic Functions,topic,yes,Google search suggestion
natural log rules addition,Logarithmic Functions,topic,yes,Google search suggestion
natural log rules and properties,Logarithmic Functions,topic,yes,Google search suggestion
natural log rules cheat sheet,Logarithmic Functions,formula,yes,Google search suggestion
natural log rules common mistakes,Logarithmic Functions,examples,yes,added: the page answers this
natural log rules derivative,Logarithmic Functions,topic,yes,Google search suggestion
natural log rules derivatives,Logarithmic Functions,topic,yes,Google search suggestion
natural log rules division,Logarithmic Functions,topic,yes,Google search suggestion
natural log rules examples,Logarithmic Functions,examples,yes,Google search suggestion
natural log rules explained simply,Logarithmic Functions,definition,yes,added: the page answers this
natural log rules for addition,Logarithmic Functions,topic,yes,Google search suggestion
natural log rules for beginners,Logarithmic Functions,definition,yes,added: the page answers this
natural log rules for division,Logarithmic Functions,topic,yes,Google search suggestion
natural log rules for e,Logarithmic Functions,topic,yes,Google search suggestion
natural log rules for exponents,Logarithmic Functions,topic,yes,Google search suggestion
natural log rules for integration,Logarithmic Functions,topic,yes,Google search suggestion
natural log rules for subtraction,Logarithmic Functions,topic,yes,Google search suggestion
natural log rules math,Logarithmic Functions,topic,yes,Google search suggestion
natural log rules practice problems with answers,Logarithmic Functions,practice,yes,added: the page answers this
natural log rules practice problems with hints,Logarithmic Functions,practice,yes,added: the page answers this
natural log rules quiz,Logarithmic Functions,practice,yes,added: the page answers this
natural log rules step by step,Logarithmic Functions,examples,yes,added: the page answers this
natural log rules subtraction,Logarithmic Functions,topic,yes,Google search suggestion
natural log rules with coefficients,Logarithmic Functions,topic,yes,Google search suggestion
natural log rules with e,Logarithmic Functions,topic,yes,Google search suggestion
natural log rules with exponents,Logarithmic Functions,topic,yes,Google search suggestion
natural log rules worked example,Logarithmic Functions,examples,yes,added: the page answers this
natural logarithm rules and examples,Logarithmic Functions,examples,yes,Google search suggestion
rules of logarithms with examples,Logarithmic Functions,examples,yes,Google search suggestion
what are natural log rules,Logarithmic Functions,definition,yes,Google search suggestion
what are the rules of log,Logarithmic Functions,definition,yes,Google search suggestion
what are the rules of logarithm,Logarithmic Functions,definition,yes,Google search suggestion
what is ln rules,Logarithmic Functions,definition,yes,Google search suggestion
what is log rules,Logarithmic Functions,definition,yes,Google search suggestion
what is logarithm law,Logarithmic Functions,definition,yes,Google search suggestion
what is logarithm properties,Logarithmic Functions,definition,yes,Google search suggestion
what is logarithm rules,Logarithmic Functions,definition,yes,Google search suggestion
logarithm rules and examples pdf,Logarithmic Functions,specific source,"no: wants a specific source, video or file",Google search suggestion
logarithm rules pdf,Logarithmic Functions,specific source,"no: wants a specific source, video or file",Google search suggestion
logarithm rules with examples pdf,Logarithmic Functions,specific source,"no: wants a specific source, video or file",Google search suggestion
logarithm rules worksheet,Logarithmic Functions,specific source,"no: wants a specific source, video or file",Google search suggestion
antiderivative of e^x,"Derivatives of eˣ, aˣ & Logarithms",topic,yes,Google search suggestion
antiderivative of e^x formula,"Derivatives of eˣ, aˣ & Logarithms",formula,yes,Google search suggestion
antiderivative of ln x,"Derivatives of eˣ, aˣ & Logarithms",topic,yes,Google search suggestion
derivative of e f x formula,"Derivatives of eˣ, aˣ & Logarithms",formula,yes,Google search suggestion
derivative of e power x formula,"Derivatives of eˣ, aˣ & Logarithms",formula,yes,Google search suggestion
derivative of e x and lnx,"Derivatives of eˣ, aˣ & Logarithms",topic,yes,Google search suggestion
derivative of e x and why,"Derivatives of eˣ, aˣ & Logarithms",definition,yes,Google search suggestion
derivative of e x at 0,"Derivatives of eˣ, aˣ & Logarithms",topic,yes,Google search suggestion
derivative of e x by definition,"Derivatives of eˣ, aˣ & Logarithms",definition,yes,Google search suggestion
derivative of e x by first principle,"Derivatives of eˣ, aˣ & Logarithms",topic,yes,Google search suggestion
derivative of e x explanation,"Derivatives of eˣ, aˣ & Logarithms",definition,yes,Google search suggestion
derivative of e x formula,"Derivatives of eˣ, aˣ & Logarithms",formula,yes,Google search suggestion
derivative of e x from definition,"Derivatives of eˣ, aˣ & Logarithms",definition,yes,Google search suggestion
derivative of e x from first principles,"Derivatives of eˣ, aˣ & Logarithms",topic,yes,Google search suggestion
derivative of e x meaning,"Derivatives of eˣ, aˣ & Logarithms",definition,yes,Google search suggestion
derivative of e x problems,"Derivatives of eˣ, aˣ & Logarithms",practice,yes,Google search suggestion
derivative of e x rule,"Derivatives of eˣ, aˣ & Logarithms",formula,yes,Google search suggestion
derivative of e x with constant,"Derivatives of eˣ, aˣ & Logarithms",topic,yes,Google search suggestion
derivative of e^-x with a coefficient,"Derivatives of eˣ, aˣ & Logarithms",topic,yes,Google search suggestion
derivative of e^x,"Derivatives of eˣ, aˣ & Logarithms",topic,yes,Google search suggestion
derivative of e^x common mistakes,"Derivatives of eˣ, aˣ & Logarithms",examples,yes,added: the page answers this
derivative of e^x equation,"Derivatives of eˣ, aˣ & Logarithms",formula,yes,Google search suggestion
derivative of e^x examples,"Derivatives of eˣ, aˣ & Logarithms",examples,yes,Google search suggestion
derivative of e^x explained,"Derivatives of eˣ, aˣ & Logarithms",definition,yes,Google search suggestion
derivative of e^x explained simply,"Derivatives of eˣ, aˣ & Logarithms",definition,yes,added: the page answers this
derivative of e^x for beginners,"Derivatives of eˣ, aˣ & Logarithms",definition,yes,added: the page answers this
derivative of e^x formula,"Derivatives of eˣ, aˣ & Logarithms",formula,yes,Google search suggestion
derivative of e^x functions,"Derivatives of eˣ, aˣ & Logarithms",topic,yes,Google search suggestion
derivative of e^x practice problems with answers,"Derivatives of eˣ, aˣ & Logarithms",practice,yes,added: the page answers this
derivative of e^x practice problems with hints,"Derivatives of eˣ, aˣ & Logarithms",practice,yes,added: the page answers this
derivative of e^x proof,"Derivatives of eˣ, aˣ & Logarithms",proof,yes,Google search suggestion
derivative of e^x quiz,"Derivatives of eˣ, aˣ & Logarithms",practice,yes,added: the page answers this
derivative of e^x rules,"Derivatives of eˣ, aˣ & Logarithms",formula,yes,Google search suggestion
derivative of e^x step by step,"Derivatives of eˣ, aˣ & Logarithms",examples,yes,added: the page answers this
derivative of e^x using limit definition,"Derivatives of eˣ, aˣ & Logarithms",definition,yes,Google search suggestion
derivative of e^x with respect to e,"Derivatives of eˣ, aˣ & Logarithms",topic,yes,Google search suggestion
derivative of e^x with respect to x,"Derivatives of eˣ, aˣ & Logarithms",topic,yes,Google search suggestion
derivative of e^x with respect to y,"Derivatives of eˣ, aˣ & Logarithms",topic,yes,Google search suggestion
derivative of e^x worked example,"Derivatives of eˣ, aˣ & Logarithms",examples,yes,added: the page answers this
derivative of e^x-1,"Derivatives of eˣ, aˣ & Logarithms",topic,yes,Google search suggestion
derivative of e^x^2,"Derivatives of eˣ, aˣ & Logarithms",topic,yes,Google search suggestion
derivative of e^x^3,"Derivatives of eˣ, aˣ & Logarithms",topic,yes,Google search suggestion
derivative of e^x^4,"Derivatives of eˣ, aˣ & Logarithms",topic,yes,Google search suggestion
derivative of e^xy,"Derivatives of eˣ, aˣ & Logarithms",topic,yes,Google search suggestion
derivative of e^xy with respect to x,"Derivatives of eˣ, aˣ & Logarithms",topic,yes,Google search suggestion
derivative of ln examples,"Derivatives of eˣ, aˣ & Logarithms",examples,yes,Google search suggestion
derivative of ln without x,"Derivatives of eˣ, aˣ & Logarithms",topic,yes,Google search suggestion
derivative of ln x,"Derivatives of eˣ, aˣ & Logarithms",topic,yes,Google search suggestion
derivative of ln x 2,"Derivatives of eˣ, aˣ & Logarithms",topic,yes,Google search suggestion
derivative of ln x 2 formula,"Derivatives of eˣ, aˣ & Logarithms",formula,yes,Google search suggestion
derivative of ln x and ex,"Derivatives of eˣ, aˣ & Logarithms",topic,yes,Google search suggestion
derivative of ln x and why,"Derivatives of eˣ, aˣ & Logarithms",definition,yes,Google search suggestion
derivative of ln x at x 2,"Derivatives of eˣ, aˣ & Logarithms",topic,yes,Google search suggestion
derivative of ln x by definition,"Derivatives of eˣ, aˣ & Logarithms",definition,yes,Google search suggestion
derivative of ln x by first principle,"Derivatives of eˣ, aˣ & Logarithms",topic,yes,Google search suggestion
derivative of ln x common mistakes,"Derivatives of eˣ, aˣ & Logarithms",examples,yes,added: the page answers this
derivative of ln x equation,"Derivatives of eˣ, aˣ & Logarithms",formula,yes,Google search suggestion
derivative of ln x examples,"Derivatives of eˣ, aˣ & Logarithms",examples,yes,Google search suggestion
derivative of ln x explained,"Derivatives of eˣ, aˣ & Logarithms",definition,yes,Google search suggestion
derivative of ln x explained simply,"Derivatives of eˣ, aˣ & Logarithms",definition,yes,added: the page answers this
derivative of ln x for beginners,"Derivatives of eˣ, aˣ & Logarithms",definition,yes,added: the page answers this
derivative of ln x formula,"Derivatives of eˣ, aˣ & Logarithms",formula,yes,Google search suggestion
derivative of ln x from first principles,"Derivatives of eˣ, aˣ & Logarithms",topic,yes,Google search suggestion
derivative of ln x general formula,"Derivatives of eˣ, aˣ & Logarithms",formula,yes,Google search suggestion
derivative of ln x practice problems with answers,"Derivatives of eˣ, aˣ & Logarithms",practice,yes,added: the page answers this
derivative of ln x practice problems with hints,"Derivatives of eˣ, aˣ & Logarithms",practice,yes,added: the page answers this
derivative of ln x proof,"Derivatives of eˣ, aˣ & Logarithms",proof,yes,Google search suggestion
derivative of ln x quiz,"Derivatives of eˣ, aˣ & Logarithms",practice,yes,added: the page answers this
derivative of ln x step by step,"Derivatives of eˣ, aˣ & Logarithms",examples,yes,added: the page answers this
derivative of ln x to a power,"Derivatives of eˣ, aˣ & Logarithms",topic,yes,Google search suggestion
derivative of ln x using first principle,"Derivatives of eˣ, aˣ & Logarithms",topic,yes,Google search suggestion
derivative of ln x using limit definition,"Derivatives of eˣ, aˣ & Logarithms",definition,yes,Google search suggestion
derivative of ln x with chain rule,"Derivatives of eˣ, aˣ & Logarithms",formula,yes,Google search suggestion
derivative of ln x with respect to t,"Derivatives of eˣ, aˣ & Logarithms",topic,yes,Google search suggestion
derivative of ln x with respect to x,"Derivatives of eˣ, aˣ & Logarithms",topic,yes,Google search suggestion
derivative of ln x with respect to y,"Derivatives of eˣ, aˣ & Logarithms",topic,yes,Google search suggestion
derivative of ln x worked example,"Derivatives of eˣ, aˣ & Logarithms",examples,yes,added: the page answers this
derivative of ln x+1,"Derivatives of eˣ, aˣ & Logarithms",topic,yes,Google search suggestion
derivative of ln x0,"Derivatives of eˣ, aˣ & Logarithms",topic,yes,Google search suggestion
derivative of ln x^2,"Derivatives of eˣ, aˣ & Logarithms",topic,yes,Google search suggestion
derivative of ln x^3,"Derivatives of eˣ, aˣ & Logarithms",topic,yes,Google search suggestion
derivative of ln x^4,"Derivatives of eˣ, aˣ & Logarithms",topic,yes,Google search suggestion
derivative of ln(x) using definition,"Derivatives of eˣ, aˣ & Logarithms",definition,yes,Google search suggestion
formula for the nth derivative of ln x,"Derivatives of eˣ, aˣ & Logarithms",formula,yes,Google search suggestion
how does logarithmic differentiation work,"Derivatives of eˣ, aˣ & Logarithms",how to,yes,Google search suggestion
how to derivative ln x 2,"Derivatives of eˣ, aˣ & Logarithms",how to,yes,Google search suggestion
how to derivative of e x,"Derivatives of eˣ, aˣ & Logarithms",how to,yes,Google search suggestion
how to derivative of ln x,"Derivatives of eˣ, aˣ & Logarithms",how to,yes,Google search suggestion
how to differentiate ln of x,"Derivatives of eˣ, aˣ & Logarithms",how to,yes,Google search suggestion
how to differentiate ln x 3,"Derivatives of eˣ, aˣ & Logarithms",how to,yes,Google search suggestion
how to differentiation log,"Derivatives of eˣ, aˣ & Logarithms",how to,yes,Google search suggestion
how to do logarithmic differentiation,"Derivatives of eˣ, aˣ & Logarithms",how to,yes,Google search suggestion
how to do logarithmic differentiation step by step,"Derivatives of eˣ, aˣ & Logarithms",examples,yes,Google search suggestion
how to find derivative of e x 1,"Derivatives of eˣ, aˣ & Logarithms",how to,yes,Google search suggestion
how to find derivative of e x 2,"Derivatives of eˣ, aˣ & Logarithms",how to,yes,Google search suggestion
how to find derivative of e x 3,"Derivatives of eˣ, aˣ & Logarithms",how to,yes,Google search suggestion
how to find derivative of e xy,"Derivatives of eˣ, aˣ & Logarithms",how to,yes,Google search suggestion
how to find derivative of ln x 1,"Derivatives of eˣ, aˣ & Logarithms",how to,yes,Google search suggestion
how to find derivative of ln x 2,"Derivatives of eˣ, aˣ & Logarithms",how to,yes,Google search suggestion
how to find derivative of ln x 2 1,"Derivatives of eˣ, aˣ & Logarithms",how to,yes,Google search suggestion
how to find derivative of ln x 3,"Derivatives of eˣ, aˣ & Logarithms",how to,yes,Google search suggestion
how to find derivative using logarithmic differentiation,"Derivatives of eˣ, aˣ & Logarithms",how to,yes,Google search suggestion
how to identify logarithmic differentiation,"Derivatives of eˣ, aˣ & Logarithms",how to,yes,Google search suggestion
how to know when to use logarithmic differentiation,"Derivatives of eˣ, aˣ & Logarithms",how to,yes,Google search suggestion
how to logarithmic differentiation,"Derivatives of eˣ, aˣ & Logarithms",how to,yes,Google search suggestion
how to prove derivative of e x,"Derivatives of eˣ, aˣ & Logarithms",proof,yes,Google search suggestion
how to prove derivative of ln x,"Derivatives of eˣ, aˣ & Logarithms",proof,yes,Google search suggestion
how to solve derivative of ln x,"Derivatives of eˣ, aˣ & Logarithms",how to,yes,Google search suggestion
how to solve logarithmic differentiation,"Derivatives of eˣ, aˣ & Logarithms",how to,yes,Google search suggestion
how to use logarithmic differentiation,"Derivatives of eˣ, aˣ & Logarithms",how to,yes,Google search suggestion
log differentiation formula,"Derivatives of eˣ, aˣ & Logarithms",formula,yes,Google search suggestion
log differentiation problems,"Derivatives of eˣ, aˣ & Logarithms",practice,yes,Google search suggestion
logarithmic derivative examples,"Derivatives of eˣ, aˣ & Logarithms",examples,yes,Google search suggestion
logarithmic derivative formula,"Derivatives of eˣ, aˣ & Logarithms",formula,yes,Google search suggestion
logarithmic derivative practice problems,"Derivatives of eˣ, aˣ & Logarithms",practice,yes,Google search suggestion
logarithmic derivative problems,"Derivatives of eˣ, aˣ & Logarithms",practice,yes,Google search suggestion
logarithmic derivatives examples with solutions,"Derivatives of eˣ, aˣ & Logarithms",practice,yes,Google search suggestion
logarithmic derivatives formulas,"Derivatives of eˣ, aˣ & Logarithms",formula,yes,Google search suggestion
logarithmic differential form,"Derivatives of eˣ, aˣ & Logarithms",topic,yes,Google search suggestion
logarithmic differentiation,"Derivatives of eˣ, aˣ & Logarithms",topic,yes,Google search suggestion
logarithmic differentiation and integration,"Derivatives of eˣ, aˣ & Logarithms",topic,yes,Google search suggestion
logarithmic differentiation common mistakes,"Derivatives of eˣ, aˣ & Logarithms",examples,yes,added: the page answers this
logarithmic differentiation definition,"Derivatives of eˣ, aˣ & Logarithms",definition,yes,Google search suggestion
logarithmic differentiation equation,"Derivatives of eˣ, aˣ & Logarithms",formula,yes,Google search suggestion
logarithmic differentiation example problems,"Derivatives of eˣ, aˣ & Logarithms",practice,yes,Google search suggestion
logarithmic differentiation examples,"Derivatives of eˣ, aˣ & Logarithms",examples,yes,Google search suggestion
logarithmic differentiation examples with answers,"Derivatives of eˣ, aˣ & Logarithms",practice,yes,Google search suggestion
logarithmic differentiation explained,"Derivatives of eˣ, aˣ & Logarithms",definition,yes,Google search suggestion
logarithmic differentiation explained simply,"Derivatives of eˣ, aˣ & Logarithms",definition,yes,added: the page answers this
logarithmic differentiation for beginners,"Derivatives of eˣ, aˣ & Logarithms",definition,yes,added: the page answers this
logarithmic differentiation for x x,"Derivatives of eˣ, aˣ & Logarithms",topic,yes,Google search suggestion
logarithmic differentiation for y x x,"Derivatives of eˣ, aˣ & Logarithms",topic,yes,Google search suggestion
logarithmic differentiation formula,"Derivatives of eˣ, aˣ & Logarithms",formula,yes,Google search suggestion
logarithmic differentiation formula example,"Derivatives of eˣ, aˣ & Logarithms",examples,yes,Google search suggestion
logarithmic differentiation of a fraction,"Derivatives of eˣ, aˣ & Logarithms",topic,yes,Google search suggestion
logarithmic differentiation of exponential functions,"Derivatives of eˣ, aˣ & Logarithms",topic,yes,Google search suggestion
logarithmic differentiation of sinx x,"Derivatives of eˣ, aˣ & Logarithms",topic,yes,Google search suggestion
logarithmic differentiation of x x,"Derivatives of eˣ, aˣ & Logarithms",topic,yes,Google search suggestion
logarithmic differentiation of y x x,"Derivatives of eˣ, aˣ & Logarithms",topic,yes,Google search suggestion
logarithmic differentiation practice,"Derivatives of eˣ, aˣ & Logarithms",practice,yes,Google search suggestion
logarithmic differentiation practice problems,"Derivatives of eˣ, aˣ & Logarithms",practice,yes,Google search suggestion
logarithmic differentiation practice problems with answers,"Derivatives of eˣ, aˣ & Logarithms",practice,yes,added: the page answers this
logarithmic differentiation practice problems with hints,"Derivatives of eˣ, aˣ & Logarithms",practice,yes,added: the page answers this
logarithmic differentiation practice problems with solutions,"Derivatives of eˣ, aˣ & Logarithms",practice,yes,Google search suggestion
logarithmic differentiation problems,"Derivatives of eˣ, aˣ & Logarithms",practice,yes,Google search suggestion
logarithmic differentiation questions,"Derivatives of eˣ, aˣ & Logarithms",practice,yes,Google search suggestion
logarithmic differentiation questions and answers,"Derivatives of eˣ, aˣ & Logarithms",practice,yes,Google search suggestion
logarithmic differentiation quiz,"Derivatives of eˣ, aˣ & Logarithms",practice,yes,added: the page answers this
logarithmic differentiation rules,"Derivatives of eˣ, aˣ & Logarithms",formula,yes,Google search suggestion
logarithmic differentiation sample problems,"Derivatives of eˣ, aˣ & Logarithms",practice,yes,Google search suggestion
logarithmic differentiation step by step,"Derivatives of eˣ, aˣ & Logarithms",examples,yes,added: the page answers this
logarithmic differentiation steps,"Derivatives of eˣ, aˣ & Logarithms",examples,yes,Google search suggestion
logarithmic differentiation sums,"Derivatives of eˣ, aˣ & Logarithms",topic,yes,Google search suggestion
logarithmic differentiation with e,"Derivatives of eˣ, aˣ & Logarithms",topic,yes,Google search suggestion
logarithmic differentiation with trig functions,"Derivatives of eˣ, aˣ & Logarithms",topic,yes,Google search suggestion
logarithmic differentiation worked example,"Derivatives of eˣ, aˣ & Logarithms",examples,yes,added: the page answers this
natural log derivative formula,"Derivatives of eˣ, aˣ & Logarithms",formula,yes,Google search suggestion
natural log differentiation practice problems,"Derivatives of eˣ, aˣ & Logarithms",practice,yes,Google search suggestion
proof for derivative of ln x,"Derivatives of eˣ, aˣ & Logarithms",proof,yes,Google search suggestion
rule for derivative of ln x,"Derivatives of eˣ, aˣ & Logarithms",formula,yes,Google search suggestion
what does logarithmic differentiation mean,"Derivatives of eˣ, aˣ & Logarithms",definition,yes,Google search suggestion
what is antiderivative of e^x,"Derivatives of eˣ, aˣ & Logarithms",definition,yes,Google search suggestion
what is derivative of e x,"Derivatives of eˣ, aˣ & Logarithms",definition,yes,Google search suggestion
what is derivative of e x 1,"Derivatives of eˣ, aˣ & Logarithms",definition,yes,Google search suggestion
what is derivative of e x 2,"Derivatives of eˣ, aˣ & Logarithms",definition,yes,Google search suggestion
what is derivative of e x 3,"Derivatives of eˣ, aˣ & Logarithms",definition,yes,Google search suggestion
what is derivative of e x 5,"Derivatives of eˣ, aˣ & Logarithms",definition,yes,Google search suggestion
what is derivative of e xy,"Derivatives of eˣ, aˣ & Logarithms",definition,yes,Google search suggestion
what is derivative of e^x,"Derivatives of eˣ, aˣ & Logarithms",definition,yes,Google search suggestion
what is derivative of ln x,"Derivatives of eˣ, aˣ & Logarithms",definition,yes,Google search suggestion
what is derivative of ln x 1,"Derivatives of eˣ, aˣ & Logarithms",definition,yes,Google search suggestion
what is derivative of ln x 2,"Derivatives of eˣ, aˣ & Logarithms",definition,yes,Google search suggestion
what is derivative of ln x 2 1,"Derivatives of eˣ, aˣ & Logarithms",definition,yes,Google search suggestion
what is derivative of ln x 2 y 2,"Derivatives of eˣ, aˣ & Logarithms",definition,yes,Google search suggestion
what is derivative of ln x 3,"Derivatives of eˣ, aˣ & Logarithms",definition,yes,Google search suggestion
what is derivative of ln x 4,"Derivatives of eˣ, aˣ & Logarithms",definition,yes,Google search suggestion
what is derivative of ln x 5,"Derivatives of eˣ, aˣ & Logarithms",definition,yes,Google search suggestion
what is derivative of ln x squared,"Derivatives of eˣ, aˣ & Logarithms",definition,yes,Google search suggestion
what is derivative of ln xy,"Derivatives of eˣ, aˣ & Logarithms",definition,yes,Google search suggestion
what is log e differentiation,"Derivatives of eˣ, aˣ & Logarithms",definition,yes,Google search suggestion
what is log x differentiation,"Derivatives of eˣ, aˣ & Logarithms",definition,yes,Google search suggestion
what is logarithmic derivative,"Derivatives of eˣ, aˣ & Logarithms",definition,yes,Google search suggestion
what is logarithmic differentiation,"Derivatives of eˣ, aˣ & Logarithms",definition,yes,Google search suggestion
what is logarithmic differentiation formula,"Derivatives of eˣ, aˣ & Logarithms",definition,yes,Google search suggestion
what is logarithmic differentiation used for,"Derivatives of eˣ, aˣ & Logarithms",definition,yes,Google search suggestion
what is natural log differentiation,"Derivatives of eˣ, aˣ & Logarithms",definition,yes,Google search suggestion
what is the derivative of 1/e^x,"Derivatives of eˣ, aˣ & Logarithms",definition,yes,Google search suggestion
what is the derivative of e^x,"Derivatives of eˣ, aˣ & Logarithms",definition,yes,Google search suggestion
what is the derivative of ln,"Derivatives of eˣ, aˣ & Logarithms",definition,yes,Google search suggestion
what is the derivative of ln(x),"Derivatives of eˣ, aˣ & Logarithms",definition,yes,Google search suggestion
when do you have to use logarithmic differentiation,"Derivatives of eˣ, aˣ & Logarithms",how to,yes,Google search suggestion
when should you use logarithmic differentiation,"Derivatives of eˣ, aˣ & Logarithms",how to,yes,Google search suggestion
when to use log differentiation,"Derivatives of eˣ, aˣ & Logarithms",how to,yes,Google search suggestion
when to use logarithmic differentiation,"Derivatives of eˣ, aˣ & Logarithms",how to,yes,Google search suggestion
log differentiation formula class 12,"Derivatives of eˣ, aˣ & Logarithms",specific source,"no: wants a specific source, video or file",Google search suggestion
logarithmic differentiation calculator,"Derivatives of eˣ, aˣ & Logarithms",tool,no: wants a calculator or tool,Google search suggestion
logarithmic differentiation formulas class 12,"Derivatives of eˣ, aˣ & Logarithms",specific source,"no: wants a specific source, video or file",Google search suggestion
logarithmic differentiation formulas pdf,"Derivatives of eˣ, aˣ & Logarithms",specific source,"no: wants a specific source, video or file",Google search suggestion
logarithmic differentiation in hindi,"Derivatives of eˣ, aˣ & Logarithms",other language,no: wants it in another language,Google search suggestion
logarithmic differentiation khan academy,"Derivatives of eˣ, aˣ & Logarithms",specific source,"no: wants a specific source, video or file",Google search suggestion
logarithmic differentiation practice problems pdf,"Derivatives of eˣ, aˣ & Logarithms",specific source,"no: wants a specific source, video or file",Google search suggestion
logarithmic differentiation practice problems with solutions pdf,"Derivatives of eˣ, aˣ & Logarithms",specific source,"no: wants a specific source, video or file",Google search suggestion
logarithmic differentiation problems and solutions pdf,"Derivatives of eˣ, aˣ & Logarithms",specific source,"no: wants a specific source, video or file",Google search suggestion
logarithmic differentiation questions and answers pdf,"Derivatives of eˣ, aˣ & Logarithms",specific source,"no: wants a specific source, video or file",Google search suggestion
logarithmic differentiation questions class 12,"Derivatives of eˣ, aˣ & Logarithms",specific source,"no: wants a specific source, video or file",Google search suggestion
logarithmic differentiation questions pdf,"Derivatives of eˣ, aˣ & Logarithms",specific source,"no: wants a specific source, video or file",Google search suggestion
logarithmic differentiation rules pdf,"Derivatives of eˣ, aˣ & Logarithms",specific source,"no: wants a specific source, video or file",Google search suggestion
logarithmic differentiation worksheet,"Derivatives of eˣ, aˣ & Logarithms",specific source,"no: wants a specific source, video or file",Google search suggestion
critical point calculus formula,Critical Points & the First Derivative Test,formula,yes,Google search suggestion
critical point in calculus meaning,Critical Points & the First Derivative Test,definition,yes,Google search suggestion
critical points calculus,Critical Points & the First Derivative Test,topic,yes,Google search suggestion
critical points calculus 1,Critical Points & the First Derivative Test,topic,yes,Google search suggestion
critical points calculus 2,Critical Points & the First Derivative Test,topic,yes,Google search suggestion
critical points calculus 3,Critical Points & the First Derivative Test,topic,yes,Google search suggestion
critical points calculus common mistakes,Critical Points & the First Derivative Test,examples,yes,added: the page answers this
critical points calculus definition,Critical Points & the First Derivative Test,definition,yes,Google search suggestion
critical points calculus examples,Critical Points & the First Derivative Test,examples,yes,Google search suggestion
critical points calculus explained simply,Critical Points & the First Derivative Test,definition,yes,added: the page answers this
critical points calculus for beginners,Critical Points & the First Derivative Test,definition,yes,added: the page answers this
critical points calculus graph,Critical Points & the First Derivative Test,topic,yes,Google search suggestion
critical points calculus meaning,Critical Points & the First Derivative Test,definition,yes,Google search suggestion
critical points calculus practice problems with answers,Critical Points & the First Derivative Test,practice,yes,added: the page answers this
critical points calculus practice problems with hints,Critical Points & the First Derivative Test,practice,yes,added: the page answers this
critical points calculus quiz,Critical Points & the First Derivative Test,practice,yes,added: the page answers this
critical points calculus step by step,Critical Points & the First Derivative Test,examples,yes,added: the page answers this
critical points calculus worked example,Critical Points & the First Derivative Test,examples,yes,added: the page answers this
critical points in a function,Critical Points & the First Derivative Test,topic,yes,Google search suggestion
critical points in calculus,Critical Points & the First Derivative Test,topic,yes,Google search suggestion
critical value in calculus,Critical Points & the First Derivative Test,topic,yes,Google search suggestion
critical value meaning calculus,Critical Points & the First Derivative Test,definition,yes,Google search suggestion
extreme points in calculus,Critical Points & the First Derivative Test,topic,yes,Google search suggestion
finding critical points calculus practice problems,Critical Points & the First Derivative Test,practice,yes,Google search suggestion
first derivative formula,Critical Points & the First Derivative Test,formula,yes,Google search suggestion
first derivative practice problems,Critical Points & the First Derivative Test,practice,yes,Google search suggestion
first derivative test,Critical Points & the First Derivative Test,topic,yes,Google search suggestion
first derivative test common mistakes,Critical Points & the First Derivative Test,examples,yes,added: the page answers this
first derivative test definition,Critical Points & the First Derivative Test,definition,yes,Google search suggestion
first derivative test equation,Critical Points & the First Derivative Test,formula,yes,Google search suggestion
first derivative test example problems,Critical Points & the First Derivative Test,practice,yes,Google search suggestion
first derivative test examples,Critical Points & the First Derivative Test,examples,yes,Google search suggestion
first derivative test examples with answers,Critical Points & the First Derivative Test,practice,yes,Google search suggestion
first derivative test explained,Critical Points & the First Derivative Test,definition,yes,Google search suggestion
first derivative test explained simply,Critical Points & the First Derivative Test,definition,yes,added: the page answers this
first derivative test for absolute extrema,Critical Points & the First Derivative Test,topic,yes,Google search suggestion
first derivative test for absolute extreme values,Critical Points & the First Derivative Test,topic,yes,Google search suggestion
first derivative test for beginners,Critical Points & the First Derivative Test,definition,yes,added: the page answers this
first derivative test for concavity,Critical Points & the First Derivative Test,topic,yes,Google search suggestion
first derivative test for extrema,Critical Points & the First Derivative Test,topic,yes,Google search suggestion
first derivative test for increasing and decreasing functions,Critical Points & the First Derivative Test,topic,yes,Google search suggestion
first derivative test for local extrema,Critical Points & the First Derivative Test,topic,yes,Google search suggestion
first derivative test for local maxima and minima,Critical Points & the First Derivative Test,topic,yes,Google search suggestion
first derivative test for maxima and minima,Critical Points & the First Derivative Test,topic,yes,Google search suggestion
first derivative test for maxima and minima examples,Critical Points & the First Derivative Test,examples,yes,Google search suggestion
first derivative test for relative extrema,Critical Points & the First Derivative Test,topic,yes,Google search suggestion
first derivative test formula,Critical Points & the First Derivative Test,formula,yes,Google search suggestion
first derivative test practice,Critical Points & the First Derivative Test,practice,yes,Google search suggestion
first derivative test practice problems,Critical Points & the First Derivative Test,practice,yes,Google search suggestion
first derivative test practice problems with answers,Critical Points & the First Derivative Test,practice,yes,added: the page answers this
first derivative test practice problems with hints,Critical Points & the First Derivative Test,practice,yes,added: the page answers this
first derivative test problems,Critical Points & the First Derivative Test,practice,yes,Google search suggestion
first derivative test questions,Critical Points & the First Derivative Test,practice,yes,Google search suggestion
first derivative test quiz,Critical Points & the First Derivative Test,practice,yes,added: the page answers this
first derivative test step by step,Critical Points & the First Derivative Test,examples,yes,added: the page answers this
first derivative test steps,Critical Points & the First Derivative Test,examples,yes,Google search suggestion
first derivative test to find local extrema,Critical Points & the First Derivative Test,topic,yes,Google search suggestion
first derivative test with example,Critical Points & the First Derivative Test,examples,yes,Google search suggestion
first derivative test with trig functions,Critical Points & the First Derivative Test,topic,yes,Google search suggestion
first derivative test worked example,Critical Points & the First Derivative Test,examples,yes,added: the page answers this
first order derivative test example,Critical Points & the First Derivative Test,examples,yes,Google search suggestion
how does first derivative test work,Critical Points & the First Derivative Test,how to,yes,Google search suggestion
how to do 1st derivative test,Critical Points & the First Derivative Test,how to,yes,Google search suggestion
how to find critical points calculus,Critical Points & the First Derivative Test,how to,yes,Google search suggestion
how to find critical points calculus 1,Critical Points & the First Derivative Test,how to,yes,Google search suggestion
how to find critical points calculus 3,Critical Points & the First Derivative Test,how to,yes,Google search suggestion
how to find critical points multivariable calculus,Critical Points & the First Derivative Test,how to,yes,Google search suggestion
how to find critical points of a function calculus,Critical Points & the First Derivative Test,how to,yes,Google search suggestion
how to find critical value calculus,Critical Points & the First Derivative Test,how to,yes,Google search suggestion
how to find extrema using first derivative test,Critical Points & the First Derivative Test,how to,yes,Google search suggestion
how to find first derivative test,Critical Points & the First Derivative Test,how to,yes,Google search suggestion
how to find local extrema with first derivative test,Critical Points & the First Derivative Test,how to,yes,Google search suggestion
how to first derivative test,Critical Points & the First Derivative Test,how to,yes,Google search suggestion
how to get critical points in calculus,Critical Points & the First Derivative Test,how to,yes,Google search suggestion
how to solve critical point in calculus,Critical Points & the First Derivative Test,how to,yes,Google search suggestion
how to solve for first derivative test,Critical Points & the First Derivative Test,how to,yes,Google search suggestion
how to use first derivative test,Critical Points & the First Derivative Test,how to,yes,Google search suggestion
what are critical points,Critical Points & the First Derivative Test,definition,yes,Google search suggestion
what does first derivative test tell you,Critical Points & the First Derivative Test,definition,yes,Google search suggestion
what happens at critical point calculus,Critical Points & the First Derivative Test,topic,yes,Google search suggestion
what is 1st derivative test,Critical Points & the First Derivative Test,definition,yes,Google search suggestion
what is a critical point in calculus on a graph,Critical Points & the First Derivative Test,definition,yes,Google search suggestion
what is critical point calculus,Critical Points & the First Derivative Test,definition,yes,Google search suggestion
what is critical value calculus,Critical Points & the First Derivative Test,definition,yes,Google search suggestion
what is first derivative test,Critical Points & the First Derivative Test,definition,yes,Google search suggestion
what is first derivative test used for,Critical Points & the First Derivative Test,definition,yes,Google search suggestion
what is first order derivative test,Critical Points & the First Derivative Test,definition,yes,Google search suggestion
what is the first derivative test,Critical Points & the First Derivative Test,definition,yes,Google search suggestion
what is the first derivative test for local extrema,Critical Points & the First Derivative Test,definition,yes,Google search suggestion
what is the first derivative test in calc,Critical Points & the First Derivative Test,definition,yes,Google search suggestion
what is the first derivative test in calculus,Critical Points & the First Derivative Test,definition,yes,Google search suggestion
what is the first derivative test used to find,Critical Points & the First Derivative Test,definition,yes,Google search suggestion
when first derivative test fails,Critical Points & the First Derivative Test,topic,yes,Google search suggestion
when to use first derivative test,Critical Points & the First Derivative Test,how to,yes,Google search suggestion
critical point calculus calculator,Critical Points & the First Derivative Test,tool,no: wants a calculator or tool,Google search suggestion
critical points calculus worksheet,Critical Points & the First Derivative Test,specific source,"no: wants a specific source, video or file",Google search suggestion
first derivative test practice problems pdf,Critical Points & the First Derivative Test,specific source,"no: wants a specific source, video or file",Google search suggestion
first derivative test worksheet,Critical Points & the First Derivative Test,specific source,"no: wants a specific source, video or file",Google search suggestion
first derivative test worksheet pdf,Critical Points & the First Derivative Test,specific source,"no: wants a specific source, video or file",Google search suggestion
concavity,Concavity & the Second Derivative Test,topic,yes,Google search suggestion
concavity and inflection points,Concavity & the Second Derivative Test,topic,yes,Google search suggestion
concavity calculus,Concavity & the Second Derivative Test,topic,yes,Google search suggestion
concavity calculus explained,Concavity & the Second Derivative Test,definition,yes,Google search suggestion
concavity calculus practice problems,Concavity & the Second Derivative Test,practice,yes,Google search suggestion
concavity common mistakes,Concavity & the Second Derivative Test,examples,yes,added: the page answers this
concavity example problems,Concavity & the Second Derivative Test,practice,yes,Google search suggestion
concavity examples,Concavity & the Second Derivative Test,examples,yes,Google search suggestion
concavity explained,Concavity & the Second Derivative Test,definition,yes,Google search suggestion
concavity explained simply,Concavity & the Second Derivative Test,definition,yes,added: the page answers this
concavity for beginners,Concavity & the Second Derivative Test,definition,yes,added: the page answers this
concavity for second derivative,Concavity & the Second Derivative Test,topic,yes,Google search suggestion
concavity formula,Concavity & the Second Derivative Test,formula,yes,Google search suggestion
concavity graphs,Concavity & the Second Derivative Test,topic,yes,Google search suggestion
concavity meaning,Concavity & the Second Derivative Test,definition,yes,Google search suggestion
concavity of a function,Concavity & the Second Derivative Test,topic,yes,Google search suggestion
concavity practice problems,Concavity & the Second Derivative Test,practice,yes,Google search suggestion
concavity practice problems with answers,Concavity & the Second Derivative Test,practice,yes,added: the page answers this
concavity practice problems with hints,Concavity & the Second Derivative Test,practice,yes,added: the page answers this
concavity precalculus,Concavity & the Second Derivative Test,topic,yes,Google search suggestion
concavity problems,Concavity & the Second Derivative Test,practice,yes,Google search suggestion
concavity problems calculus,Concavity & the Second Derivative Test,practice,yes,Google search suggestion
concavity quiz,Concavity & the Second Derivative Test,practice,yes,added: the page answers this
concavity rules,Concavity & the Second Derivative Test,formula,yes,Google search suggestion
concavity second derivative,Concavity & the Second Derivative Test,topic,yes,Google search suggestion
concavity step by step,Concavity & the Second Derivative Test,examples,yes,added: the page answers this
concavity vs convexity,Concavity & the Second Derivative Test,topic,yes,Google search suggestion
concavity with derivatives,Concavity & the Second Derivative Test,topic,yes,Google search suggestion
concavity with double derivative,Concavity & the Second Derivative Test,topic,yes,Google search suggestion
concavity with first derivative,Concavity & the Second Derivative Test,topic,yes,Google search suggestion
concavity with second derivative,Concavity & the Second Derivative Test,topic,yes,Google search suggestion
concavity worked example,Concavity & the Second Derivative Test,examples,yes,added: the page answers this
curve sketching with extrema and inflection points,Concavity & the Second Derivative Test,topic,yes,Google search suggestion
find inflection point with first derivative,Concavity & the Second Derivative Test,topic,yes,Google search suggestion
first and second derivative test examples,Concavity & the Second Derivative Test,examples,yes,Google search suggestion
first and second derivative test explained,Concavity & the Second Derivative Test,definition,yes,Google search suggestion
first and second derivative test practice problems,Concavity & the Second Derivative Test,practice,yes,Google search suggestion
first and second derivative test problems,Concavity & the Second Derivative Test,practice,yes,Google search suggestion
first derivative test and second derivative test,Concavity & the Second Derivative Test,practice,yes,Google search suggestion
how does second derivative test work,Concavity & the Second Derivative Test,how to,yes,Google search suggestion
how to calculate inflection points,Concavity & the Second Derivative Test,how to,yes,Google search suggestion
how to determine inflection points,Concavity & the Second Derivative Test,how to,yes,Google search suggestion
how to do double derivative test,Concavity & the Second Derivative Test,how to,yes,Google search suggestion
how to do first and second derivative test,Concavity & the Second Derivative Test,how to,yes,Google search suggestion
how to do second derivative test,Concavity & the Second Derivative Test,how to,yes,Google search suggestion
how to do the second derivative test for concavity,Concavity & the Second Derivative Test,how to,yes,Google search suggestion
how to find concavity,Concavity & the Second Derivative Test,how to,yes,Google search suggestion
how to find inflection point with second derivative,Concavity & the Second Derivative Test,how to,yes,Google search suggestion
how to find inflection points,Concavity & the Second Derivative Test,how to,yes,Google search suggestion
how to find inflection points from first derivative,Concavity & the Second Derivative Test,how to,yes,Google search suggestion
how to find inflection points from first derivative graph,Concavity & the Second Derivative Test,how to,yes,Google search suggestion
how to find inflection points from second derivative,Concavity & the Second Derivative Test,how to,yes,Google search suggestion
how to find inflection points of a function,Concavity & the Second Derivative Test,how to,yes,Google search suggestion
how to find inflection points on a derivative graph,Concavity & the Second Derivative Test,how to,yes,Google search suggestion
how to find inflection points on a graph,Concavity & the Second Derivative Test,how to,yes,Google search suggestion
how to inflection points,Concavity & the Second Derivative Test,how to,yes,Google search suggestion
how to justify second derivative test,Concavity & the Second Derivative Test,how to,yes,Google search suggestion
how to know when to use first or second derivative test,Concavity & the Second Derivative Test,how to,yes,Google search suggestion
how to know when to use second derivative test,Concavity & the Second Derivative Test,how to,yes,Google search suggestion
how to second derivative test,Concavity & the Second Derivative Test,how to,yes,Google search suggestion
how to solve second derivative test,Concavity & the Second Derivative Test,how to,yes,Google search suggestion
how to use first and second derivative test,Concavity & the Second Derivative Test,how to,yes,Google search suggestion
how to use second derivative test,Concavity & the Second Derivative Test,how to,yes,Google search suggestion
how to use second derivative test to find local extrema,Concavity & the Second Derivative Test,how to,yes,Google search suggestion
inflection point,Concavity & the Second Derivative Test,topic,yes,Google search suggestion
inflection point and concavity,Concavity & the Second Derivative Test,topic,yes,Google search suggestion
inflection point and derivative,Concavity & the Second Derivative Test,topic,yes,Google search suggestion
inflection point calculus,Concavity & the Second Derivative Test,topic,yes,Google search suggestion
inflection point common mistakes,Concavity & the Second Derivative Test,examples,yes,added: the page answers this
inflection point define,Concavity & the Second Derivative Test,topic,yes,Google search suggestion
inflection point example problem,Concavity & the Second Derivative Test,practice,yes,Google search suggestion
inflection point examples,Concavity & the Second Derivative Test,examples,yes,Google search suggestion
inflection point explained,Concavity & the Second Derivative Test,definition,yes,Google search suggestion
inflection point explained simply,Concavity & the Second Derivative Test,definition,yes,added: the page answers this
inflection point for,Concavity & the Second Derivative Test,topic,yes,Google search suggestion
inflection point for beginners,Concavity & the Second Derivative Test,definition,yes,added: the page answers this
inflection point for business,Concavity & the Second Derivative Test,topic,yes,Google search suggestion
inflection point for growth,Concavity & the Second Derivative Test,topic,yes,Google search suggestion
inflection point form,Concavity & the Second Derivative Test,topic,yes,Google search suggestion
inflection point formula,Concavity & the Second Derivative Test,formula,yes,Google search suggestion
inflection point formula cubic,Concavity & the Second Derivative Test,formula,yes,Google search suggestion
inflection point from derivative graph,Concavity & the Second Derivative Test,topic,yes,Google search suggestion
inflection point from first derivative graph,Concavity & the Second Derivative Test,topic,yes,Google search suggestion
inflection point from graph,Concavity & the Second Derivative Test,topic,yes,Google search suggestion
inflection point graph examples,Concavity & the Second Derivative Test,examples,yes,Google search suggestion
inflection point learning,Concavity & the Second Derivative Test,topic,yes,Google search suggestion
inflection point meaning,Concavity & the Second Derivative Test,definition,yes,Google search suggestion
inflection point meaning and examples,Concavity & the Second Derivative Test,examples,yes,Google search suggestion
inflection point meaning calculus,Concavity & the Second Derivative Test,definition,yes,Google search suggestion
inflection point meaning in business,Concavity & the Second Derivative Test,definition,yes,Google search suggestion
inflection point meaning in english,Concavity & the Second Derivative Test,definition,yes,Google search suggestion
inflection point of a function,Concavity & the Second Derivative Test,topic,yes,Google search suggestion
inflection point on a graph,Concavity & the Second Derivative Test,topic,yes,Google search suggestion
inflection point practice problems,Concavity & the Second Derivative Test,practice,yes,Google search suggestion
inflection point practice problems with answers,Concavity & the Second Derivative Test,practice,yes,added: the page answers this
inflection point practice problems with hints,Concavity & the Second Derivative Test,practice,yes,added: the page answers this
inflection point problems,Concavity & the Second Derivative Test,practice,yes,Google search suggestion
inflection point questions,Concavity & the Second Derivative Test,practice,yes,Google search suggestion
inflection point quiz,Concavity & the Second Derivative Test,practice,yes,added: the page answers this
inflection point spac,Concavity & the Second Derivative Test,topic,yes,Google search suggestion
inflection point step by step,Concavity & the Second Derivative Test,examples,yes,added: the page answers this
inflection point with first derivative,Concavity & the Second Derivative Test,topic,yes,Google search suggestion
inflection point with second derivative,Concavity & the Second Derivative Test,topic,yes,Google search suggestion
inflection point worked example,Concavity & the Second Derivative Test,examples,yes,added: the page answers this
inflection points on a graph,Concavity & the Second Derivative Test,topic,yes,Google search suggestion
parametric concavity formula,Concavity & the Second Derivative Test,formula,yes,Google search suggestion
point of inflection example problems,Concavity & the Second Derivative Test,practice,yes,Google search suggestion
quasi concavity explained,Concavity & the Second Derivative Test,definition,yes,Google search suggestion
quasi concavity formula,Concavity & the Second Derivative Test,formula,yes,Google search suggestion
second derivative practice problems,Concavity & the Second Derivative Test,practice,yes,Google search suggestion
second derivative test,Concavity & the Second Derivative Test,topic,yes,Google search suggestion
second derivative test = 0 meaning,Concavity & the Second Derivative Test,definition,yes,Google search suggestion
second derivative test calc 3,Concavity & the Second Derivative Test,topic,yes,Google search suggestion
second derivative test common mistakes,Concavity & the Second Derivative Test,examples,yes,added: the page answers this
second derivative test concavity,Concavity & the Second Derivative Test,topic,yes,Google search suggestion
second derivative test example,Concavity & the Second Derivative Test,examples,yes,Google search suggestion
second derivative test example problems,Concavity & the Second Derivative Test,practice,yes,Google search suggestion
second derivative test examples,Concavity & the Second Derivative Test,examples,yes,Google search suggestion
second derivative test explained,Concavity & the Second Derivative Test,definition,yes,Google search suggestion
second derivative test explained simply,Concavity & the Second Derivative Test,definition,yes,added: the page answers this
second derivative test explanation,Concavity & the Second Derivative Test,definition,yes,Google search suggestion
second derivative test fails example,Concavity & the Second Derivative Test,examples,yes,Google search suggestion
second derivative test for beginners,Concavity & the Second Derivative Test,definition,yes,added: the page answers this
second derivative test for concavity,Concavity & the Second Derivative Test,topic,yes,Google search suggestion
second derivative test for critical points,Concavity & the Second Derivative Test,topic,yes,Google search suggestion
second derivative test for extrema,Concavity & the Second Derivative Test,topic,yes,Google search suggestion
second derivative test for functions of two variables,Concavity & the Second Derivative Test,topic,yes,Google search suggestion
second derivative test for increasing and decreasing functions,Concavity & the Second Derivative Test,topic,yes,Google search suggestion
second derivative test for inflection points,Concavity & the Second Derivative Test,topic,yes,Google search suggestion
second derivative test for local extrema,Concavity & the Second Derivative Test,topic,yes,Google search suggestion
second derivative test for local maxima and minima,Concavity & the Second Derivative Test,topic,yes,Google search suggestion
second derivative test for maxima and minima,Concavity & the Second Derivative Test,topic,yes,Google search suggestion
second derivative test for maxima and minima examples,Concavity & the Second Derivative Test,examples,yes,Google search suggestion
second derivative test for relative extrema,Concavity & the Second Derivative Test,topic,yes,Google search suggestion
second derivative test formula,Concavity & the Second Derivative Test,formula,yes,Google search suggestion
second derivative test formula calc 3,Concavity & the Second Derivative Test,formula,yes,Google search suggestion
second derivative test meaning,Concavity & the Second Derivative Test,definition,yes,Google search suggestion
second derivative test multivariable,Concavity & the Second Derivative Test,topic,yes,Google search suggestion
second derivative test multivariable formula,Concavity & the Second Derivative Test,formula,yes,Google search suggestion
second derivative test practice,Concavity & the Second Derivative Test,practice,yes,Google search suggestion
second derivative test practice problems,Concavity & the Second Derivative Test,practice,yes,Google search suggestion
second derivative test practice problems with answers,Concavity & the Second Derivative Test,practice,yes,added: the page answers this
second derivative test practice problems with hints,Concavity & the Second Derivative Test,practice,yes,added: the page answers this
second derivative test problems,Concavity & the Second Derivative Test,practice,yes,Google search suggestion
second derivative test questions,Concavity & the Second Derivative Test,practice,yes,Google search suggestion
second derivative test quiz,Concavity & the Second Derivative Test,practice,yes,added: the page answers this
second derivative test saddle point,Concavity & the Second Derivative Test,topic,yes,Google search suggestion
second derivative test step by step,Concavity & the Second Derivative Test,examples,yes,added: the page answers this
second derivative test to find local extrema,Concavity & the Second Derivative Test,topic,yes,Google search suggestion
second derivative test with hessian,Concavity & the Second Derivative Test,topic,yes,Google search suggestion
second derivative test with two variables,Concavity & the Second Derivative Test,topic,yes,Google search suggestion
second derivative test worked example,Concavity & the Second Derivative Test,examples,yes,added: the page answers this
second order derivative practice problems,Concavity & the Second Derivative Test,practice,yes,Google search suggestion
second partial derivative test example,Concavity & the Second Derivative Test,examples,yes,Google search suggestion
second partial derivative test formula,Concavity & the Second Derivative Test,formula,yes,Google search suggestion
strategic inflection point examples,Concavity & the Second Derivative Test,examples,yes,Google search suggestion
types of inflection points,Concavity & the Second Derivative Test,topic,yes,Google search suggestion
what determines concavity,Concavity & the Second Derivative Test,topic,yes,Google search suggestion
what is concavity,Concavity & the Second Derivative Test,definition,yes,Google search suggestion
what is concavity and convexity,Concavity & the Second Derivative Test,definition,yes,Google search suggestion
what is concavity and inflection point,Concavity & the Second Derivative Test,definition,yes,Google search suggestion
what is concavity compression,Concavity & the Second Derivative Test,definition,yes,Google search suggestion
what is concavity in calculus,Concavity & the Second Derivative Test,definition,yes,Google search suggestion
what is concavity in math,Concavity & the Second Derivative Test,definition,yes,Google search suggestion
what is concavity of a function,Concavity & the Second Derivative Test,definition,yes,Google search suggestion
what is concavity of a graph,Concavity & the Second Derivative Test,definition,yes,Google search suggestion
what is concavity of a parabola,Concavity & the Second Derivative Test,definition,yes,Google search suggestion
what is first derivative test and second derivative test,Concavity & the Second Derivative Test,practice,yes,Google search suggestion
what is inflection point,Concavity & the Second Derivative Test,definition,yes,Google search suggestion
what is inflection point in business,Concavity & the Second Derivative Test,definition,yes,Google search suggestion
what is inflection point in calculus,Concavity & the Second Derivative Test,definition,yes,Google search suggestion
what is inflection point in graph,Concavity & the Second Derivative Test,definition,yes,Google search suggestion
what is inflection point in math,Concavity & the Second Derivative Test,definition,yes,Google search suggestion
what is inflection point in maths,Concavity & the Second Derivative Test,definition,yes,Google search suggestion
what is inflection point mean,Concavity & the Second Derivative Test,definition,yes,Google search suggestion
what is inflection point of a curve,Concavity & the Second Derivative Test,definition,yes,Google search suggestion
what is inflection point of a function,Concavity & the Second Derivative Test,definition,yes,Google search suggestion
what is second derivative test,Concavity & the Second Derivative Test,definition,yes,Google search suggestion
what is second derivative test used for,Concavity & the Second Derivative Test,definition,yes,Google search suggestion
what is second order derivative test,Concavity & the Second Derivative Test,definition,yes,Google search suggestion
what is the second derivative test,Concavity & the Second Derivative Test,definition,yes,Google search suggestion
what is the second derivative test calc 3,Concavity & the Second Derivative Test,definition,yes,Google search suggestion
what is the second derivative test for concavity,Concavity & the Second Derivative Test,definition,yes,Google search suggestion
what is the second derivative test for local extrema,Concavity & the Second Derivative Test,definition,yes,Google search suggestion
what is the second derivative test formula,Concavity & the Second Derivative Test,definition,yes,Google search suggestion
what is the second derivative test in calculus,Concavity & the Second Derivative Test,definition,yes,Google search suggestion
what is the second derivative test used for in optimization problems,Concavity & the Second Derivative Test,practice,yes,Google search suggestion
what is the second derivative test used to find,Concavity & the Second Derivative Test,definition,yes,Google search suggestion
when can you not use second derivative test,Concavity & the Second Derivative Test,how to,yes,Google search suggestion
when can you use second derivative test,Concavity & the Second Derivative Test,how to,yes,Google search suggestion
when second derivative test fails,Concavity & the Second Derivative Test,topic,yes,Google search suggestion
when to do second derivative test,Concavity & the Second Derivative Test,how to,yes,Google search suggestion
when to use 1st and 2nd derivative test,Concavity & the Second Derivative Test,how to,yes,Google search suggestion
when to use first and second derivative test,Concavity & the Second Derivative Test,how to,yes,Google search suggestion
when to use first or second derivative test,Concavity & the Second Derivative Test,how to,yes,Google search suggestion
when to use second derivative test,Concavity & the Second Derivative Test,how to,yes,Google search suggestion
why does the second derivative test work,Concavity & the Second Derivative Test,definition,yes,Google search suggestion
concavity dental,Concavity & the Second Derivative Test,other subject,no: a different subject,Google search suggestion
concavity problems and solutions pdf,Concavity & the Second Derivative Test,specific source,"no: wants a specific source, video or file",Google search suggestion
inflection point acquisition corp,Concavity & the Second Derivative Test,other subject,no: a different subject,Google search suggestion
inflection point by christopher whyte,Concavity & the Second Derivative Test,other subject,no: a different subject,Google search suggestion
inflection point company,Concavity & the Second Derivative Test,other subject,no: a different subject,Google search suggestion
inflection point for a company,Concavity & the Second Derivative Test,other subject,no: a different subject,Google search suggestion
inflection point for ai,Concavity & the Second Derivative Test,tool,no: wants a calculator or tool,Google search suggestion
inflection point in economics,Concavity & the Second Derivative Test,other subject,no: a different subject,Google search suggestion
inflection point meaning in bengali,Concavity & the Second Derivative Test,other language,no: wants it in another language,Google search suggestion
inflection point meaning in hindi,Concavity & the Second Derivative Test,other language,no: wants it in another language,Google search suggestion
inflection point meaning in tamil,Concavity & the Second Derivative Test,other language,no: wants it in another language,Google search suggestion
inflection point meaning in urdu,Concavity & the Second Derivative Test,other language,no: wants it in another language,Google search suggestion
inflection point partners,Concavity & the Second Derivative Test,other subject,no: a different subject,Google search suggestion
inflection point synonym,Concavity & the Second Derivative Test,other subject,no: a different subject,Google search suggestion
point of inflection calculator,Concavity & the Second Derivative Test,tool,no: wants a calculator or tool,Google search suggestion
second derivative practice problems with answers pdf,Concavity & the Second Derivative Test,specific source,"no: wants a specific source, video or file",Google search suggestion
second derivative test practice problems pdf,Concavity & the Second Derivative Test,specific source,"no: wants a specific source, video or file",Google search suggestion
second derivative test practice problems with answers pdf,Concavity & the Second Derivative Test,specific source,"no: wants a specific source, video or file",Google search suggestion
what is concavity in welding,Concavity & the Second Derivative Test,other subject,no: a different subject,Google search suggestion
what is inflection point in economics,Concavity & the Second Derivative Test,other subject,no: a different subject,Google search suggestion
what is inflection point in stocks,Concavity & the Second Derivative Test,other subject,no: a different subject,Google search suggestion
what is inflection point ventures,Concavity & the Second Derivative Test,other subject,no: a different subject,Google search suggestion
curve drawing for kids,Curve Sketching,topic,yes,Google search suggestion
curve drawing with pencil,Curve Sketching,topic,yes,Google search suggestion
curve graph formula,Curve Sketching,formula,yes,Google search suggestion
curve not working,Curve Sketching,topic,yes,Google search suggestion
curve sketching,Curve Sketching,topic,yes,Google search suggestion
curve sketching 2,Curve Sketching,topic,yes,Google search suggestion
curve sketching calculus,Curve Sketching,topic,yes,Google search suggestion
curve sketching calculus examples,Curve Sketching,examples,yes,Google search suggestion
curve sketching common mistakes,Curve Sketching,examples,yes,added: the page answers this
curve sketching definition,Curve Sketching,definition,yes,Google search suggestion
curve sketching example problems,Curve Sketching,practice,yes,Google search suggestion
curve sketching examples,Curve Sketching,examples,yes,Google search suggestion
curve sketching examples with solutions,Curve Sketching,practice,yes,Google search suggestion
curve sketching explained,Curve Sketching,definition,yes,Google search suggestion
curve sketching explained simply,Curve Sketching,definition,yes,added: the page answers this
curve sketching for beginners,Curve Sketching,definition,yes,added: the page answers this
curve sketching for rational functions,Curve Sketching,topic,yes,Google search suggestion
curve sketching formula,Curve Sketching,formula,yes,Google search suggestion
curve sketching in calculus,Curve Sketching,topic,yes,Google search suggestion
curve sketching in differentiation,Curve Sketching,topic,yes,Google search suggestion
curve sketching in mathematics,Curve Sketching,topic,yes,Google search suggestion
curve sketching menu,Curve Sketching,topic,yes,Google search suggestion
curve sketching practice problems,Curve Sketching,practice,yes,Google search suggestion
curve sketching practice problems calculus,Curve Sketching,practice,yes,Google search suggestion
curve sketching practice problems with answers,Curve Sketching,practice,yes,added: the page answers this
curve sketching practice problems with hints,Curve Sketching,practice,yes,added: the page answers this
curve sketching practice questions,Curve Sketching,practice,yes,Google search suggestion
curve sketching practice test,Curve Sketching,practice,yes,Google search suggestion
curve sketching problems,Curve Sketching,practice,yes,Google search suggestion
curve sketching problems calculus,Curve Sketching,practice,yes,Google search suggestion
curve sketching questions,Curve Sketching,practice,yes,Google search suggestion
curve sketching questions and answers,Curve Sketching,practice,yes,Google search suggestion
curve sketching questions calculus,Curve Sketching,practice,yes,Google search suggestion
curve sketching quiz,Curve Sketching,practice,yes,added: the page answers this
curve sketching rules,Curve Sketching,formula,yes,Google search suggestion
curve sketching step by step,Curve Sketching,examples,yes,added: the page answers this
curve sketching summary,Curve Sketching,topic,yes,Google search suggestion
curve sketching with asymptotes,Curve Sketching,topic,yes,Google search suggestion
curve sketching with calculus,Curve Sketching,topic,yes,Google search suggestion
curve sketching with derivatives,Curve Sketching,topic,yes,Google search suggestion
curve sketching with trig functions,Curve Sketching,topic,yes,Google search suggestion
curve sketching worked example,Curve Sketching,examples,yes,added: the page answers this
curve tracing examples,Curve Sketching,examples,yes,Google search suggestion
curve tracing for kids,Curve Sketching,topic,yes,Google search suggestion
curve tracing formula,Curve Sketching,formula,yes,Google search suggestion
curve tracing problems,Curve Sketching,practice,yes,Google search suggestion
graph sketching examples,Curve Sketching,examples,yes,Google search suggestion
graph sketching practice problems,Curve Sketching,practice,yes,Google search suggestion
graph sketching problems,Curve Sketching,practice,yes,Google search suggestion
how to curve sketch,Curve Sketching,how to,yes,Google search suggestion
how to curve sketch calculus,Curve Sketching,how to,yes,Google search suggestion
how to find asymptotes curve sketching,Curve Sketching,how to,yes,Google search suggestion
how to find horizontal asymptotes curve sketching,Curve Sketching,how to,yes,Google search suggestion
how to sketch a curve,Curve Sketching,how to,yes,Google search suggestion
how to sketch curve in polar coordinates,Curve Sketching,how to,yes,Google search suggestion
what is curve drawing,Curve Sketching,definition,yes,Google search suggestion
what is curve sketching,Curve Sketching,definition,yes,Google search suggestion
what is curve sketching in calculus,Curve Sketching,definition,yes,Google search suggestion
what is curve tracing,Curve Sketching,definition,yes,Google search suggestion
what is curve tracing in mathematics,Curve Sketching,definition,yes,Google search suggestion
what is graph sketching,Curve Sketching,definition,yes,Google search suggestion
what is symmetry in curve sketching,Curve Sketching,definition,yes,Google search suggestion
what is the algorithm for curve sketching,Curve Sketching,definition,yes,Google search suggestion
curve sketching calculator,Curve Sketching,tool,no: wants a calculator or tool,Google search suggestion
curve sketching examples with solutions pdf,Curve Sketching,specific source,"no: wants a specific source, video or file",Google search suggestion
curve sketching in chemistry,Curve Sketching,other subject,no: a different subject,Google search suggestion
curve sketching in hindi,Curve Sketching,other language,no: wants it in another language,Google search suggestion
curve sketching meaning in hindi,Curve Sketching,other language,no: wants it in another language,Google search suggestion
curve sketching pdf,Curve Sketching,specific source,"no: wants a specific source, video or file",Google search suggestion
curve sketching practice problems pdf,Curve Sketching,specific source,"no: wants a specific source, video or file",Google search suggestion
curve sketching problems and solutions pdf,Curve Sketching,specific source,"no: wants a specific source, video or file",Google search suggestion
curve sketching questions and answers pdf,Curve Sketching,specific source,"no: wants a specific source, video or file",Google search suggestion
curve sketching questions pdf,Curve Sketching,specific source,"no: wants a specific source, video or file",Google search suggestion
curve sketching recipe,Curve Sketching,other subject,no: a different subject,Google search suggestion
curve tracing for nursery,Curve Sketching,other subject,no: a different subject,Google search suggestion
how to curve a sketch in fusion 360,Curve Sketching,other subject,no: a different subject,Google search suggestion
how to curve a sketch in onshape,Curve Sketching,other subject,no: a different subject,Google search suggestion
how to curve drawing on procreate,Curve Sketching,other subject,no: a different subject,Google search suggestion
how to curve sketch in solidworks,Curve Sketching,other subject,no: a different subject,Google search suggestion
how does the intermediate value theorem work,Intermediate Value Theorem,how to,yes,Google search suggestion
how to apply intermediate value theorem,Intermediate Value Theorem,how to,yes,Google search suggestion
how to explain intermediate value theorem,Intermediate Value Theorem,how to,yes,Google search suggestion
how to find intermediate value theorem,Intermediate Value Theorem,how to,yes,Google search suggestion
how to intermediate value theorem,Intermediate Value Theorem,how to,yes,Google search suggestion
how to justify intermediate value theorem,Intermediate Value Theorem,how to,yes,Google search suggestion
how to prove intermediate value theorem,Intermediate Value Theorem,proof,yes,Google search suggestion
how to solve intermediate value theorem,Intermediate Value Theorem,how to,yes,Google search suggestion
how to solve intermediate value theorem problems,Intermediate Value Theorem,practice,yes,Google search suggestion
how to use intermediate value theorem,Intermediate Value Theorem,how to,yes,Google search suggestion
how to write intermediate value theorem,Intermediate Value Theorem,how to,yes,Google search suggestion
intermediate value theorem,Intermediate Value Theorem,topic,yes,Google search suggestion
intermediate value theorem (ivt),Intermediate Value Theorem,topic,yes,Google search suggestion
intermediate value theorem calculus,Intermediate Value Theorem,topic,yes,Google search suggestion
intermediate value theorem common mistakes,Intermediate Value Theorem,examples,yes,added: the page answers this
intermediate value theorem definition,Intermediate Value Theorem,definition,yes,Google search suggestion
intermediate value theorem example,Intermediate Value Theorem,examples,yes,Google search suggestion
intermediate value theorem example problem,Intermediate Value Theorem,practice,yes,Google search suggestion
intermediate value theorem example problems,Intermediate Value Theorem,practice,yes,Google search suggestion
intermediate value theorem examples,Intermediate Value Theorem,examples,yes,Google search suggestion
intermediate value theorem examples and solutions,Intermediate Value Theorem,examples,yes,Google search suggestion
intermediate value theorem explained,Intermediate Value Theorem,definition,yes,Google search suggestion
intermediate value theorem explained simple,Intermediate Value Theorem,definition,yes,Google search suggestion
intermediate value theorem explained simply,Intermediate Value Theorem,definition,yes,added: the page answers this
intermediate value theorem for beginners,Intermediate Value Theorem,definition,yes,added: the page answers this
intermediate value theorem for complex functions,Intermediate Value Theorem,topic,yes,Google search suggestion
intermediate value theorem for continuous functions,Intermediate Value Theorem,topic,yes,Google search suggestion
intermediate value theorem for derivatives,Intermediate Value Theorem,topic,yes,Google search suggestion
intermediate value theorem for derivatives proof,Intermediate Value Theorem,proof,yes,Google search suggestion
intermediate value theorem for dummies,Intermediate Value Theorem,definition,yes,Google search suggestion
intermediate value theorem for integrals,Intermediate Value Theorem,topic,yes,Google search suggestion
intermediate value theorem for multivariable functions,Intermediate Value Theorem,topic,yes,Google search suggestion
intermediate value theorem for polynomials,Intermediate Value Theorem,topic,yes,Google search suggestion
intermediate value theorem formal definition,Intermediate Value Theorem,definition,yes,Google search suggestion
intermediate value theorem formula,Intermediate Value Theorem,formula,yes,Google search suggestion
intermediate value theorem formula example,Intermediate Value Theorem,examples,yes,Google search suggestion
intermediate value theorem notes,Intermediate Value Theorem,topic,yes,Google search suggestion
intermediate value theorem practice,Intermediate Value Theorem,practice,yes,Google search suggestion
intermediate value theorem practice problems,Intermediate Value Theorem,practice,yes,Google search suggestion
intermediate value theorem practice problems with answers,Intermediate Value Theorem,practice,yes,added: the page answers this
intermediate value theorem practice problems with hints,Intermediate Value Theorem,practice,yes,added: the page answers this
intermediate value theorem problems,Intermediate Value Theorem,practice,yes,Google search suggestion
intermediate value theorem problems and solutions,Intermediate Value Theorem,practice,yes,Google search suggestion
intermediate value theorem proof,Intermediate Value Theorem,proof,yes,Google search suggestion
intermediate value theorem questions,Intermediate Value Theorem,practice,yes,Google search suggestion
intermediate value theorem questions and answers,Intermediate Value Theorem,practice,yes,Google search suggestion
intermediate value theorem quiz,Intermediate Value Theorem,practice,yes,added: the page answers this
intermediate value theorem simplified,Intermediate Value Theorem,topic,yes,Google search suggestion
intermediate value theorem step by step,Intermediate Value Theorem,examples,yes,added: the page answers this
intermediate value theorem steps,Intermediate Value Theorem,examples,yes,Google search suggestion
intermediate value theorem with a table,Intermediate Value Theorem,formula,yes,Google search suggestion
intermediate value theorem with derivatives,Intermediate Value Theorem,topic,yes,Google search suggestion
intermediate value theorem with example,Intermediate Value Theorem,examples,yes,Google search suggestion
intermediate value theorem with limits,Intermediate Value Theorem,topic,yes,Google search suggestion
intermediate value theorem with proof,Intermediate Value Theorem,proof,yes,Google search suggestion
intermediate value theorem with trig functions,Intermediate Value Theorem,topic,yes,Google search suggestion
intermediate value theorem with two functions,Intermediate Value Theorem,topic,yes,Google search suggestion
intermediate value theorem without interval,Intermediate Value Theorem,topic,yes,Google search suggestion
intermediate value theorem worked example,Intermediate Value Theorem,examples,yes,added: the page answers this
use the intermediate value theorem,Intermediate Value Theorem,topic,yes,Google search suggestion
what is intermediate value theorem,Intermediate Value Theorem,definition,yes,Google search suggestion
what is intermediate value theorem formula,Intermediate Value Theorem,definition,yes,Google search suggestion
what is intermediate value theorem in calculus,Intermediate Value Theorem,definition,yes,Google search suggestion
what is intermediate value theorem simple,Intermediate Value Theorem,definition,yes,Google search suggestion
what is intermediate value theorem used for,Intermediate Value Theorem,definition,yes,Google search suggestion
what is ivt intermediate value theorem,Intermediate Value Theorem,definition,yes,Google search suggestion
what is the intermediate value theorem,Intermediate Value Theorem,definition,yes,Google search suggestion
what is the intermediate value theorem example,Intermediate Value Theorem,examples,yes,Google search suggestion
what is the intermediate value theorem in simple terms,Intermediate Value Theorem,definition,yes,Google search suggestion
what unit is intermediate value theorem,Intermediate Value Theorem,topic,yes,Google search suggestion
when is it impossible to use the intermediate value theorem,Intermediate Value Theorem,topic,yes,Google search suggestion
when to use intermediate value theorem,Intermediate Value Theorem,how to,yes,Google search suggestion
when to use mean value theorem vs intermediate value theorem,Intermediate Value Theorem,how to,yes,Google search suggestion
intermediate value theorem examples and solutions pdf,Intermediate Value Theorem,specific source,"no: wants a specific source, video or file",Google search suggestion
intermediate value theorem notes pdf,Intermediate Value Theorem,specific source,"no: wants a specific source, video or file",Google search suggestion
intermediate value theorem practice pdf,Intermediate Value Theorem,specific source,"no: wants a specific source, video or file",Google search suggestion
intermediate value theorem practice problems pdf,Intermediate Value Theorem,specific source,"no: wants a specific source, video or file",Google search suggestion
intermediate value theorem practice problems with solutions pdf,Intermediate Value Theorem,specific source,"no: wants a specific source, video or file",Google search suggestion
intermediate value theorem problems and solutions pdf,Intermediate Value Theorem,specific source,"no: wants a specific source, video or file",Google search suggestion
intermediate value theorem problems pdf,Intermediate Value Theorem,specific source,"no: wants a specific source, video or file",Google search suggestion
intermediate value theorem proof pdf,Intermediate Value Theorem,specific source,"no: wants a specific source, video or file",Google search suggestion
intermediate value theorem questions and answers pdf,Intermediate Value Theorem,specific source,"no: wants a specific source, video or file",Google search suggestion
calculus mean value theorem practice problems,Mean Value Theorem,practice,yes,Google search suggestion
cauchy mean value theorem formula,Mean Value Theorem,formula,yes,Google search suggestion
how to do mean value theorem,Mean Value Theorem,how to,yes,Google search suggestion
how to find c rolle's theorem,Mean Value Theorem,how to,yes,Google search suggestion
how to find mean value theorem,Mean Value Theorem,how to,yes,Google search suggestion
how to find rolle's theorem,Mean Value Theorem,how to,yes,Google search suggestion
how to justify mean value theorem,Mean Value Theorem,how to,yes,Google search suggestion
how to know if rolle's theorem applies,Mean Value Theorem,how to,yes,Google search suggestion
how to mean value theorem,Mean Value Theorem,how to,yes,Google search suggestion
how to prove mean value theorem,Mean Value Theorem,proof,yes,Google search suggestion
how to prove rolle's theorem,Mean Value Theorem,proof,yes,Google search suggestion
how to satisfy mean value theorem,Mean Value Theorem,how to,yes,Google search suggestion
how to solve mean value theorem,Mean Value Theorem,how to,yes,Google search suggestion
how to solve mean value theorem problems,Mean Value Theorem,practice,yes,Google search suggestion
how to solve rolle's theorem,Mean Value Theorem,how to,yes,Google search suggestion
how to use mean value theorem,Mean Value Theorem,how to,yes,Google search suggestion
how to use rolle's theorem,Mean Value Theorem,how to,yes,Google search suggestion
how to verify mean value theorem,Mean Value Theorem,how to,yes,Google search suggestion
how to verify rolle's theorem,Mean Value Theorem,how to,yes,Google search suggestion
intermediate mean value theorem formula,Mean Value Theorem,formula,yes,Google search suggestion
lagrange mean value theorem formula,Mean Value Theorem,formula,yes,Google search suggestion
mean value theorem,Mean Value Theorem,topic,yes,Google search suggestion
mean value theorem all formulas,Mean Value Theorem,formula,yes,Google search suggestion
mean value theorem analysis,Mean Value Theorem,topic,yes,Google search suggestion
mean value theorem calculus,Mean Value Theorem,topic,yes,Google search suggestion
mean value theorem calculus formula,Mean Value Theorem,formula,yes,Google search suggestion
mean value theorem common mistakes,Mean Value Theorem,examples,yes,added: the page answers this
mean value theorem definition,Mean Value Theorem,definition,yes,Google search suggestion
mean value theorem example problem,Mean Value Theorem,practice,yes,Google search suggestion
mean value theorem example problems,Mean Value Theorem,practice,yes,Google search suggestion
mean value theorem example questions,Mean Value Theorem,practice,yes,Google search suggestion
mean value theorem examples,Mean Value Theorem,examples,yes,Google search suggestion
mean value theorem examples with solutions,Mean Value Theorem,practice,yes,Google search suggestion
mean value theorem explained,Mean Value Theorem,definition,yes,Google search suggestion
mean value theorem explained simply,Mean Value Theorem,definition,yes,Google search suggestion
mean value theorem for beginners,Mean Value Theorem,definition,yes,added: the page answers this
mean value theorem for complex functions,Mean Value Theorem,topic,yes,Google search suggestion
mean value theorem for definite integrals,Mean Value Theorem,topic,yes,Google search suggestion
mean value theorem for derivatives,Mean Value Theorem,topic,yes,Google search suggestion
mean value theorem for differentiation,Mean Value Theorem,topic,yes,Google search suggestion
mean value theorem for function of two variables,Mean Value Theorem,topic,yes,Google search suggestion
mean value theorem for integrals,Mean Value Theorem,topic,yes,Google search suggestion
mean value theorem for integrals example problems,Mean Value Theorem,practice,yes,Google search suggestion
mean value theorem for integrals practice problems,Mean Value Theorem,practice,yes,Google search suggestion
mean value theorem for integrals proof,Mean Value Theorem,proof,yes,Google search suggestion
mean value theorem for vector valued functions,Mean Value Theorem,topic,yes,Google search suggestion
mean value theorem formula,Mean Value Theorem,formula,yes,Google search suggestion
mean value theorem formula example,Mean Value Theorem,examples,yes,Google search suggestion
mean value theorem formula for integrals,Mean Value Theorem,formula,yes,Google search suggestion
mean value theorem in calculus,Mean Value Theorem,topic,yes,Google search suggestion
mean value theorem notes,Mean Value Theorem,topic,yes,Google search suggestion
mean value theorem practice,Mean Value Theorem,practice,yes,Google search suggestion
mean value theorem practice problems,Mean Value Theorem,practice,yes,Google search suggestion
mean value theorem practice problems with answers,Mean Value Theorem,practice,yes,Google search suggestion
mean value theorem practice problems with hints,Mean Value Theorem,practice,yes,added: the page answers this
mean value theorem problems,Mean Value Theorem,practice,yes,Google search suggestion
mean value theorem proof,Mean Value Theorem,proof,yes,Google search suggestion
mean value theorem questions,Mean Value Theorem,practice,yes,Google search suggestion
mean value theorem questions and answers,Mean Value Theorem,practice,yes,Google search suggestion
mean value theorem quiz,Mean Value Theorem,practice,yes,added: the page answers this
mean value theorem sample problems,Mean Value Theorem,practice,yes,Google search suggestion
mean value theorem step by step,Mean Value Theorem,examples,yes,added: the page answers this
mean value theorem steps,Mean Value Theorem,examples,yes,Google search suggestion
mean value theorem vs rolle's theorem,Mean Value Theorem,topic,yes,Google search suggestion
mean value theorem with absolute value,Mean Value Theorem,topic,yes,Google search suggestion
mean value theorem with derivatives,Mean Value Theorem,topic,yes,Google search suggestion
mean value theorem with example,Mean Value Theorem,examples,yes,Google search suggestion
mean value theorem with gradient,Mean Value Theorem,topic,yes,Google search suggestion
mean value theorem with graph,Mean Value Theorem,topic,yes,Google search suggestion
mean value theorem with inequalities,Mean Value Theorem,topic,yes,Google search suggestion
mean value theorem with integrals,Mean Value Theorem,topic,yes,Google search suggestion
mean value theorem with proof,Mean Value Theorem,proof,yes,Google search suggestion
mean value theorem with second derivative,Mean Value Theorem,topic,yes,Google search suggestion
mean value theorem worked example,Mean Value Theorem,examples,yes,added: the page answers this
rolle's mean value theorem formula,Mean Value Theorem,formula,yes,Google search suggestion
rolle's theorem,Mean Value Theorem,topic,yes,Google search suggestion
rolle's theorem and mean value theorem,Mean Value Theorem,topic,yes,Google search suggestion
rolle's theorem and mean value theorem practice problems,Mean Value Theorem,practice,yes,Google search suggestion
rolle's theorem calculus,Mean Value Theorem,topic,yes,Google search suggestion
rolle's theorem common mistakes,Mean Value Theorem,examples,yes,added: the page answers this
rolle's theorem conditions,Mean Value Theorem,topic,yes,Google search suggestion
rolle's theorem definition,Mean Value Theorem,definition,yes,Google search suggestion
rolle's theorem equation,Mean Value Theorem,formula,yes,Google search suggestion
rolle's theorem example,Mean Value Theorem,examples,yes,Google search suggestion
rolle's theorem example problems,Mean Value Theorem,practice,yes,Google search suggestion
rolle's theorem example questions,Mean Value Theorem,practice,yes,Google search suggestion
rolle's theorem examples,Mean Value Theorem,examples,yes,Google search suggestion
rolle's theorem examples engineering mathematics,Mean Value Theorem,examples,yes,Google search suggestion
rolle's theorem examples with solutions,Mean Value Theorem,practice,yes,Google search suggestion
rolle's theorem explained,Mean Value Theorem,definition,yes,Google search suggestion
rolle's theorem explained simply,Mean Value Theorem,definition,yes,Google search suggestion
rolle's theorem for beginners,Mean Value Theorem,definition,yes,added: the page answers this
rolle's theorem for engineering mathematics,Mean Value Theorem,topic,yes,Google search suggestion
rolle's theorem for mod x,Mean Value Theorem,topic,yes,Google search suggestion
rolle's theorem for polynomials,Mean Value Theorem,topic,yes,Google search suggestion
rolle's theorem for sinx ex,Mean Value Theorem,topic,yes,Google search suggestion
rolle's theorem formula,Mean Value Theorem,formula,yes,Google search suggestion
rolle's theorem formula example,Mean Value Theorem,examples,yes,Google search suggestion
rolle's theorem practice problems,Mean Value Theorem,practice,yes,Google search suggestion
rolle's theorem practice problems with answers,Mean Value Theorem,practice,yes,added: the page answers this
rolle's theorem practice problems with hints,Mean Value Theorem,practice,yes,added: the page answers this
rolle's theorem practice questions and answers,Mean Value Theorem,practice,yes,Google search suggestion
rolle's theorem problems,Mean Value Theorem,practice,yes,Google search suggestion
rolle's theorem problems and solutions,Mean Value Theorem,practice,yes,Google search suggestion
rolle's theorem problems engineering mathematics,Mean Value Theorem,practice,yes,Google search suggestion
rolle's theorem proof,Mean Value Theorem,proof,yes,Google search suggestion
rolle's theorem proof for bsc,Mean Value Theorem,proof,yes,Google search suggestion
rolle's theorem questions,Mean Value Theorem,practice,yes,Google search suggestion
rolle's theorem quiz,Mean Value Theorem,practice,yes,added: the page answers this
rolle's theorem step by step,Mean Value Theorem,examples,yes,added: the page answers this
rolle's theorem vs mvt,Mean Value Theorem,topic,yes,Google search suggestion
rolle's theorem with example,Mean Value Theorem,examples,yes,Google search suggestion
rolle's theorem with proof,Mean Value Theorem,proof,yes,Google search suggestion
rolle's theorem worked example,Mean Value Theorem,examples,yes,added: the page answers this
what is intermediate mean value theorem,Mean Value Theorem,definition,yes,Google search suggestion
what is mean value theorem,Mean Value Theorem,definition,yes,Google search suggestion
what is mean value theorem calc,Mean Value Theorem,definition,yes,Google search suggestion
what is mean value theorem for derivatives,Mean Value Theorem,definition,yes,Google search suggestion
what is mean value theorem for integrals,Mean Value Theorem,definition,yes,Google search suggestion
what is mean value theorem formula,Mean Value Theorem,definition,yes,Google search suggestion
what is mean value theorem in calculus,Mean Value Theorem,definition,yes,Google search suggestion
what is mean value theorem in simple terms,Mean Value Theorem,definition,yes,Google search suggestion
what is mean value theorem simple,Mean Value Theorem,definition,yes,Google search suggestion
what is mean value theorem used for,Mean Value Theorem,definition,yes,Google search suggestion
what is rolle's theorem,Mean Value Theorem,definition,yes,Google search suggestion
what is rolle's theorem and mean value theorem,Mean Value Theorem,definition,yes,Google search suggestion
what is rolle's theorem definition,Mean Value Theorem,definition,yes,Google search suggestion
what is rolle's theorem formula,Mean Value Theorem,definition,yes,Google search suggestion
what is rolle's theorem in calculus,Mean Value Theorem,definition,yes,Google search suggestion
what is rolle's theorem in mathematics,Mean Value Theorem,definition,yes,Google search suggestion
what is rolle's theorem in simple terms,Mean Value Theorem,definition,yes,Google search suggestion
what is rolle's theorem used for,Mean Value Theorem,definition,yes,Google search suggestion
what is rolle's theorem with example,Mean Value Theorem,examples,yes,Google search suggestion
when mean value theorem does not apply,Mean Value Theorem,how to,yes,Google search suggestion
when to use mean value theorem,Mean Value Theorem,how to,yes,Google search suggestion
when to use rolle's theorem vs mvt,Mean Value Theorem,how to,yes,Google search suggestion
how to pronounce rolle's theorem,Mean Value Theorem,other subject,no: a different subject,Google search suggestion
mean value theorem calculator,Mean Value Theorem,tool,no: wants a calculator or tool,Google search suggestion
mean value theorem examples pdf,Mean Value Theorem,specific source,"no: wants a specific source, video or file",Google search suggestion
mean value theorem examples with solutions pdf,Mean Value Theorem,specific source,"no: wants a specific source, video or file",Google search suggestion
mean value theorem laplace equation,Mean Value Theorem,other subject,no: a different subject,Google search suggestion
mean value theorem practice problems pdf,Mean Value Theorem,specific source,"no: wants a specific source, video or file",Google search suggestion
mean value theorem problems and solutions pdf,Mean Value Theorem,specific source,"no: wants a specific source, video or file",Google search suggestion
mean value theorem problems pdf,Mean Value Theorem,specific source,"no: wants a specific source, video or file",Google search suggestion
mean value theorem questions and answers pdf,Mean Value Theorem,specific source,"no: wants a specific source, video or file",Google search suggestion
rolle's theorem calculator,Mean Value Theorem,tool,no: wants a calculator or tool,Google search suggestion
rolle's theorem examples with solutions pdf,Mean Value Theorem,specific source,"no: wants a specific source, video or file",Google search suggestion
rolle's theorem formula pdf,Mean Value Theorem,specific source,"no: wants a specific source, video or file",Google search suggestion
rolle's theorem khan academy,Mean Value Theorem,specific source,"no: wants a specific source, video or file",Google search suggestion
rolle's theorem problems and solutions pdf,Mean Value Theorem,specific source,"no: wants a specific source, video or file",Google search suggestion
rolle's theorem proof pdf,Mean Value Theorem,specific source,"no: wants a specific source, video or file",Google search suggestion
what is mean value theorem class 12,Mean Value Theorem,specific source,"no: wants a specific source, video or file",Google search suggestion
what is rolle's theorem class 12,Mean Value Theorem,specific source,"no: wants a specific source, video or file",Google search suggestion
derive newton's method,Newton's Method,proof,yes,Google search suggestion
gauss newton method explained,Newton's Method,definition,yes,Google search suggestion
how does newton's method work,Newton's Method,how to,yes,Google search suggestion
how to do newton's method on cas,Newton's Method,how to,yes,Google search suggestion
how to do newton's method on ti 84,Newton's Method,how to,yes,Google search suggestion
how to newton raphson method,Newton's Method,how to,yes,Google search suggestion
how to use newton's method,Newton's Method,how to,yes,Google search suggestion
newton method examples with solutions,Newton's Method,practice,yes,Google search suggestion
newton raphson examples,Newton's Method,examples,yes,Google search suggestion
newton raphson explained,Newton's Method,definition,yes,Google search suggestion
newton raphson formula,Newton's Method,formula,yes,Google search suggestion
newton raphson method example problems,Newton's Method,practice,yes,Google search suggestion
newton raphson method example problems with solutions,Newton's Method,practice,yes,Google search suggestion
newton raphson method examples,Newton's Method,examples,yes,Google search suggestion
newton raphson method examples and solutions,Newton's Method,examples,yes,Google search suggestion
newton raphson method explained,Newton's Method,definition,yes,Google search suggestion
newton raphson method practice questions,Newton's Method,practice,yes,Google search suggestion
newton raphson method problems,Newton's Method,practice,yes,Google search suggestion
newton raphson method problems in power system analysis,Newton's Method,practice,yes,Google search suggestion
newton raphson method solved examples,Newton's Method,examples,yes,Google search suggestion
newton raphson practice problems,Newton's Method,practice,yes,Google search suggestion
newton raphson practice questions,Newton's Method,practice,yes,Google search suggestion
newton raphson problems,Newton's Method,practice,yes,Google search suggestion
newton raphson with hessian,Newton's Method,topic,yes,Google search suggestion
newton raphson with jacobian,Newton's Method,topic,yes,Google search suggestion
newton raphson with line search,Newton's Method,topic,yes,Google search suggestion
newton's method,Newton's Method,topic,yes,Google search suggestion
newton's method calc,Newton's Method,topic,yes,Google search suggestion
newton's method calculus,Newton's Method,topic,yes,Google search suggestion
newton's method calculus explained,Newton's Method,definition,yes,Google search suggestion
newton's method calculus formula,Newton's Method,formula,yes,Google search suggestion
newton's method calculus practice problems,Newton's Method,practice,yes,Google search suggestion
newton's method common mistakes,Newton's Method,examples,yes,added: the page answers this
newton's method definition,Newton's Method,definition,yes,Google search suggestion
newton's method example,Newton's Method,examples,yes,Google search suggestion
newton's method example problems,Newton's Method,practice,yes,Google search suggestion
newton's method examples,Newton's Method,examples,yes,Google search suggestion
newton's method explained,Newton's Method,definition,yes,Google search suggestion
newton's method explained simply,Newton's Method,definition,yes,Google search suggestion
newton's method for approximating roots,Newton's Method,topic,yes,Google search suggestion
newton's method for approximating square roots,Newton's Method,topic,yes,Google search suggestion
newton's method for approximation,Newton's Method,topic,yes,Google search suggestion
newton's method for beginners,Newton's Method,definition,yes,added: the page answers this
newton's method for finding roots,Newton's Method,topic,yes,Google search suggestion
newton's method for nonlinear systems,Newton's Method,topic,yes,Google search suggestion
newton's method for optimization,Newton's Method,topic,yes,Google search suggestion
newton's method for optimization examples,Newton's Method,examples,yes,Google search suggestion
newton's method for root extraction,Newton's Method,topic,yes,Google search suggestion
newton's method for roots,Newton's Method,topic,yes,Google search suggestion
newton's method for square root,Newton's Method,topic,yes,Google search suggestion
newton's method for two variables,Newton's Method,topic,yes,Google search suggestion
newton's method formula,Newton's Method,formula,yes,Google search suggestion
newton's method formula cas,Newton's Method,formula,yes,Google search suggestion
newton's method formula derivation,Newton's Method,proof,yes,Google search suggestion
newton's method formula explained,Newton's Method,definition,yes,Google search suggestion
newton's method formula hessian,Newton's Method,formula,yes,Google search suggestion
newton's method formula square root,Newton's Method,formula,yes,Google search suggestion
newton's method of approximation,Newton's Method,topic,yes,Google search suggestion
newton's method of minimization,Newton's Method,topic,yes,Google search suggestion
newton's method practice,Newton's Method,practice,yes,Google search suggestion
newton's method practice problems,Newton's Method,practice,yes,Google search suggestion
newton's method practice problems with answers,Newton's Method,practice,yes,added: the page answers this
newton's method practice problems with hints,Newton's Method,practice,yes,added: the page answers this
newton's method problems,Newton's Method,practice,yes,Google search suggestion
newton's method problems and solutions,Newton's Method,practice,yes,Google search suggestion
newton's method quiz,Newton's Method,practice,yes,added: the page answers this
newton's method step by step,Newton's Method,examples,yes,added: the page answers this
newton's method summary,Newton's Method,topic,yes,Google search suggestion
newton's method with hessian,Newton's Method,topic,yes,Google search suggestion
newton's method with jacobian,Newton's Method,topic,yes,Google search suggestion
newton's method with line search,Newton's Method,topic,yes,Google search suggestion
newton's method with second derivative,Newton's Method,topic,yes,Google search suggestion
newton's method worked example,Newton's Method,examples,yes,added: the page answers this
what is newton method for finding the square root,Newton's Method,definition,yes,Google search suggestion
what is newton's method,Newton's Method,definition,yes,Google search suggestion
what is newton's method formula,Newton's Method,definition,yes,Google search suggestion
what is newton's method in calculus,Newton's Method,definition,yes,Google search suggestion
what is newton's method in optimization,Newton's Method,definition,yes,Google search suggestion
what is newton's method in quadratic equation,Newton's Method,definition,yes,Google search suggestion
what is newton's method of approximation,Newton's Method,definition,yes,Google search suggestion
what is newton's method used for,Newton's Method,definition,yes,Google search suggestion
when to use newton raphson,Newton's Method,how to,yes,Google search suggestion
when to use newton raphson method,Newton's Method,how to,yes,Google search suggestion
how to code newton's method in matlab,Newton's Method,other subject,no: a different subject,Google search suggestion
how to code newton's method in python,Newton's Method,other subject,no: a different subject,Google search suggestion
how to do newton's method on calculator,Newton's Method,tool,no: wants a calculator or tool,Google search suggestion
newton raphson method example problems with solution pdf,Newton's Method,specific source,"no: wants a specific source, video or file",Google search suggestion
newton raphson method examples pdf,Newton's Method,specific source,"no: wants a specific source, video or file",Google search suggestion
newton raphson method problems and solutions pdf,Newton's Method,specific source,"no: wants a specific source, video or file",Google search suggestion
newton raphson method solved examples pdf,Newton's Method,specific source,"no: wants a specific source, video or file",Google search suggestion
newton's method calculator,Newton's Method,tool,no: wants a calculator or tool,Google search suggestion
newton's method code,Newton's Method,other subject,no: a different subject,Google search suggestion
newton's method formula calculator,Newton's Method,tool,no: wants a calculator or tool,Google search suggestion
newton's method formula python,Newton's Method,other subject,no: a different subject,Google search suggestion
newton's method vs gradient descent,Newton's Method,other subject,no: a different subject,Google search suggestion
calculus ab optimization practice problems,Optimization,practice,yes,Google search suggestion
combinatorial optimization problems examples,Optimization,examples,yes,Google search suggestion
constrained optimization problems examples,Optimization,examples,yes,Google search suggestion
discrete optimization problems examples,Optimization,examples,yes,Google search suggestion
how to approach optimization problems,Optimization,how to,yes,Google search suggestion
how to do applied optimization calculus,Optimization,how to,yes,Google search suggestion
how to do optimization calculus 1,Optimization,how to,yes,Google search suggestion
how to do optimization calculus ab,Optimization,how to,yes,Google search suggestion
how to do optimization calculus problems,Optimization,practice,yes,Google search suggestion
how to do optimization problems calculus,Optimization,how to,yes,Google search suggestion
how to find optimization calculus,Optimization,how to,yes,Google search suggestion
how to graph optimization problems,Optimization,how to,yes,Google search suggestion
how to optimization calculus,Optimization,how to,yes,Google search suggestion
how to optimization problems,Optimization,how to,yes,Google search suggestion
how to set up optimization problems,Optimization,how to,yes,Google search suggestion
how to solve optimization calculus,Optimization,how to,yes,Google search suggestion
how to solve optimization problems,Optimization,how to,yes,Google search suggestion
how to solve optimization problems calc 1,Optimization,how to,yes,Google search suggestion
how to solve optimization problems calculus,Optimization,how to,yes,Google search suggestion
how to understand optimization problems,Optimization,how to,yes,Google search suggestion
linear optimization problems examples,Optimization,examples,yes,Google search suggestion
optimisation problems with differentiation,Optimization,topic,yes,Google search suggestion
optimization ap calculus practice problems,Optimization,practice,yes,Google search suggestion
optimization calculus,Optimization,topic,yes,Google search suggestion
optimization calculus 1,Optimization,topic,yes,Google search suggestion
optimization calculus 1 practice problems,Optimization,practice,yes,Google search suggestion
optimization calculus ab,Optimization,topic,yes,Google search suggestion
optimization calculus bc,Optimization,topic,yes,Google search suggestion
optimization calculus bc practice problems,Optimization,practice,yes,Google search suggestion
optimization calculus box with open top,Optimization,topic,yes,Google search suggestion
optimization calculus common mistakes,Optimization,examples,yes,added: the page answers this
optimization calculus equations,Optimization,formula,yes,Google search suggestion
optimization calculus example problem,Optimization,practice,yes,Google search suggestion
optimization calculus example problems,Optimization,practice,yes,Google search suggestion
optimization calculus examples,Optimization,examples,yes,Google search suggestion
optimization calculus explained,Optimization,definition,yes,Google search suggestion
optimization calculus explained simply,Optimization,definition,yes,added: the page answers this
optimization calculus for beginners,Optimization,definition,yes,added: the page answers this
optimization calculus for dummies,Optimization,definition,yes,Google search suggestion
optimization calculus formulas,Optimization,formula,yes,Google search suggestion
optimization calculus in real life,Optimization,topic,yes,Google search suggestion
optimization calculus meaning,Optimization,definition,yes,Google search suggestion
optimization calculus practice problems,Optimization,practice,yes,Google search suggestion
optimization calculus practice problems with answers,Optimization,practice,yes,added: the page answers this
optimization calculus practice problems with hints,Optimization,practice,yes,added: the page answers this
optimization calculus problems,Optimization,practice,yes,Google search suggestion
optimization calculus problems with solutions,Optimization,practice,yes,Google search suggestion
optimization calculus quiz,Optimization,practice,yes,added: the page answers this
optimization calculus step by step,Optimization,examples,yes,added: the page answers this
optimization calculus steps,Optimization,examples,yes,Google search suggestion
optimization calculus summary,Optimization,topic,yes,Google search suggestion
optimization calculus worked example,Optimization,examples,yes,added: the page answers this
optimization examples calculus 1,Optimization,examples,yes,Google search suggestion
optimization for calculus,Optimization,topic,yes,Google search suggestion
optimization formula,Optimization,formula,yes,Google search suggestion
optimization in calculus 1,Optimization,topic,yes,Google search suggestion
optimization in calculus 3,Optimization,topic,yes,Google search suggestion
optimization in calculus examples,Optimization,examples,yes,Google search suggestion
optimization problem for svm,Optimization,practice,yes,Google search suggestion
optimization problem formulation,Optimization,practice,yes,Google search suggestion
optimization problem formulation examples,Optimization,practice,yes,Google search suggestion
optimization problem mathematical formulation,Optimization,practice,yes,Google search suggestion
optimization problem with constraints,Optimization,practice,yes,Google search suggestion
optimization problem with inequality constraints,Optimization,practice,yes,Google search suggestion
optimization problems,Optimization,topic,yes,Google search suggestion
optimization problems calc 1,Optimization,topic,yes,Google search suggestion
optimization problems calculus,Optimization,topic,yes,Google search suggestion
optimization problems calculus 1,Optimization,topic,yes,Google search suggestion
optimization problems calculus 2,Optimization,topic,yes,Google search suggestion
optimization problems calculus ab,Optimization,topic,yes,Google search suggestion
optimization problems calculus examples,Optimization,examples,yes,Google search suggestion
optimization problems calculus hard,Optimization,topic,yes,Google search suggestion
optimization problems common mistakes,Optimization,examples,yes,added: the page answers this
optimization problems definition,Optimization,definition,yes,Google search suggestion
optimization problems examples,Optimization,examples,yes,Google search suggestion
optimization problems examples in real life,Optimization,examples,yes,Google search suggestion
optimization problems examples with solutions,Optimization,practice,yes,Google search suggestion
optimization problems explained,Optimization,definition,yes,Google search suggestion
optimization problems explained simply,Optimization,definition,yes,added: the page answers this
optimization problems for beginners,Optimization,definition,yes,added: the page answers this
optimization problems for calculus,Optimization,topic,yes,Google search suggestion
optimization problems for calculus 1,Optimization,topic,yes,Google search suggestion
optimization problems formulas,Optimization,formula,yes,Google search suggestion
optimization problems meaning,Optimization,definition,yes,Google search suggestion
optimization problems practice,Optimization,practice,yes,Google search suggestion
optimization problems practice problems with answers,Optimization,practice,yes,added: the page answers this
optimization problems practice problems with hints,Optimization,practice,yes,added: the page answers this
optimization problems quiz,Optimization,practice,yes,added: the page answers this
optimization problems step by step,Optimization,examples,yes,added: the page answers this
optimization problems with cost,Optimization,topic,yes,Google search suggestion
optimization problems with derivatives,Optimization,topic,yes,Google search suggestion
optimization problems with perturbations a guided tour,Optimization,topic,yes,Google search suggestion
optimization problems with solutions,Optimization,practice,yes,Google search suggestion
optimization problems with trigonometric functions,Optimization,topic,yes,Google search suggestion
optimization problems worked example,Optimization,examples,yes,added: the page answers this
optimization with calculus,Optimization,topic,yes,Google search suggestion
optimization without calculus,Optimization,topic,yes,Google search suggestion
what is applied optimization calculus,Optimization,definition,yes,Google search suggestion
what is combinatorial optimization problems,Optimization,definition,yes,Google search suggestion
what is optimization calculus,Optimization,definition,yes,Google search suggestion
what is optimization in calculus 1,Optimization,definition,yes,Google search suggestion
what is optimization in calculus ab,Optimization,definition,yes,Google search suggestion
what is optimization in differential calculus,Optimization,definition,yes,Google search suggestion
what is optimization in multivariable calculus,Optimization,definition,yes,Google search suggestion
what is optimization issues,Optimization,definition,yes,Google search suggestion
what is optimization problem in algorithm,Optimization,practice,yes,Google search suggestion
what is optimization problem in calculus,Optimization,practice,yes,Google search suggestion
what is optimization problem in computer science,Optimization,practice,yes,Google search suggestion
what is optimization problem in daa,Optimization,practice,yes,Google search suggestion
what is optimization problems,Optimization,definition,yes,Google search suggestion
what is the purpose of optimization in calculus,Optimization,definition,yes,Google search suggestion
what unit is optimization in calculus,Optimization,topic,yes,Google search suggestion
calculus optimization practice problems with solutions pdf,Optimization,specific source,"no: wants a specific source, video or file",Google search suggestion
calculus optimization practice problems with solutions pdf grade 12,Optimization,specific source,"no: wants a specific source, video or file",Google search suggestion
calculus optimization problems with solutions pdf,Optimization,specific source,"no: wants a specific source, video or file",Google search suggestion
economics optimization problems examples,Optimization,other subject,no: a different subject,Google search suggestion
how to solve optimization problems in excel,Optimization,other subject,no: a different subject,Google search suggestion
latex optimization problem formulation,Optimization,other subject,no: a different subject,Google search suggestion
optimization calculus formulas pdf,Optimization,specific source,"no: wants a specific source, video or file",Google search suggestion
optimization calculus in arabic,Optimization,other language,no: wants it in another language,Google search suggestion
optimization calculus khan academy,Optimization,specific source,"no: wants a specific source, video or file",Google search suggestion
optimization calculus practice problems pdf,Optimization,specific source,"no: wants a specific source, video or file",Google search suggestion
optimization calculus problems pdf,Optimization,specific source,"no: wants a specific source, video or file",Google search suggestion
optimization calculus worksheet,Optimization,specific source,"no: wants a specific source, video or file",Google search suggestion
optimization calculus worksheet with answers,Optimization,specific source,"no: wants a specific source, video or file",Google search suggestion
optimization in calculus pdf,Optimization,specific source,"no: wants a specific source, video or file",Google search suggestion
optimization problems calculus khan academy,Optimization,specific source,"no: wants a specific source, video or file",Google search suggestion
optimization problems calculus with solutions pdf,Optimization,specific source,"no: wants a specific source, video or file",Google search suggestion
optimization problems calculus worksheet,Optimization,specific source,"no: wants a specific source, video or file",Google search suggestion
optimization problems examples with solutions pdf,Optimization,specific source,"no: wants a specific source, video or file",Google search suggestion
optimization problems for machine learning,Optimization,other subject,no: a different subject,Google search suggestion
optimization problems for machine learning a survey,Optimization,other subject,no: a different subject,Google search suggestion
optimization problems in ai,Optimization,tool,no: wants a calculator or tool,Google search suggestion
optimization problems with python,Optimization,other subject,no: a different subject,Google search suggestion
optimization problems with solutions pdf,Optimization,specific source,"no: wants a specific source, video or file",Google search suggestion
optimization problems worksheet with solutions pdf,Optimization,specific source,"no: wants a specific source, video or file",Google search suggestion
what is optimization problem in ai,Optimization,tool,no: wants a calculator or tool,Google search suggestion
what is optimization problem in economics,Optimization,other subject,no: a different subject,Google search suggestion
what is optimization problem in machine learning,Optimization,other subject,no: a different subject,Google search suggestion
all antiderivative formulas,Antiderivatives & Indefinite Integrals,formula,yes,Google search suggestion
antiderivative,Antiderivatives & Indefinite Integrals,topic,yes,Google search suggestion
antiderivative chain rule examples,Antiderivatives & Indefinite Integrals,examples,yes,Google search suggestion
antiderivative common mistakes,Antiderivatives & Indefinite Integrals,examples,yes,added: the page answers this
antiderivative example problems,Antiderivatives & Indefinite Integrals,practice,yes,Google search suggestion
antiderivative examples,Antiderivatives & Indefinite Integrals,examples,yes,Google search suggestion
antiderivative examples with answers,Antiderivatives & Indefinite Integrals,practice,yes,Google search suggestion
antiderivative examples with solutions,Antiderivatives & Indefinite Integrals,practice,yes,Google search suggestion
antiderivative explained,Antiderivatives & Indefinite Integrals,definition,yes,Google search suggestion
antiderivative explained simply,Antiderivatives & Indefinite Integrals,definition,yes,added: the page answers this
antiderivative for beginners,Antiderivatives & Indefinite Integrals,definition,yes,added: the page answers this
antiderivative for ln x,Antiderivatives & Indefinite Integrals,topic,yes,Google search suggestion
antiderivative for sin,Antiderivatives & Indefinite Integrals,topic,yes,Google search suggestion
antiderivative for tan,Antiderivatives & Indefinite Integrals,topic,yes,Google search suggestion
antiderivative for trig functions,Antiderivatives & Indefinite Integrals,topic,yes,Google search suggestion
antiderivative formula,Antiderivatives & Indefinite Integrals,formula,yes,Google search suggestion
antiderivative formula power rule,Antiderivatives & Indefinite Integrals,formula,yes,Google search suggestion
antiderivative formula sheet,Antiderivatives & Indefinite Integrals,formula,yes,Google search suggestion
antiderivative graph examples,Antiderivatives & Indefinite Integrals,examples,yes,Google search suggestion
antiderivative of 1/x,Antiderivatives & Indefinite Integrals,topic,yes,Google search suggestion
antiderivative of cos,Antiderivatives & Indefinite Integrals,topic,yes,Google search suggestion
antiderivative of fractions examples,Antiderivatives & Indefinite Integrals,examples,yes,Google search suggestion
antiderivative of sin,Antiderivatives & Indefinite Integrals,topic,yes,Google search suggestion
antiderivative of square root,Antiderivatives & Indefinite Integrals,topic,yes,Google search suggestion
antiderivative of tan,Antiderivatives & Indefinite Integrals,topic,yes,Google search suggestion
antiderivative of tanx,Antiderivatives & Indefinite Integrals,topic,yes,Google search suggestion
antiderivative power rule examples,Antiderivatives & Indefinite Integrals,examples,yes,Google search suggestion
antiderivative practice problems,Antiderivatives & Indefinite Integrals,practice,yes,Google search suggestion
antiderivative practice problems with answers,Antiderivatives & Indefinite Integrals,practice,yes,Google search suggestion
antiderivative practice problems with hints,Antiderivatives & Indefinite Integrals,practice,yes,added: the page answers this
antiderivative problems,Antiderivatives & Indefinite Integrals,practice,yes,Google search suggestion
antiderivative problems with solutions,Antiderivatives & Indefinite Integrals,practice,yes,Google search suggestion
antiderivative quiz,Antiderivatives & Indefinite Integrals,practice,yes,added: the page answers this
antiderivative step by step,Antiderivatives & Indefinite Integrals,examples,yes,added: the page answers this
antiderivative with a constant,Antiderivatives & Indefinite Integrals,topic,yes,Google search suggestion
antiderivative with absolute value,Antiderivatives & Indefinite Integrals,topic,yes,Google search suggestion
antiderivative with chain rule,Antiderivatives & Indefinite Integrals,formula,yes,Google search suggestion
antiderivative with e,Antiderivatives & Indefinite Integrals,topic,yes,Google search suggestion
antiderivative with ln,Antiderivatives & Indefinite Integrals,topic,yes,Google search suggestion
antiderivative with power rule,Antiderivatives & Indefinite Integrals,formula,yes,Google search suggestion
antiderivative word problems,Antiderivatives & Indefinite Integrals,practice,yes,Google search suggestion
antiderivative worked example,Antiderivatives & Indefinite Integrals,examples,yes,added: the page answers this
arcsin antiderivative formula,Antiderivatives & Indefinite Integrals,formula,yes,Google search suggestion
arctan antiderivative formula,Antiderivatives & Indefinite Integrals,formula,yes,Google search suggestion
chain rule for antiderivatives,Antiderivatives & Indefinite Integrals,formula,yes,Google search suggestion
definite integral examples,Antiderivatives & Indefinite Integrals,examples,yes,Google search suggestion
definite integral examples with solutions,Antiderivatives & Indefinite Integrals,practice,yes,Google search suggestion
definite integral explained,Antiderivatives & Indefinite Integrals,definition,yes,Google search suggestion
definite integral practice problems,Antiderivatives & Indefinite Integrals,practice,yes,Google search suggestion
definite integral practice problems with answers,Antiderivatives & Indefinite Integrals,practice,yes,Google search suggestion
definite integral practice problems with solutions,Antiderivatives & Indefinite Integrals,practice,yes,Google search suggestion
definite integral problems,Antiderivatives & Indefinite Integrals,practice,yes,Google search suggestion
definite integral problems and solutions,Antiderivatives & Indefinite Integrals,practice,yes,Google search suggestion
definite integral with absolute value,Antiderivatives & Indefinite Integrals,topic,yes,Google search suggestion
definite integral with infinity,Antiderivatives & Indefinite Integrals,topic,yes,Google search suggestion
definite integral with substitution,Antiderivatives & Indefinite Integrals,topic,yes,Google search suggestion
definite integral with u sub,Antiderivatives & Indefinite Integrals,topic,yes,Google search suggestion
derivative and antiderivative examples,Antiderivatives & Indefinite Integrals,examples,yes,Google search suggestion
easy antiderivative problems,Antiderivatives & Indefinite Integrals,practice,yes,Google search suggestion
general antiderivative formula,Antiderivatives & Indefinite Integrals,formula,yes,Google search suggestion
hard antiderivative problems,Antiderivatives & Indefinite Integrals,practice,yes,Google search suggestion
how to antiderivative,Antiderivatives & Indefinite Integrals,how to,yes,Google search suggestion
how to antiderivative a fraction,Antiderivatives & Indefinite Integrals,how to,yes,Google search suggestion
how to antiderivative absolute value,Antiderivatives & Indefinite Integrals,how to,yes,Google search suggestion
how to antiderivative chain rule,Antiderivatives & Indefinite Integrals,how to,yes,Google search suggestion
how to antiderivative e,Antiderivatives & Indefinite Integrals,how to,yes,Google search suggestion
how to antiderivative product rule,Antiderivatives & Indefinite Integrals,how to,yes,Google search suggestion
how to antiderivative trig functions,Antiderivatives & Indefinite Integrals,how to,yes,Google search suggestion
how to definite integral,Antiderivatives & Indefinite Integrals,how to,yes,Google search suggestion
how to do indefinite integrals on ti 84,Antiderivatives & Indefinite Integrals,how to,yes,Google search suggestion
how to evaluate indefinite integrals,Antiderivatives & Indefinite Integrals,how to,yes,Google search suggestion
how to find indefinite integral,Antiderivatives & Indefinite Integrals,how to,yes,Google search suggestion
how to indefinite integral,Antiderivatives & Indefinite Integrals,how to,yes,Google search suggestion
how to solve indefinite integrals,Antiderivatives & Indefinite Integrals,how to,yes,Google search suggestion
improper integral practice problems,Antiderivatives & Indefinite Integrals,practice,yes,Google search suggestion
improper integral problems,Antiderivatives & Indefinite Integrals,practice,yes,Google search suggestion
indefinite integral,Antiderivatives & Indefinite Integrals,topic,yes,Google search suggestion
indefinite integral common mistakes,Antiderivatives & Indefinite Integrals,examples,yes,added: the page answers this
indefinite integral definition,Antiderivatives & Indefinite Integrals,definition,yes,Google search suggestion
indefinite integral definition calculus,Antiderivatives & Indefinite Integrals,definition,yes,Google search suggestion
indefinite integral example problems,Antiderivatives & Indefinite Integrals,practice,yes,Google search suggestion
indefinite integral examples,Antiderivatives & Indefinite Integrals,examples,yes,Google search suggestion
indefinite integral examples and solutions,Antiderivatives & Indefinite Integrals,examples,yes,Google search suggestion
indefinite integral explained,Antiderivatives & Indefinite Integrals,definition,yes,Google search suggestion
indefinite integral explained simply,Antiderivatives & Indefinite Integrals,definition,yes,added: the page answers this
indefinite integral for beginners,Antiderivatives & Indefinite Integrals,definition,yes,added: the page answers this
indefinite integral formula,Antiderivatives & Indefinite Integrals,formula,yes,Google search suggestion
indefinite integral formula sheet,Antiderivatives & Indefinite Integrals,formula,yes,Google search suggestion
indefinite integral formulas and properties,Antiderivatives & Indefinite Integrals,formula,yes,Google search suggestion
indefinite integral meaning,Antiderivatives & Indefinite Integrals,definition,yes,Google search suggestion
indefinite integral of 1/x,Antiderivatives & Indefinite Integrals,topic,yes,Google search suggestion
indefinite integral of e^x,Antiderivatives & Indefinite Integrals,topic,yes,Google search suggestion
indefinite integral practice problems,Antiderivatives & Indefinite Integrals,practice,yes,Google search suggestion
indefinite integral practice problems with answers,Antiderivatives & Indefinite Integrals,practice,yes,Google search suggestion
indefinite integral practice problems with hints,Antiderivatives & Indefinite Integrals,practice,yes,added: the page answers this
indefinite integral problem set,Antiderivatives & Indefinite Integrals,practice,yes,Google search suggestion
indefinite integral problems,Antiderivatives & Indefinite Integrals,practice,yes,Google search suggestion
indefinite integral problems and solutions,Antiderivatives & Indefinite Integrals,practice,yes,Google search suggestion
indefinite integral quiz,Antiderivatives & Indefinite Integrals,practice,yes,added: the page answers this
indefinite integral rules,Antiderivatives & Indefinite Integrals,formula,yes,Google search suggestion
indefinite integral sample problems,Antiderivatives & Indefinite Integrals,practice,yes,Google search suggestion
indefinite integral sample problems with solutions,Antiderivatives & Indefinite Integrals,practice,yes,Google search suggestion
indefinite integral step by step,Antiderivatives & Indefinite Integrals,examples,yes,added: the page answers this
indefinite integral vs definite integral,Antiderivatives & Indefinite Integrals,topic,yes,Google search suggestion
indefinite integral with e,Antiderivatives & Indefinite Integrals,topic,yes,Google search suggestion
indefinite integral with example,Antiderivatives & Indefinite Integrals,examples,yes,Google search suggestion
indefinite integral with fraction,Antiderivatives & Indefinite Integrals,topic,yes,Google search suggestion
indefinite integral with substitution,Antiderivatives & Indefinite Integrals,topic,yes,Google search suggestion
indefinite integral with u substitution,Antiderivatives & Indefinite Integrals,topic,yes,Google search suggestion
indefinite integral worked example,Antiderivatives & Indefinite Integrals,examples,yes,added: the page answers this
indefinite integrals practice problems,Antiderivatives & Indefinite Integrals,practice,yes,Google search suggestion
indefinite integration formula list,Antiderivatives & Indefinite Integrals,formula,yes,Google search suggestion
infinite integral formula,Antiderivatives & Indefinite Integrals,formula,yes,Google search suggestion
power rule formula antiderivative,Antiderivatives & Indefinite Integrals,formula,yes,Google search suggestion
u substitution for indefinite integrals,Antiderivatives & Indefinite Integrals,topic,yes,Google search suggestion
what does antiderivative mean,Antiderivatives & Indefinite Integrals,definition,yes,Google search suggestion
what is antiderivative,Antiderivatives & Indefinite Integrals,definition,yes,Google search suggestion
what is antiderivative in calculus,Antiderivatives & Indefinite Integrals,definition,yes,Google search suggestion
what is antiderivative of 1/x,Antiderivatives & Indefinite Integrals,definition,yes,Google search suggestion
what is antiderivative of a function,Antiderivatives & Indefinite Integrals,definition,yes,Google search suggestion
what is antiderivative of cos,Antiderivatives & Indefinite Integrals,definition,yes,Google search suggestion
what is antiderivative of lnx,Antiderivatives & Indefinite Integrals,definition,yes,Google search suggestion
what is antiderivative of tanx,Antiderivatives & Indefinite Integrals,definition,yes,Google search suggestion
what is antiderivative vs integral,Antiderivatives & Indefinite Integrals,definition,yes,Google search suggestion
what is definite integral,Antiderivatives & Indefinite Integrals,definition,yes,Google search suggestion
what is definite integral in calculus,Antiderivatives & Indefinite Integrals,definition,yes,Google search suggestion
what is definite integral of 0,Antiderivatives & Indefinite Integrals,definition,yes,Google search suggestion
what is indefinite integral,Antiderivatives & Indefinite Integrals,definition,yes,Google search suggestion
what is indefinite integral and definite integral,Antiderivatives & Indefinite Integrals,definition,yes,Google search suggestion
what is indefinite integral in calculus,Antiderivatives & Indefinite Integrals,definition,yes,Google search suggestion
what is indefinite integral of 0,Antiderivatives & Indefinite Integrals,definition,yes,Google search suggestion
what is indefinite integral with example,Antiderivatives & Indefinite Integrals,examples,yes,Google search suggestion
what is infinite integral,Antiderivatives & Indefinite Integrals,definition,yes,Google search suggestion
when to use antiderivative,Antiderivatives & Indefinite Integrals,how to,yes,Google search suggestion
antiderivative calculator,Antiderivatives & Indefinite Integrals,tool,no: wants a calculator or tool,Google search suggestion
antiderivative examples with answers pdf,Antiderivatives & Indefinite Integrals,specific source,"no: wants a specific source, video or file",Google search suggestion
antiderivative formula class 11,Antiderivatives & Indefinite Integrals,specific source,"no: wants a specific source, video or file",Google search suggestion
antiderivative formula class 12,Antiderivatives & Indefinite Integrals,specific source,"no: wants a specific source, video or file",Google search suggestion
antiderivative practice problems pdf,Antiderivatives & Indefinite Integrals,specific source,"no: wants a specific source, video or file",Google search suggestion
antiderivative practice problems with answers pdf,Antiderivatives & Indefinite Integrals,specific source,"no: wants a specific source, video or file",Google search suggestion
antiderivative practice problems worksheet,Antiderivatives & Indefinite Integrals,specific source,"no: wants a specific source, video or file",Google search suggestion
antiderivative problems and solutions pdf,Antiderivatives & Indefinite Integrals,specific source,"no: wants a specific source, video or file",Google search suggestion
definite integral examples pdf,Antiderivatives & Indefinite Integrals,specific source,"no: wants a specific source, video or file",Google search suggestion
definite integral examples with solutions class 12,Antiderivatives & Indefinite Integrals,specific source,"no: wants a specific source, video or file",Google search suggestion
definite integral examples with solutions pdf,Antiderivatives & Indefinite Integrals,specific source,"no: wants a specific source, video or file",Google search suggestion
definite integral examples with solutions pdf free download,Antiderivatives & Indefinite Integrals,specific source,"no: wants a specific source, video or file",Google search suggestion
definite integral practice problems pdf,Antiderivatives & Indefinite Integrals,specific source,"no: wants a specific source, video or file",Google search suggestion
definite integral problems and solutions pdf,Antiderivatives & Indefinite Integrals,specific source,"no: wants a specific source, video or file",Google search suggestion
how to antiderivative on desmos,Antiderivatives & Indefinite Integrals,tool,no: wants a calculator or tool,Google search suggestion
how to definite integral in matlab,Antiderivatives & Indefinite Integrals,other subject,no: a different subject,Google search suggestion
how to do indefinite integrals on desmos,Antiderivatives & Indefinite Integrals,tool,no: wants a calculator or tool,Google search suggestion
how to indefinite integral desmos,Antiderivatives & Indefinite Integrals,tool,no: wants a calculator or tool,Google search suggestion
how to solve indefinite integrals on calculator,Antiderivatives & Indefinite Integrals,tool,no: wants a calculator or tool,Google search suggestion
improper integral problems and solutions pdf,Antiderivatives & Indefinite Integrals,specific source,"no: wants a specific source, video or file",Google search suggestion
indefinite integral calculator,Antiderivatives & Indefinite Integrals,tool,no: wants a calculator or tool,Google search suggestion
indefinite integral desmos,Antiderivatives & Indefinite Integrals,tool,no: wants a calculator or tool,Google search suggestion
indefinite integral examples and solutions pdf,Antiderivatives & Indefinite Integrals,specific source,"no: wants a specific source, video or file",Google search suggestion
indefinite integral formula pdf,Antiderivatives & Indefinite Integrals,specific source,"no: wants a specific source, video or file",Google search suggestion
indefinite integral formulas class 12,Antiderivatives & Indefinite Integrals,specific source,"no: wants a specific source, video or file",Google search suggestion
indefinite integral meaning in bengali,Antiderivatives & Indefinite Integrals,other language,no: wants it in another language,Google search suggestion
indefinite integral meaning in hindi,Antiderivatives & Indefinite Integrals,other language,no: wants it in another language,Google search suggestion
indefinite integral practice problems pdf,Antiderivatives & Indefinite Integrals,specific source,"no: wants a specific source, video or file",Google search suggestion
indefinite integral problems and solutions pdf,Antiderivatives & Indefinite Integrals,specific source,"no: wants a specific source, video or file",Google search suggestion
indefinite integral problems pdf,Antiderivatives & Indefinite Integrals,specific source,"no: wants a specific source, video or file",Google search suggestion
indefinite integration formula sheet class 12,Antiderivatives & Indefinite Integrals,specific source,"no: wants a specific source, video or file",Google search suggestion
indefinite integration formula sheet jee,Antiderivatives & Indefinite Integrals,specific source,"no: wants a specific source, video or file",Google search suggestion
indefinite integration formulas class 12 jee,Antiderivatives & Indefinite Integrals,specific source,"no: wants a specific source, video or file",Google search suggestion
indefinite integration formulas jee,Antiderivatives & Indefinite Integrals,specific source,"no: wants a specific source, video or file",Google search suggestion
indefinite integration formulas jee pdf,Antiderivatives & Indefinite Integrals,specific source,"no: wants a specific source, video or file",Google search suggestion
indefinite integration formulas pdf,Antiderivatives & Indefinite Integrals,specific source,"no: wants a specific source, video or file",Google search suggestion
indefinite integration formulas pdf class 12,Antiderivatives & Indefinite Integrals,specific source,"no: wants a specific source, video or file",Google search suggestion
approximating area under a curve with rectangles,Areas Under Curves & Riemann Sums,topic,yes,Google search suggestion
area under a curve,Areas Under Curves & Riemann Sums,topic,yes,Google search suggestion
area under a curve and definite integration,Areas Under Curves & Riemann Sums,topic,yes,Google search suggestion
area under a curve and line,Areas Under Curves & Riemann Sums,topic,yes,Google search suggestion
area under a curve by integration,Areas Under Curves & Riemann Sums,topic,yes,Google search suggestion
area under a curve calculation,Areas Under Curves & Riemann Sums,topic,yes,Google search suggestion
area under a curve calculus,Areas Under Curves & Riemann Sums,topic,yes,Google search suggestion
area under a curve common mistakes,Areas Under Curves & Riemann Sums,examples,yes,added: the page answers this
area under a curve exam questions,Areas Under Curves & Riemann Sums,practice,yes,Google search suggestion
area under a curve examples,Areas Under Curves & Riemann Sums,examples,yes,Google search suggestion
area under a curve explained,Areas Under Curves & Riemann Sums,definition,yes,Google search suggestion
area under a curve explained simply,Areas Under Curves & Riemann Sums,definition,yes,added: the page answers this
area under a curve for beginners,Areas Under Curves & Riemann Sums,definition,yes,added: the page answers this
area under a curve formula,Areas Under Curves & Riemann Sums,formula,yes,Google search suggestion
area under a curve formula calculus,Areas Under Curves & Riemann Sums,formula,yes,Google search suggestion
area under a curve formula integral,Areas Under Curves & Riemann Sums,formula,yes,Google search suggestion
area under a curve in calculus,Areas Under Curves & Riemann Sums,topic,yes,Google search suggestion
area under a curve in polar coordinates,Areas Under Curves & Riemann Sums,topic,yes,Google search suggestion
area under a curve integral,Areas Under Curves & Riemann Sums,topic,yes,Google search suggestion
area under a curve integration questions,Areas Under Curves & Riemann Sums,practice,yes,Google search suggestion
area under a curve meaning,Areas Under Curves & Riemann Sums,definition,yes,Google search suggestion
area under a curve practice problems,Areas Under Curves & Riemann Sums,practice,yes,Google search suggestion
area under a curve practice problems with answers,Areas Under Curves & Riemann Sums,practice,yes,added: the page answers this
area under a curve practice problems with hints,Areas Under Curves & Riemann Sums,practice,yes,added: the page answers this
area under a curve problems,Areas Under Curves & Riemann Sums,practice,yes,Google search suggestion
area under a curve questions,Areas Under Curves & Riemann Sums,practice,yes,Google search suggestion
area under a curve quiz,Areas Under Curves & Riemann Sums,practice,yes,added: the page answers this
area under a curve step by step,Areas Under Curves & Riemann Sums,examples,yes,added: the page answers this
area under a curve trapezoid formula,Areas Under Curves & Riemann Sums,formula,yes,Google search suggestion
area under a curve with integration,Areas Under Curves & Riemann Sums,topic,yes,Google search suggestion
area under a curve with rectangles,Areas Under Curves & Riemann Sums,topic,yes,Google search suggestion
area under a curve worked example,Areas Under Curves & Riemann Sums,examples,yes,added: the page answers this
area under a gaussian curve formula,Areas Under Curves & Riemann Sums,formula,yes,Google search suggestion
area under a graph formula,Areas Under Curves & Riemann Sums,formula,yes,Google search suggestion
area under a parametric curve formula,Areas Under Curves & Riemann Sums,formula,yes,Google search suggestion
area under a polar curve formula,Areas Under Curves & Riemann Sums,formula,yes,Google search suggestion
area under curve analysis,Areas Under Curves & Riemann Sums,topic,yes,Google search suggestion
area under roc curve explained,Areas Under Curves & Riemann Sums,definition,yes,Google search suggestion
area under the curve example problems,Areas Under Curves & Riemann Sums,practice,yes,Google search suggestion
area under the curve examples with solutions,Areas Under Curves & Riemann Sums,practice,yes,Google search suggestion
area under the curve practice questions,Areas Under Curves & Riemann Sums,practice,yes,Google search suggestion
area under the curve problems and solutions,Areas Under Curves & Riemann Sums,practice,yes,Google search suggestion
area under the curve sample problems,Areas Under Curves & Riemann Sums,practice,yes,Google search suggestion
areas under the normal curve examples,Areas Under Curves & Riemann Sums,examples,yes,Google search suggestion
exact area under a curve formula,Areas Under Curves & Riemann Sums,formula,yes,Google search suggestion
finding area under a curve practice problems,Areas Under Curves & Riemann Sums,practice,yes,Google search suggestion
how does riemann sum work,Areas Under Curves & Riemann Sums,how to,yes,Google search suggestion
how to approximate area under a curve,Areas Under Curves & Riemann Sums,how to,yes,Google search suggestion
how to calculate riemann sum,Areas Under Curves & Riemann Sums,how to,yes,Google search suggestion
how to convert riemann sum into integral,Areas Under Curves & Riemann Sums,how to,yes,Google search suggestion
how to do riemann sums on ti 84,Areas Under Curves & Riemann Sums,how to,yes,Google search suggestion
how to do riemann sums with a table,Areas Under Curves & Riemann Sums,how to,yes,Google search suggestion
how to estimate area under a curve,Areas Under Curves & Riemann Sums,how to,yes,Google search suggestion
how to estimate area under a curve using rectangles,Areas Under Curves & Riemann Sums,how to,yes,Google search suggestion
how to evaluate riemann sums,Areas Under Curves & Riemann Sums,how to,yes,Google search suggestion
how to find area under a curve,Areas Under Curves & Riemann Sums,how to,yes,Google search suggestion
how to find area under a curve on ti 84 plus,Areas Under Curves & Riemann Sums,how to,yes,Google search suggestion
how to find area under a curve using integration,Areas Under Curves & Riemann Sums,how to,yes,Google search suggestion
how to find area under a curve using trapezoidal rule,Areas Under Curves & Riemann Sums,how to,yes,Google search suggestion
how to riemann sum,Areas Under Curves & Riemann Sums,how to,yes,Google search suggestion
how to solve riemann sums,Areas Under Curves & Riemann Sums,how to,yes,Google search suggestion
how to use riemann sum,Areas Under Curves & Riemann Sums,how to,yes,Google search suggestion
how to use riemann sum formula,Areas Under Curves & Riemann Sums,how to,yes,Google search suggestion
how to write riemann sums,Areas Under Curves & Riemann Sums,how to,yes,Google search suggestion
infinite riemann sum practice problems,Areas Under Curves & Riemann Sums,practice,yes,Google search suggestion
left riemann sum practice problems,Areas Under Curves & Riemann Sums,practice,yes,Google search suggestion
midpoint riemann sum practice problems,Areas Under Curves & Riemann Sums,practice,yes,Google search suggestion
riemann sum,Areas Under Curves & Riemann Sums,topic,yes,Google search suggestion
riemann sum analysis,Areas Under Curves & Riemann Sums,topic,yes,Google search suggestion
riemann sum common mistakes,Areas Under Curves & Riemann Sums,examples,yes,added: the page answers this
riemann sum definition,Areas Under Curves & Riemann Sums,definition,yes,Google search suggestion
riemann sum definition calculus,Areas Under Curves & Riemann Sums,definition,yes,Google search suggestion
riemann sum definition of integral,Areas Under Curves & Riemann Sums,definition,yes,Google search suggestion
riemann sum equation,Areas Under Curves & Riemann Sums,formula,yes,Google search suggestion
riemann sum example,Areas Under Curves & Riemann Sums,examples,yes,Google search suggestion
riemann sum example problem,Areas Under Curves & Riemann Sums,practice,yes,Google search suggestion
riemann sum example problems,Areas Under Curves & Riemann Sums,practice,yes,Google search suggestion
riemann sum example questions,Areas Under Curves & Riemann Sums,practice,yes,Google search suggestion
riemann sum examples,Areas Under Curves & Riemann Sums,examples,yes,Google search suggestion
riemann sum examples and solutions,Areas Under Curves & Riemann Sums,examples,yes,Google search suggestion
riemann sum explained,Areas Under Curves & Riemann Sums,definition,yes,Google search suggestion
riemann sum explained simply,Areas Under Curves & Riemann Sums,definition,yes,added: the page answers this
riemann sum for beginners,Areas Under Curves & Riemann Sums,definition,yes,added: the page answers this
riemann sum for definite integral,Areas Under Curves & Riemann Sums,topic,yes,Google search suggestion
riemann sum for integral,Areas Under Curves & Riemann Sums,topic,yes,Google search suggestion
riemann sum form,Areas Under Curves & Riemann Sums,topic,yes,Google search suggestion
riemann sum formula,Areas Under Curves & Riemann Sums,formula,yes,Google search suggestion
riemann sum formula example,Areas Under Curves & Riemann Sums,examples,yes,Google search suggestion
riemann sum formula explained,Areas Under Curves & Riemann Sums,definition,yes,Google search suggestion
riemann sum formula integral,Areas Under Curves & Riemann Sums,formula,yes,Google search suggestion
riemann sum formula left,Areas Under Curves & Riemann Sums,formula,yes,Google search suggestion
riemann sum formula left and right,Areas Under Curves & Riemann Sums,formula,yes,Google search suggestion
riemann sum formula midpoint,Areas Under Curves & Riemann Sums,formula,yes,Google search suggestion
riemann sum formula right,Areas Under Curves & Riemann Sums,formula,yes,Google search suggestion
riemann sum formula right endpoints,Areas Under Curves & Riemann Sums,formula,yes,Google search suggestion
riemann sum formula trapezoid,Areas Under Curves & Riemann Sums,formula,yes,Google search suggestion
riemann sum function,Areas Under Curves & Riemann Sums,topic,yes,Google search suggestion
riemann sum meaning,Areas Under Curves & Riemann Sums,definition,yes,Google search suggestion
riemann sum midpoint formula,Areas Under Curves & Riemann Sums,formula,yes,Google search suggestion
riemann sum notation explained,Areas Under Curves & Riemann Sums,definition,yes,Google search suggestion
riemann sum practice problems,Areas Under Curves & Riemann Sums,practice,yes,Google search suggestion
riemann sum practice problems with answers,Areas Under Curves & Riemann Sums,practice,yes,added: the page answers this
riemann sum practice problems with hints,Areas Under Curves & Riemann Sums,practice,yes,added: the page answers this
riemann sum practice problems with solutions,Areas Under Curves & Riemann Sums,practice,yes,Google search suggestion
riemann sum practice questions,Areas Under Curves & Riemann Sums,practice,yes,Google search suggestion
riemann sum problem example,Areas Under Curves & Riemann Sums,practice,yes,Google search suggestion
riemann sum problems,Areas Under Curves & Riemann Sums,practice,yes,Google search suggestion
riemann sum problems and solutions,Areas Under Curves & Riemann Sums,practice,yes,Google search suggestion
riemann sum questions,Areas Under Curves & Riemann Sums,practice,yes,Google search suggestion
riemann sum questions and answers,Areas Under Curves & Riemann Sums,practice,yes,Google search suggestion
riemann sum quiz,Areas Under Curves & Riemann Sums,practice,yes,added: the page answers this
riemann sum sample points,Areas Under Curves & Riemann Sums,topic,yes,Google search suggestion
riemann sum step by step,Areas Under Curves & Riemann Sums,examples,yes,added: the page answers this
riemann sum summary,Areas Under Curves & Riemann Sums,topic,yes,Google search suggestion
riemann sum to integral,Areas Under Curves & Riemann Sums,topic,yes,Google search suggestion
riemann sum with integrals,Areas Under Curves & Riemann Sums,topic,yes,Google search suggestion
riemann sum with left endpoints,Areas Under Curves & Riemann Sums,topic,yes,Google search suggestion
riemann sum with limits,Areas Under Curves & Riemann Sums,topic,yes,Google search suggestion
riemann sum with midpoints,Areas Under Curves & Riemann Sums,topic,yes,Google search suggestion
riemann sum with n subintervals,Areas Under Curves & Riemann Sums,topic,yes,Google search suggestion
riemann sum with right endpoints,Areas Under Curves & Riemann Sums,topic,yes,Google search suggestion
riemann sum with sigma notation,Areas Under Curves & Riemann Sums,formula,yes,Google search suggestion
riemann sum with table,Areas Under Curves & Riemann Sums,formula,yes,Google search suggestion
riemann sum with trapezoids,Areas Under Curves & Riemann Sums,topic,yes,Google search suggestion
riemann sum with unequal intervals,Areas Under Curves & Riemann Sums,topic,yes,Google search suggestion
riemann sum worked example,Areas Under Curves & Riemann Sums,examples,yes,added: the page answers this
riemann sums explained simply,Areas Under Curves & Riemann Sums,definition,yes,Google search suggestion
right riemann sum practice problems,Areas Under Curves & Riemann Sums,practice,yes,Google search suggestion
trapezoidal riemann sum practice problems,Areas Under Curves & Riemann Sums,practice,yes,Google search suggestion
what is area under a curve,Areas Under Curves & Riemann Sums,definition,yes,Google search suggestion
what is area under a curve called,Areas Under Curves & Riemann Sums,definition,yes,Google search suggestion
what is area under a graph,Areas Under Curves & Riemann Sums,definition,yes,Google search suggestion
what is area under curve auc,Areas Under Curves & Riemann Sums,definition,yes,Google search suggestion
what is area under curve formula,Areas Under Curves & Riemann Sums,definition,yes,Google search suggestion
what is area under curve mean,Areas Under Curves & Riemann Sums,definition,yes,Google search suggestion
what is left riemann sum,Areas Under Curves & Riemann Sums,definition,yes,Google search suggestion
what is midpoint riemann sum,Areas Under Curves & Riemann Sums,definition,yes,Google search suggestion
what is riemann sum,Areas Under Curves & Riemann Sums,definition,yes,Google search suggestion
what is riemann sum approximation,Areas Under Curves & Riemann Sums,definition,yes,Google search suggestion
what is riemann sum definition,Areas Under Curves & Riemann Sums,definition,yes,Google search suggestion
what is riemann sum formula,Areas Under Curves & Riemann Sums,definition,yes,Google search suggestion
what is riemann sum in calculus,Areas Under Curves & Riemann Sums,definition,yes,Google search suggestion
what is riemann sum notation,Areas Under Curves & Riemann Sums,definition,yes,Google search suggestion
what is riemann sum used for,Areas Under Curves & Riemann Sums,definition,yes,Google search suggestion
what is riemann summation,Areas Under Curves & Riemann Sums,definition,yes,Google search suggestion
what is the area under a curve called,Areas Under Curves & Riemann Sums,definition,yes,Google search suggestion
what is the area under a curve used for,Areas Under Curves & Riemann Sums,definition,yes,Google search suggestion
when to use riemann sum,Areas Under Curves & Riemann Sums,how to,yes,Google search suggestion
area under a curve calculator,Areas Under Curves & Riemann Sums,tool,no: wants a calculator or tool,Google search suggestion
area under a curve desmos,Areas Under Curves & Riemann Sums,tool,no: wants a calculator or tool,Google search suggestion
area under a curve gcse,Areas Under Curves & Riemann Sums,specific source,"no: wants a specific source, video or file",Google search suggestion
area under a curve gcse questions,Areas Under Curves & Riemann Sums,specific source,"no: wants a specific source, video or file",Google search suggestion
area under a curve in desmos,Areas Under Curves & Riemann Sums,tool,no: wants a calculator or tool,Google search suggestion
area under a curve in excel,Areas Under Curves & Riemann Sums,other subject,no: a different subject,Google search suggestion
area under a curve in matlab,Areas Under Curves & Riemann Sums,other subject,no: a different subject,Google search suggestion
area under a curve in python,Areas Under Curves & Riemann Sums,other subject,no: a different subject,Google search suggestion
area under curve definition pharmacy,Areas Under Curves & Riemann Sums,other subject,no: a different subject,Google search suggestion
area under curve meaning in hindi,Areas Under Curves & Riemann Sums,other language,no: wants it in another language,Google search suggestion
area under curve meaning statistics,Areas Under Curves & Riemann Sums,other subject,no: a different subject,Google search suggestion
area under curve problems and solutions pdf,Areas Under Curves & Riemann Sums,specific source,"no: wants a specific source, video or file",Google search suggestion
area under curve questions jee,Areas Under Curves & Riemann Sums,specific source,"no: wants a specific source, video or file",Google search suggestion
area under the curve practice problems pdf,Areas Under Curves & Riemann Sums,specific source,"no: wants a specific source, video or file",Google search suggestion
area under the curve practice problems pdf with solutions,Areas Under Curves & Riemann Sums,specific source,"no: wants a specific source, video or file",Google search suggestion
how to calculate area under a curve in excel,Areas Under Curves & Riemann Sums,other subject,no: a different subject,Google search suggestion
how to find area under a curve in desmos,Areas Under Curves & Riemann Sums,tool,no: wants a calculator or tool,Google search suggestion
how to find area under a curve in excel,Areas Under Curves & Riemann Sums,other subject,no: a different subject,Google search suggestion
riemann sum calculator,Areas Under Curves & Riemann Sums,tool,no: wants a calculator or tool,Google search suggestion
riemann sum examples and solutions pdf,Areas Under Curves & Riemann Sums,specific source,"no: wants a specific source, video or file",Google search suggestion
riemann sum practice problems pdf,Areas Under Curves & Riemann Sums,specific source,"no: wants a specific source, video or file",Google search suggestion
riemann sum problems and solutions pdf,Areas Under Curves & Riemann Sums,specific source,"no: wants a specific source, video or file",Google search suggestion
riemann sum problems pdf,Areas Under Curves & Riemann Sums,specific source,"no: wants a specific source, video or file",Google search suggestion
what is area under curve in machine learning,Areas Under Curves & Riemann Sums,other subject,no: a different subject,Google search suggestion
what is area under curve in pharmacokinetics,Areas Under Curves & Riemann Sums,other subject,no: a different subject,Google search suggestion
what is area under curve in pharmacology,Areas Under Curves & Riemann Sums,other subject,no: a different subject,Google search suggestion
first fundamental theorem of calculus explained,Fundamental Theorem of Calculus,definition,yes,Google search suggestion
first fundamental theorem of calculus formula,Fundamental Theorem of Calculus,formula,yes,Google search suggestion
first fundamental theorem of calculus practice problems,Fundamental Theorem of Calculus,practice,yes,Google search suggestion
fundamental theorem of calculus,Fundamental Theorem of Calculus,topic,yes,Google search suggestion
fundamental theorem of calculus 2,Fundamental Theorem of Calculus,topic,yes,Google search suggestion
fundamental theorem of calculus 2 formula,Fundamental Theorem of Calculus,formula,yes,Google search suggestion
fundamental theorem of calculus analysis,Fundamental Theorem of Calculus,topic,yes,Google search suggestion
fundamental theorem of calculus chain rule,Fundamental Theorem of Calculus,formula,yes,Google search suggestion
fundamental theorem of calculus chain rule formula,Fundamental Theorem of Calculus,formula,yes,Google search suggestion
fundamental theorem of calculus common mistakes,Fundamental Theorem of Calculus,examples,yes,added: the page answers this
fundamental theorem of calculus equation,Fundamental Theorem of Calculus,formula,yes,Google search suggestion
fundamental theorem of calculus example problem,Fundamental Theorem of Calculus,practice,yes,Google search suggestion
fundamental theorem of calculus example problems,Fundamental Theorem of Calculus,practice,yes,Google search suggestion
fundamental theorem of calculus example questions,Fundamental Theorem of Calculus,practice,yes,Google search suggestion
fundamental theorem of calculus examples,Fundamental Theorem of Calculus,examples,yes,Google search suggestion
fundamental theorem of calculus explained,Fundamental Theorem of Calculus,definition,yes,Google search suggestion
fundamental theorem of calculus explained simply,Fundamental Theorem of Calculus,definition,yes,Google search suggestion
fundamental theorem of calculus for absolutely continuous functions,Fundamental Theorem of Calculus,topic,yes,Google search suggestion
fundamental theorem of calculus for beginners,Fundamental Theorem of Calculus,definition,yes,added: the page answers this
fundamental theorem of calculus for complex functions,Fundamental Theorem of Calculus,topic,yes,Google search suggestion
fundamental theorem of calculus for definite integrals,Fundamental Theorem of Calculus,topic,yes,Google search suggestion
fundamental theorem of calculus for integrals,Fundamental Theorem of Calculus,topic,yes,Google search suggestion
fundamental theorem of calculus for lebesgue integrals,Fundamental Theorem of Calculus,topic,yes,Google search suggestion
fundamental theorem of calculus for line integrals,Fundamental Theorem of Calculus,topic,yes,Google search suggestion
fundamental theorem of calculus for multivariable functions,Fundamental Theorem of Calculus,topic,yes,Google search suggestion
fundamental theorem of calculus for partial derivatives,Fundamental Theorem of Calculus,topic,yes,Google search suggestion
fundamental theorem of calculus for vector valued functions,Fundamental Theorem of Calculus,topic,yes,Google search suggestion
fundamental theorem of calculus formula,Fundamental Theorem of Calculus,formula,yes,Google search suggestion
fundamental theorem of calculus formula part 1,Fundamental Theorem of Calculus,formula,yes,Google search suggestion
fundamental theorem of calculus general formula,Fundamental Theorem of Calculus,formula,yes,Google search suggestion
fundamental theorem of calculus meaning,Fundamental Theorem of Calculus,definition,yes,Google search suggestion
fundamental theorem of calculus part 1,Fundamental Theorem of Calculus,topic,yes,Google search suggestion
fundamental theorem of calculus part 1 and 2,Fundamental Theorem of Calculus,topic,yes,Google search suggestion
fundamental theorem of calculus part 1 and 2 practice problems,Fundamental Theorem of Calculus,practice,yes,Google search suggestion
fundamental theorem of calculus part 1 explained,Fundamental Theorem of Calculus,definition,yes,Google search suggestion
fundamental theorem of calculus part 1 practice problems,Fundamental Theorem of Calculus,practice,yes,Google search suggestion
fundamental theorem of calculus part 2,Fundamental Theorem of Calculus,topic,yes,Google search suggestion
fundamental theorem of calculus part 2 explained,Fundamental Theorem of Calculus,definition,yes,Google search suggestion
fundamental theorem of calculus part 2 practice problems,Fundamental Theorem of Calculus,practice,yes,Google search suggestion
fundamental theorem of calculus practice problems,Fundamental Theorem of Calculus,practice,yes,Google search suggestion
fundamental theorem of calculus practice problems and solutions,Fundamental Theorem of Calculus,practice,yes,Google search suggestion
fundamental theorem of calculus practice problems with answers,Fundamental Theorem of Calculus,practice,yes,added: the page answers this
fundamental theorem of calculus practice problems with hints,Fundamental Theorem of Calculus,practice,yes,added: the page answers this
fundamental theorem of calculus problems,Fundamental Theorem of Calculus,practice,yes,Google search suggestion
fundamental theorem of calculus proof,Fundamental Theorem of Calculus,proof,yes,Google search suggestion
fundamental theorem of calculus questions,Fundamental Theorem of Calculus,practice,yes,Google search suggestion
fundamental theorem of calculus questions and answers,Fundamental Theorem of Calculus,practice,yes,Google search suggestion
fundamental theorem of calculus quiz,Fundamental Theorem of Calculus,practice,yes,added: the page answers this
fundamental theorem of calculus simplified,Fundamental Theorem of Calculus,topic,yes,Google search suggestion
fundamental theorem of calculus step by step,Fundamental Theorem of Calculus,examples,yes,added: the page answers this
fundamental theorem of calculus summary,Fundamental Theorem of Calculus,topic,yes,Google search suggestion
fundamental theorem of calculus with a variable upper limit,Fundamental Theorem of Calculus,topic,yes,Google search suggestion
fundamental theorem of calculus with bounds,Fundamental Theorem of Calculus,topic,yes,Google search suggestion
fundamental theorem of calculus with chain rule,Fundamental Theorem of Calculus,formula,yes,Google search suggestion
fundamental theorem of calculus with definite integral,Fundamental Theorem of Calculus,topic,yes,Google search suggestion
fundamental theorem of calculus with functions as bounds,Fundamental Theorem of Calculus,topic,yes,Google search suggestion
fundamental theorem of calculus with graphs,Fundamental Theorem of Calculus,topic,yes,Google search suggestion
fundamental theorem of calculus with limits,Fundamental Theorem of Calculus,topic,yes,Google search suggestion
fundamental theorem of calculus with variable bounds,Fundamental Theorem of Calculus,topic,yes,Google search suggestion
fundamental theorem of calculus with variable limits,Fundamental Theorem of Calculus,topic,yes,Google search suggestion
fundamental theorem of calculus without proof,Fundamental Theorem of Calculus,proof,yes,Google search suggestion
fundamental theorem of calculus worked example,Fundamental Theorem of Calculus,examples,yes,added: the page answers this
how does the fundamental theorem of calculus work,Fundamental Theorem of Calculus,how to,yes,Google search suggestion
how to do fundamental theorem of calculus,Fundamental Theorem of Calculus,how to,yes,Google search suggestion
how to do fundamental theorem of calculus part 1,Fundamental Theorem of Calculus,how to,yes,Google search suggestion
how to do second fundamental theorem of calculus,Fundamental Theorem of Calculus,how to,yes,Google search suggestion
how to explain the fundamental theorem of calculus,Fundamental Theorem of Calculus,how to,yes,Google search suggestion
how to know when to use fundamental theorem of calculus,Fundamental Theorem of Calculus,how to,yes,Google search suggestion
how to prove fundamental theorem of calculus,Fundamental Theorem of Calculus,proof,yes,Google search suggestion
how to understand the fundamental theorem of calculus,Fundamental Theorem of Calculus,how to,yes,Google search suggestion
how to use fundamental theorem of calculus,Fundamental Theorem of Calculus,how to,yes,Google search suggestion
how to use fundamental theorem of calculus part 1,Fundamental Theorem of Calculus,how to,yes,Google search suggestion
how to use fundamental theorem of calculus part 2,Fundamental Theorem of Calculus,how to,yes,Google search suggestion
how to use second fundamental theorem of calculus,Fundamental Theorem of Calculus,how to,yes,Google search suggestion
second formulation of the fundamental theorem of calculus,Fundamental Theorem of Calculus,formula,yes,Google search suggestion
second fundamental theorem of calculus examples,Fundamental Theorem of Calculus,examples,yes,Google search suggestion
second fundamental theorem of calculus explained,Fundamental Theorem of Calculus,definition,yes,Google search suggestion
second fundamental theorem of calculus formula,Fundamental Theorem of Calculus,formula,yes,Google search suggestion
second fundamental theorem of calculus practice problems,Fundamental Theorem of Calculus,practice,yes,Google search suggestion
what is first fundamental theorem of calculus,Fundamental Theorem of Calculus,definition,yes,Google search suggestion
what is fundamental theorem of calculus,Fundamental Theorem of Calculus,definition,yes,Google search suggestion
what is fundamental theorem of calculus 1,Fundamental Theorem of Calculus,definition,yes,Google search suggestion
what is fundamental theorem of calculus 2,Fundamental Theorem of Calculus,definition,yes,Google search suggestion
what is fundamental theorem of calculus part 1,Fundamental Theorem of Calculus,definition,yes,Google search suggestion
what is fundamental theorem of calculus part 2,Fundamental Theorem of Calculus,definition,yes,Google search suggestion
what is fundamental theorem of calculus used for,Fundamental Theorem of Calculus,definition,yes,Google search suggestion
what is fundamental theorem of integral calculus,Fundamental Theorem of Calculus,definition,yes,Google search suggestion
what is second fundamental theorem of calculus,Fundamental Theorem of Calculus,definition,yes,Google search suggestion
what is the fundamental theorem of calculus,Fundamental Theorem of Calculus,definition,yes,Google search suggestion
what is the fundamental theorem of calculus part 1 and 2,Fundamental Theorem of Calculus,definition,yes,Google search suggestion
when do i use fundamental theorem of calculus,Fundamental Theorem of Calculus,how to,yes,Google search suggestion
when to use first fundamental theorem of calculus,Fundamental Theorem of Calculus,how to,yes,Google search suggestion
when to use fundamental theorem of calculus,Fundamental Theorem of Calculus,how to,yes,Google search suggestion
when to use fundamental theorem of calculus part 1,Fundamental Theorem of Calculus,how to,yes,Google search suggestion
when to use second fundamental theorem of calculus,Fundamental Theorem of Calculus,how to,yes,Google search suggestion
fundamental theorem of calculus calculator,Fundamental Theorem of Calculus,tool,no: wants a calculator or tool,Google search suggestion
fundamental theorem of calculus calculator with steps,Fundamental Theorem of Calculus,tool,no: wants a calculator or tool,Google search suggestion
fundamental theorem of calculus examples pdf,Fundamental Theorem of Calculus,specific source,"no: wants a specific source, video or file",Google search suggestion
fundamental theorem of calculus part 1 practice problems pdf,Fundamental Theorem of Calculus,specific source,"no: wants a specific source, video or file",Google search suggestion
fundamental theorem of calculus practice problems pdf,Fundamental Theorem of Calculus,specific source,"no: wants a specific source, video or file",Google search suggestion
fundamental theorem of calculus problems and solutions pdf,Fundamental Theorem of Calculus,specific source,"no: wants a specific source, video or file",Google search suggestion
fundamental theorem of calculus problems pdf,Fundamental Theorem of Calculus,specific source,"no: wants a specific source, video or file",Google search suggestion
fundamental theorem of calculus questions and answers pdf,Fundamental Theorem of Calculus,specific source,"no: wants a specific source, video or file",Google search suggestion
definite integral with u substitution,Integration by Substitution,topic,yes,Google search suggestion
definition of integration by substitution,Integration by Substitution,definition,yes,Google search suggestion
difficult integration by substitution problems,Integration by Substitution,practice,yes,Google search suggestion
how does u substitution work,Integration by Substitution,how to,yes,Google search suggestion
how to do integration by substitution,Integration by Substitution,how to,yes,Google search suggestion
how to do integration by substitution method,Integration by Substitution,how to,yes,Google search suggestion
how to integrate by substitution in a fraction,Integration by Substitution,how to,yes,Google search suggestion
how to integrate by substitution with limits,Integration by Substitution,how to,yes,Google search suggestion
how to integrate by u substitution,Integration by Substitution,how to,yes,Google search suggestion
how to integration by substitution,Integration by Substitution,how to,yes,Google search suggestion
how to know when to use integration by substitution,Integration by Substitution,how to,yes,Google search suggestion
how to solve integration by substitution method,Integration by Substitution,how to,yes,Google search suggestion
how to teach integration by substitution,Integration by Substitution,how to,yes,Google search suggestion
how to u substitution,Integration by Substitution,how to,yes,Google search suggestion
how to u substitution definite integral,Integration by Substitution,how to,yes,Google search suggestion
how to u substitution integrals,Integration by Substitution,how to,yes,Google search suggestion
how to use integration by substitution,Integration by Substitution,how to,yes,Google search suggestion
how to use substitution,Integration by Substitution,how to,yes,Google search suggestion
how to use substitution in math,Integration by Substitution,how to,yes,Google search suggestion
how to use substitution method,Integration by Substitution,how to,yes,Google search suggestion
how to use substitution method in integration,Integration by Substitution,how to,yes,Google search suggestion
how to use substitution method in simultaneous equations,Integration by Substitution,how to,yes,Google search suggestion
integration by algebraic substitution formula,Integration by Substitution,formula,yes,Google search suggestion
integration by algebraic substitution practice problems,Integration by Substitution,practice,yes,Google search suggestion
integration by substitution,Integration by Substitution,topic,yes,Google search suggestion
integration by substitution all formula,Integration by Substitution,formula,yes,Google search suggestion
integration by substitution calculus,Integration by Substitution,topic,yes,Google search suggestion
integration by substitution common mistakes,Integration by Substitution,examples,yes,added: the page answers this
integration by substitution example problems,Integration by Substitution,practice,yes,Google search suggestion
integration by substitution example problems with solutions,Integration by Substitution,practice,yes,Google search suggestion
integration by substitution example questions',Integration by Substitution,practice,yes,Google search suggestion
integration by substitution examples,Integration by Substitution,examples,yes,Google search suggestion
integration by substitution examples with answers,Integration by Substitution,practice,yes,Google search suggestion
integration by substitution examples with solutions,Integration by Substitution,practice,yes,Google search suggestion
integration by substitution explained,Integration by Substitution,definition,yes,Google search suggestion
integration by substitution explained simply,Integration by Substitution,definition,yes,added: the page answers this
integration by substitution for beginners,Integration by Substitution,definition,yes,added: the page answers this
integration by substitution for definite integrals,Integration by Substitution,topic,yes,Google search suggestion
integration by substitution for dummies,Integration by Substitution,definition,yes,Google search suggestion
integration by substitution formula,Integration by Substitution,formula,yes,Google search suggestion
integration by substitution formula example,Integration by Substitution,examples,yes,Google search suggestion
integration by substitution is related to what differentiation method,Integration by Substitution,topic,yes,Google search suggestion
integration by substitution method examples,Integration by Substitution,examples,yes,Google search suggestion
integration by substitution method formula,Integration by Substitution,formula,yes,Google search suggestion
integration by substitution practice,Integration by Substitution,practice,yes,Google search suggestion
integration by substitution practice problems,Integration by Substitution,practice,yes,Google search suggestion
integration by substitution practice problems with answers,Integration by Substitution,practice,yes,added: the page answers this
integration by substitution practice problems with hints,Integration by Substitution,practice,yes,added: the page answers this
integration by substitution practice problems with solutions,Integration by Substitution,practice,yes,Google search suggestion
integration by substitution practice questions,Integration by Substitution,practice,yes,Google search suggestion
integration by substitution problems,Integration by Substitution,practice,yes,Google search suggestion
integration by substitution problems and solutions,Integration by Substitution,practice,yes,Google search suggestion
integration by substitution quiz,Integration by Substitution,practice,yes,added: the page answers this
integration by substitution step by step,Integration by Substitution,examples,yes,added: the page answers this
integration by substitution steps,Integration by Substitution,examples,yes,Google search suggestion
integration by substitution summary,Integration by Substitution,topic,yes,Google search suggestion
integration by substitution with bounds,Integration by Substitution,topic,yes,Google search suggestion
integration by substitution with definite integrals,Integration by Substitution,topic,yes,Google search suggestion
integration by substitution with e,Integration by Substitution,topic,yes,Google search suggestion
integration by substitution with example,Integration by Substitution,examples,yes,Google search suggestion
integration by substitution with fractions,Integration by Substitution,topic,yes,Google search suggestion
integration by substitution with limits,Integration by Substitution,topic,yes,Google search suggestion
integration by substitution with ln,Integration by Substitution,topic,yes,Google search suggestion
integration by substitution with trig,Integration by Substitution,topic,yes,Google search suggestion
integration by substitution with trig functions,Integration by Substitution,topic,yes,Google search suggestion
integration by substitution worked example,Integration by Substitution,examples,yes,added: the page answers this
integration by trigonometric substitution examples and solutions,Integration by Substitution,examples,yes,Google search suggestion
integration by trigonometric substitution formula,Integration by Substitution,formula,yes,Google search suggestion
integration by trigonometric substitution problems,Integration by Substitution,practice,yes,Google search suggestion
integration by u substitution formula,Integration by Substitution,formula,yes,Google search suggestion
integration by u substitution practice problems,Integration by Substitution,practice,yes,Google search suggestion
u substitution,Integration by Substitution,topic,yes,Google search suggestion
u substitution calculus,Integration by Substitution,topic,yes,Google search suggestion
u substitution common mistakes,Integration by Substitution,examples,yes,added: the page answers this
u substitution definite integral,Integration by Substitution,topic,yes,Google search suggestion
u substitution definition,Integration by Substitution,definition,yes,Google search suggestion
u substitution derivative,Integration by Substitution,topic,yes,Google search suggestion
u substitution example problems,Integration by Substitution,practice,yes,Google search suggestion
u substitution examples,Integration by Substitution,examples,yes,Google search suggestion
u substitution examples definite integral,Integration by Substitution,examples,yes,Google search suggestion
u substitution examples with answers,Integration by Substitution,practice,yes,Google search suggestion
u substitution explained,Integration by Substitution,definition,yes,Google search suggestion
u substitution explained simply,Integration by Substitution,definition,yes,Google search suggestion
u substitution for beginners,Integration by Substitution,definition,yes,added: the page answers this
u substitution for definite integrals,Integration by Substitution,topic,yes,Google search suggestion
u substitution for derivatives,Integration by Substitution,topic,yes,Google search suggestion
u substitution for dummies,Integration by Substitution,definition,yes,Google search suggestion
u substitution for e^x,Integration by Substitution,topic,yes,Google search suggestion
u substitution for integrals,Integration by Substitution,topic,yes,Google search suggestion
u substitution for quadratic equation,Integration by Substitution,formula,yes,Google search suggestion
u substitution for trig functions,Integration by Substitution,topic,yes,Google search suggestion
u substitution formula,Integration by Substitution,formula,yes,Google search suggestion
u substitution formula example,Integration by Substitution,examples,yes,Google search suggestion
u substitution formula integration,Integration by Substitution,formula,yes,Google search suggestion
u substitution formula u v,Integration by Substitution,formula,yes,Google search suggestion
u substitution formula with steps,Integration by Substitution,examples,yes,Google search suggestion
u substitution integration,Integration by Substitution,topic,yes,Google search suggestion
u substitution integration explained,Integration by Substitution,definition,yes,Google search suggestion
u substitution practice,Integration by Substitution,practice,yes,Google search suggestion
u substitution practice problems,Integration by Substitution,practice,yes,Google search suggestion
u substitution practice problems ap calc ab,Integration by Substitution,practice,yes,Google search suggestion
u substitution practice problems with answers,Integration by Substitution,practice,yes,added: the page answers this
u substitution practice problems with hints,Integration by Substitution,practice,yes,added: the page answers this
u substitution practice problems with solutions,Integration by Substitution,practice,yes,Google search suggestion
u substitution problems,Integration by Substitution,practice,yes,Google search suggestion
u substitution problems with solutions,Integration by Substitution,practice,yes,Google search suggestion
u substitution quiz,Integration by Substitution,practice,yes,added: the page answers this
u substitution step by step,Integration by Substitution,examples,yes,added: the page answers this
u substitution steps,Integration by Substitution,examples,yes,Google search suggestion
u substitution summary,Integration by Substitution,topic,yes,Google search suggestion
u substitution with bounds,Integration by Substitution,topic,yes,Google search suggestion
u substitution with chain rule,Integration by Substitution,formula,yes,Google search suggestion
u substitution with definite integrals,Integration by Substitution,topic,yes,Google search suggestion
u substitution with derivatives,Integration by Substitution,topic,yes,Google search suggestion
u substitution with e,Integration by Substitution,topic,yes,Google search suggestion
u substitution with fractions,Integration by Substitution,topic,yes,Google search suggestion
u substitution with integrals,Integration by Substitution,topic,yes,Google search suggestion
u substitution with trig,Integration by Substitution,topic,yes,Google search suggestion
u substitution with trig functions,Integration by Substitution,topic,yes,Google search suggestion
u substitution with v,Integration by Substitution,topic,yes,Google search suggestion
u substitution worked example,Integration by Substitution,examples,yes,added: the page answers this
u-substitution problems with answers,Integration by Substitution,practice,yes,Google search suggestion
what does integration by substitution mean,Integration by Substitution,definition,yes,Google search suggestion
what is integration by substitution,Integration by Substitution,definition,yes,Google search suggestion
what is integration by substitution method,Integration by Substitution,definition,yes,Google search suggestion
what is integration by substitution used for,Integration by Substitution,definition,yes,Google search suggestion
what is integration by trigonometric substitution,Integration by Substitution,definition,yes,Google search suggestion
what is integration by u substitution,Integration by Substitution,definition,yes,Google search suggestion
what is the formula for integration by substitution,Integration by Substitution,definition,yes,Google search suggestion
what is the purpose of integration by substitution,Integration by Substitution,definition,yes,Google search suggestion
what is the u substitution formula,Integration by Substitution,definition,yes,Google search suggestion
what is the u substitution method,Integration by Substitution,definition,yes,Google search suggestion
what is u substitution,Integration by Substitution,definition,yes,Google search suggestion
what is u substitution calc,Integration by Substitution,definition,yes,Google search suggestion
what is u substitution in calculus,Integration by Substitution,definition,yes,Google search suggestion
what is u substitution in integration,Integration by Substitution,definition,yes,Google search suggestion
what is u substitution used for,Integration by Substitution,definition,yes,Google search suggestion
when can you not use integration by substitution,Integration by Substitution,how to,yes,Google search suggestion
when can you use integration by substitution,Integration by Substitution,how to,yes,Google search suggestion
when to use integration by substitution,Integration by Substitution,how to,yes,Google search suggestion
when to use integration by substitution or parts,Integration by Substitution,how to,yes,Google search suggestion
when to use substitution method in integration,Integration by Substitution,how to,yes,Google search suggestion
when to use u substitution,Integration by Substitution,how to,yes,Google search suggestion
when to use u substitution in calculus,Integration by Substitution,how to,yes,Google search suggestion
when to use u substitution in integration,Integration by Substitution,how to,yes,Google search suggestion
when we use integration by substitution,Integration by Substitution,topic,yes,Google search suggestion
why does integration by substitution work,Integration by Substitution,definition,yes,Google search suggestion
how to do integration by substitution a level maths,Integration by Substitution,specific source,"no: wants a specific source, video or file",Google search suggestion
how to use substitution jutsu in shinobi striker,Integration by Substitution,other subject,no: a different subject,Google search suggestion
how to use substitution of samr in teaching,Integration by Substitution,other subject,no: a different subject,Google search suggestion
integration by algebraic substitution problems and solutions pdf,Integration by Substitution,specific source,"no: wants a specific source, video or file",Google search suggestion
integration by substitution examples pdf,Integration by Substitution,specific source,"no: wants a specific source, video or file",Google search suggestion
integration by substitution examples with solutions class 12,Integration by Substitution,specific source,"no: wants a specific source, video or file",Google search suggestion
integration by substitution examples with solutions pdf,Integration by Substitution,specific source,"no: wants a specific source, video or file",Google search suggestion
integration by substitution formula a level maths,Integration by Substitution,specific source,"no: wants a specific source, video or file",Google search suggestion
integration by substitution formula class 12,Integration by Substitution,specific source,"no: wants a specific source, video or file",Google search suggestion
integration by substitution formula pdf,Integration by Substitution,specific source,"no: wants a specific source, video or file",Google search suggestion
integration by substitution meaning in hindi,Integration by Substitution,other language,no: wants it in another language,Google search suggestion
integration by substitution pdf,Integration by Substitution,specific source,"no: wants a specific source, video or file",Google search suggestion
integration by substitution practice problems pdf,Integration by Substitution,specific source,"no: wants a specific source, video or file",Google search suggestion
integration by substitution problems pdf,Integration by Substitution,specific source,"no: wants a specific source, video or file",Google search suggestion
integration by substitution problems with answers pdf,Integration by Substitution,specific source,"no: wants a specific source, video or file",Google search suggestion
integration by substitution worksheet,Integration by Substitution,specific source,"no: wants a specific source, video or file",Google search suggestion
integration by trigonometric substitution problems and solutions pdf,Integration by Substitution,specific source,"no: wants a specific source, video or file",Google search suggestion
u substitution practice problems pdf,Integration by Substitution,specific source,"no: wants a specific source, video or file",Google search suggestion
u substitution practice problems with solutions pdf,Integration by Substitution,specific source,"no: wants a specific source, video or file",Google search suggestion
u substitution practice problems worksheet,Integration by Substitution,specific source,"no: wants a specific source, video or file",Google search suggestion
u substitution problems pdf,Integration by Substitution,specific source,"no: wants a specific source, video or file",Google search suggestion
u substitution problems with solutions pdf,Integration by Substitution,specific source,"no: wants a specific source, video or file",Google search suggestion
area between 2 curves examples,Area Between Curves,examples,yes,Google search suggestion
area between curve and axis,Area Between Curves,topic,yes,Google search suggestion
area between curve and line,Area Between Curves,topic,yes,Google search suggestion
area between curve and line integration,Area Between Curves,topic,yes,Google search suggestion
area between curve and x axis,Area Between Curves,topic,yes,Google search suggestion
area between curves,Area Between Curves,topic,yes,Google search suggestion
area between curves by integration,Area Between Curves,topic,yes,Google search suggestion
area between curves calc 2,Area Between Curves,topic,yes,Google search suggestion
area between curves calculus,Area Between Curves,topic,yes,Google search suggestion
area between curves calculus 2,Area Between Curves,topic,yes,Google search suggestion
area between curves common mistakes,Area Between Curves,examples,yes,added: the page answers this
area between curves definition,Area Between Curves,definition,yes,Google search suggestion
area between curves example problems,Area Between Curves,practice,yes,Google search suggestion
area between curves examples,Area Between Curves,examples,yes,Google search suggestion
area between curves explained,Area Between Curves,definition,yes,Google search suggestion
area between curves explained simply,Area Between Curves,definition,yes,added: the page answers this
area between curves for beginners,Area Between Curves,definition,yes,added: the page answers this
area between curves formula,Area Between Curves,formula,yes,Google search suggestion
area between curves formula calc 2,Area Between Curves,formula,yes,Google search suggestion
area between curves formula calculus,Area Between Curves,formula,yes,Google search suggestion
area between curves formula polar,Area Between Curves,formula,yes,Google search suggestion
area between curves in polar,Area Between Curves,topic,yes,Google search suggestion
area between curves in polar coordinates,Area Between Curves,topic,yes,Google search suggestion
area between curves integral,Area Between Curves,topic,yes,Google search suggestion
area between curves integral formula,Area Between Curves,formula,yes,Google search suggestion
area between curves on y axis,Area Between Curves,topic,yes,Google search suggestion
area between curves practice problems,Area Between Curves,practice,yes,Google search suggestion
area between curves practice problems with answers,Area Between Curves,practice,yes,Google search suggestion
area between curves practice problems with hints,Area Between Curves,practice,yes,added: the page answers this
area between curves problems,Area Between Curves,practice,yes,Google search suggestion
area between curves quiz,Area Between Curves,practice,yes,added: the page answers this
area between curves step by step,Area Between Curves,examples,yes,added: the page answers this
area between curves with respect to y,Area Between Curves,topic,yes,Google search suggestion
area between curves worked example,Area Between Curves,examples,yes,added: the page answers this
area between lines formula,Area Between Curves,formula,yes,Google search suggestion
area between polar curves practice problems,Area Between Curves,practice,yes,Google search suggestion
area between to curves,Area Between Curves,topic,yes,Google search suggestion
area between two curves definition,Area Between Curves,definition,yes,Google search suggestion
area between two curves example problems,Area Between Curves,practice,yes,Google search suggestion
area between two curves examples,Area Between Curves,examples,yes,Google search suggestion
area between two curves examples with solutions,Area Between Curves,practice,yes,Google search suggestion
area between two curves formula,Area Between Curves,formula,yes,Google search suggestion
area between two curves practice problems,Area Between Curves,practice,yes,Google search suggestion
area between two curves problems,Area Between Curves,practice,yes,Google search suggestion
area between two curves problems and solutions,Area Between Curves,practice,yes,Google search suggestion
area bounded by curves examples,Area Between Curves,examples,yes,Google search suggestion
area bounded by curves formula,Area Between Curves,formula,yes,Google search suggestion
area bounded by curves practice problems,Area Between Curves,practice,yes,Google search suggestion
area bounded by curves problems,Area Between Curves,practice,yes,Google search suggestion
calculus area between curves practice problems,Area Between Curves,practice,yes,Google search suggestion
how to do area between curves,Area Between Curves,how to,yes,Google search suggestion
how to find area between curve and line,Area Between Curves,how to,yes,Google search suggestion
how to find area between curve and y axis,Area Between Curves,how to,yes,Google search suggestion
how to find area between curves,Area Between Curves,how to,yes,Google search suggestion
how to find area between curves calculus,Area Between Curves,how to,yes,Google search suggestion
how to find area between curves on ti 84,Area Between Curves,how to,yes,Google search suggestion
how to find area bounded by curves,Area Between Curves,how to,yes,Google search suggestion
is area between curves always positive,Area Between Curves,topic,yes,Google search suggestion
region between curves formula,Area Between Curves,formula,yes,Google search suggestion
what is area between curves,Area Between Curves,definition,yes,Google search suggestion
what is area between two curves,Area Between Curves,definition,yes,Google search suggestion
what is area bounded by the curve,Area Between Curves,definition,yes,Google search suggestion
what is the formula for area between curves,Area Between Curves,definition,yes,Google search suggestion
area between curves calculator,Area Between Curves,tool,no: wants a calculator or tool,Google search suggestion
area between curves calculator desmos,Area Between Curves,tool,no: wants a calculator or tool,Google search suggestion
area between curves calculator with steps,Area Between Curves,tool,no: wants a calculator or tool,Google search suggestion
area between curves on desmos,Area Between Curves,tool,no: wants a calculator or tool,Google search suggestion
area between curves practice problems pdf,Area Between Curves,specific source,"no: wants a specific source, video or file",Google search suggestion
area between curves problems and solutions pdf,Area Between Curves,specific source,"no: wants a specific source, video or file",Google search suggestion
area between two curves practice problems pdf,Area Between Curves,specific source,"no: wants a specific source, video or file",Google search suggestion
how to find area between curves on calculator,Area Between Curves,tool,no: wants a calculator or tool,Google search suggestion
how to find area between curves on desmos,Area Between Curves,tool,no: wants a calculator or tool,Google search suggestion
how to shade area between curves desmos,Area Between Curves,tool,no: wants a calculator or tool,Google search suggestion
average cost function formula,Average Value of a Function,formula,yes,Google search suggestion
average value calculus formula,Average Value of a Function,formula,yes,Google search suggestion
average value of a continuous function formula,Average Value of a Function,formula,yes,Google search suggestion
average value of a continuous function in an interval,Average Value of a Function,topic,yes,Google search suggestion
average value of a function,Average Value of a Function,topic,yes,Google search suggestion
average value of a function calculus,Average Value of a Function,topic,yes,Google search suggestion
average value of a function common mistakes,Average Value of a Function,examples,yes,added: the page answers this
average value of a function double integral,Average Value of a Function,topic,yes,Google search suggestion
average value of a function equation,Average Value of a Function,formula,yes,Google search suggestion
average value of a function examples,Average Value of a Function,examples,yes,Google search suggestion
average value of a function explained,Average Value of a Function,definition,yes,Google search suggestion
average value of a function explained simply,Average Value of a Function,definition,yes,added: the page answers this
average value of a function for beginners,Average Value of a Function,definition,yes,added: the page answers this
average value of a function formula,Average Value of a Function,formula,yes,Google search suggestion
average value of a function formula calculus,Average Value of a Function,formula,yes,Google search suggestion
average value of a function from graph,Average Value of a Function,topic,yes,Google search suggestion
average value of a function in 3d,Average Value of a Function,topic,yes,Google search suggestion
average value of a function in calculus,Average Value of a Function,topic,yes,Google search suggestion
average value of a function integral,Average Value of a Function,topic,yes,Google search suggestion
average value of a function meaning,Average Value of a Function,definition,yes,Google search suggestion
average value of a function on an interval,Average Value of a Function,topic,yes,Google search suggestion
average value of a function over an interval,Average Value of a Function,topic,yes,Google search suggestion
average value of a function over an interval formula,Average Value of a Function,formula,yes,Google search suggestion
average value of a function over an interval practice problems,Average Value of a Function,practice,yes,Google search suggestion
average value of a function practice problems,Average Value of a Function,practice,yes,Google search suggestion
average value of a function practice problems with answers,Average Value of a Function,practice,yes,added: the page answers this
average value of a function practice problems with hints,Average Value of a Function,practice,yes,added: the page answers this
average value of a function problems,Average Value of a Function,practice,yes,Google search suggestion
average value of a function quiz,Average Value of a Function,practice,yes,added: the page answers this
average value of a function step by step,Average Value of a Function,examples,yes,added: the page answers this
average value of a function with integrals,Average Value of a Function,topic,yes,Google search suggestion
average value of a function with two variables,Average Value of a Function,topic,yes,Google search suggestion
average value of a function word problems,Average Value of a Function,practice,yes,Google search suggestion
average value of a function worked example,Average Value of a Function,examples,yes,added: the page answers this
average value of a quadratic function,Average Value of a Function,topic,yes,Google search suggestion
average value of function integral formula,Average Value of a Function,formula,yes,Google search suggestion
average value of function on interval formula,Average Value of a Function,formula,yes,Google search suggestion
finding average value of a function on an interval,Average Value of a Function,topic,yes,Google search suggestion
how to find average value of a function,Average Value of a Function,how to,yes,Google search suggestion
how to find average value of a function calculus,Average Value of a Function,how to,yes,Google search suggestion
how to find average value of a function double integral,Average Value of a Function,how to,yes,Google search suggestion
how to find average value of a function from graph,Average Value of a Function,how to,yes,Google search suggestion
how to find average value of a function on an interval,Average Value of a Function,how to,yes,Google search suggestion
how to find average value of a function over an interval,Average Value of a Function,how to,yes,Google search suggestion
how to find average value of a function using integral,Average Value of a Function,how to,yes,Google search suggestion
how to find the average value of a function given an interval,Average Value of a Function,how to,yes,Google search suggestion
how to find the average value of a function without integrating,Average Value of a Function,how to,yes,Google search suggestion
how to find the mean value of a function,Average Value of a Function,how to,yes,Google search suggestion
mean value of a function formula,Average Value of a Function,definition,yes,Google search suggestion
what does average value of a function mean,Average Value of a Function,definition,yes,Google search suggestion
what does average value of a function represent,Average Value of a Function,definition,yes,Google search suggestion
what is average cost function,Average Value of a Function,definition,yes,Google search suggestion
what is average value of a function,Average Value of a Function,definition,yes,Google search suggestion
what is the average value of a continuous function,Average Value of a Function,definition,yes,Google search suggestion
what is the average value of a function formula,Average Value of a Function,definition,yes,Google search suggestion
what is the average value of a function in calculus,Average Value of a Function,definition,yes,Google search suggestion
what is the average value of a function on an interval,Average Value of a Function,definition,yes,Google search suggestion
what is the average value of a function over an interval,Average Value of a Function,definition,yes,Google search suggestion
what is the average value of a sine function,Average Value of a Function,definition,yes,Google search suggestion
average value of a function calculator,Average Value of a Function,tool,no: wants a calculator or tool,Google search suggestion
average value of a function worksheet with answers,Average Value of a Function,specific source,"no: wants a specific source, video or file",Google search suggestion
what is the average cost of a functional medicine doctor,Average Value of a Function,other subject,no: a different subject,Google search suggestion
applications of first order differential equations example problems,Introduction to Differential Equations,practice,yes,Google search suggestion
diff equations practice problems,Introduction to Differential Equations,practice,yes,Google search suggestion
difference equations examples,Introduction to Differential Equations,examples,yes,Google search suggestion
difference equations explained,Introduction to Differential Equations,definition,yes,Google search suggestion
difference equations practice problems,Introduction to Differential Equations,practice,yes,Google search suggestion
difference methods for initial-value problems,Introduction to Differential Equations,practice,yes,Google search suggestion
differential equations,Introduction to Differential Equations,topic,yes,Google search suggestion
differential equations and calculus,Introduction to Differential Equations,topic,yes,Google search suggestion
differential equations and linear algebra,Introduction to Differential Equations,topic,yes,Google search suggestion
differential equations class,Introduction to Differential Equations,topic,yes,Google search suggestion
differential equations common mistakes,Introduction to Differential Equations,examples,yes,added: the page answers this
differential equations course,Introduction to Differential Equations,topic,yes,Google search suggestion
differential equations definition,Introduction to Differential Equations,definition,yes,Google search suggestion
differential equations examples,Introduction to Differential Equations,examples,yes,Google search suggestion
differential equations examples and solutions,Introduction to Differential Equations,examples,yes,Google search suggestion
differential equations examples in real life,Introduction to Differential Equations,examples,yes,Google search suggestion
differential equations examples with answers,Introduction to Differential Equations,practice,yes,Google search suggestion
differential equations explained,Introduction to Differential Equations,definition,yes,Google search suggestion
differential equations explained for dummies,Introduction to Differential Equations,definition,yes,Google search suggestion
differential equations explained simply,Introduction to Differential Equations,definition,yes,Google search suggestion
differential equations for beginners,Introduction to Differential Equations,topic,yes,Google search suggestion
differential equations for dummies,Introduction to Differential Equations,definition,yes,Google search suggestion
differential equations for engineers,Introduction to Differential Equations,topic,yes,Google search suggestion
differential equations formula sheet,Introduction to Differential Equations,formula,yes,Google search suggestion
differential equations formulas,Introduction to Differential Equations,formula,yes,Google search suggestion
differential equations formulas degree 1st year,Introduction to Differential Equations,formula,yes,Google search suggestion
differential equations formulas engineering mathematics,Introduction to Differential Equations,formula,yes,Google search suggestion
differential equations initial value problem examples,Introduction to Differential Equations,practice,yes,Google search suggestion
differential equations practice problems,Introduction to Differential Equations,practice,yes,Google search suggestion
differential equations practice problems methods and solutions,Introduction to Differential Equations,practice,yes,Google search suggestion
differential equations practice problems with answers,Introduction to Differential Equations,practice,yes,added: the page answers this
differential equations practice problems with hints,Introduction to Differential Equations,practice,yes,added: the page answers this
differential equations practice problems with solutions,Introduction to Differential Equations,practice,yes,Google search suggestion
differential equations problems,Introduction to Differential Equations,practice,yes,Google search suggestion
differential equations problems and solutions,Introduction to Differential Equations,practice,yes,Google search suggestion
differential equations quiz,Introduction to Differential Equations,practice,yes,added: the page answers this
differential equations step by step,Introduction to Differential Equations,examples,yes,added: the page answers this
differential equations with applications,Introduction to Differential Equations,topic,yes,Google search suggestion
differential equations with applications and historical notes,Introduction to Differential Equations,topic,yes,Google search suggestion
differential equations with boundary value problems,Introduction to Differential Equations,practice,yes,Google search suggestion
differential equations with boundary-value problems 10th,Introduction to Differential Equations,practice,yes,Google search suggestion
differential equations with complex roots,Introduction to Differential Equations,topic,yes,Google search suggestion
differential equations with discontinuous righthand sides,Introduction to Differential Equations,topic,yes,Google search suggestion
differential equations with initial conditions,Introduction to Differential Equations,topic,yes,Google search suggestion
differential equations with linear algebra,Introduction to Differential Equations,topic,yes,Google search suggestion
differential equations with modeling applications,Introduction to Differential Equations,topic,yes,Google search suggestion
differential equations worked example,Introduction to Differential Equations,examples,yes,added: the page answers this
direction field differential equations,Introduction to Differential Equations,topic,yes,Google search suggestion
direction field for system of differential equations,Introduction to Differential Equations,topic,yes,Google search suggestion
euler's method differential equations,Introduction to Differential Equations,topic,yes,Google search suggestion
euler's method differential equations examples,Introduction to Differential Equations,examples,yes,Google search suggestion
euler's method for approximating differential equations,Introduction to Differential Equations,topic,yes,Google search suggestion
euler's method for differential equations,Introduction to Differential Equations,topic,yes,Google search suggestion
euler's method for solving differential equations,Introduction to Differential Equations,topic,yes,Google search suggestion
euler's method for solving ordinary differential equations,Introduction to Differential Equations,topic,yes,Google search suggestion
euler's method with differential equations,Introduction to Differential Equations,topic,yes,Google search suggestion
find the initial value problem,Introduction to Differential Equations,topic,yes,Google search suggestion
first order differential equations examples,Introduction to Differential Equations,examples,yes,Google search suggestion
first order differential equations explained,Introduction to Differential Equations,definition,yes,Google search suggestion
first order differential equations formula,Introduction to Differential Equations,formula,yes,Google search suggestion
first order differential equations formulas,Introduction to Differential Equations,formula,yes,Google search suggestion
first order differential equations practice problems,Introduction to Differential Equations,practice,yes,Google search suggestion
first order differential equations practice problems with solutions,Introduction to Differential Equations,practice,yes,Google search suggestion
first order differential equations problems,Introduction to Differential Equations,practice,yes,Google search suggestion
first order differential equations problems and solutions,Introduction to Differential Equations,practice,yes,Google search suggestion
first order linear differential equations formula,Introduction to Differential Equations,formula,yes,Google search suggestion
first order linear differential equations practice problems,Introduction to Differential Equations,practice,yes,Google search suggestion
first order ordinary differential equations formula,Introduction to Differential Equations,formula,yes,Google search suggestion
how to differential equations,Introduction to Differential Equations,how to,yes,Google search suggestion
how to do differential equations,Introduction to Differential Equations,how to,yes,Google search suggestion
how to do initial value problems,Introduction to Differential Equations,how to,yes,Google search suggestion
how to draw direction fields for differential equations,Introduction to Differential Equations,how to,yes,Google search suggestion
how to find interval of initial value problem,Introduction to Differential Equations,how to,yes,Google search suggestion
how to find solution to initial value problem,Introduction to Differential Equations,how to,yes,Google search suggestion
how to linear equations,Introduction to Differential Equations,how to,yes,Google search suggestion
how to linear equations with two variables,Introduction to Differential Equations,how to,yes,Google search suggestion
how to match slope fields with differential equations,Introduction to Differential Equations,how to,yes,Google search suggestion
how to partial differential equations,Introduction to Differential Equations,how to,yes,Google search suggestion
how to solve differential equations,Introduction to Differential Equations,how to,yes,Google search suggestion
how to solve differential equations first order,Introduction to Differential Equations,how to,yes,Google search suggestion
how to solve differential equations homogeneous,Introduction to Differential Equations,how to,yes,Google search suggestion
how to solve differential equations second order,Introduction to Differential Equations,how to,yes,Google search suggestion
how to solve initial value problem diff eq,Introduction to Differential Equations,how to,yes,Google search suggestion
how to solve initial value problems,Introduction to Differential Equations,how to,yes,Google search suggestion
how to solve initial value problems calculus,Introduction to Differential Equations,how to,yes,Google search suggestion
how to solve initial value problems differential equations,Introduction to Differential Equations,practice,yes,Google search suggestion
how to use euler's method for differential equations,Introduction to Differential Equations,how to,yes,Google search suggestion
how to write an initial value problem,Introduction to Differential Equations,how to,yes,Google search suggestion
initial boundary value problem example,Introduction to Differential Equations,examples,yes,Google search suggestion
initial value problem,Introduction to Differential Equations,topic,yes,Google search suggestion
initial value problem and boundary value problem,Introduction to Differential Equations,practice,yes,Google search suggestion
initial value problem calculus,Introduction to Differential Equations,topic,yes,Google search suggestion
initial value problem common mistakes,Introduction to Differential Equations,examples,yes,added: the page answers this
initial value problem definition,Introduction to Differential Equations,definition,yes,Google search suggestion
initial value problem definition in mathematics,Introduction to Differential Equations,definition,yes,Google search suggestion
initial value problem differential equations,Introduction to Differential Equations,practice,yes,Google search suggestion
initial value problem differential equations example,Introduction to Differential Equations,practice,yes,Google search suggestion
initial value problem equation,Introduction to Differential Equations,formula,yes,Google search suggestion
initial value problem examples,Introduction to Differential Equations,examples,yes,Google search suggestion
initial value problem examples with solutions,Introduction to Differential Equations,practice,yes,Google search suggestion
initial value problem explained,Introduction to Differential Equations,definition,yes,Google search suggestion
initial value problem explained simply,Introduction to Differential Equations,definition,yes,added: the page answers this
initial value problem for beginners,Introduction to Differential Equations,definition,yes,added: the page answers this
initial value problem for ode,Introduction to Differential Equations,topic,yes,Google search suggestion
initial value problem for ordinary differential equation,Introduction to Differential Equations,formula,yes,Google search suggestion
initial value problem for pde,Introduction to Differential Equations,topic,yes,Google search suggestion
initial value problem for second order equation,Introduction to Differential Equations,formula,yes,Google search suggestion
initial value problem formula,Introduction to Differential Equations,formula,yes,Google search suggestion
initial value problem heat equation,Introduction to Differential Equations,formula,yes,Google search suggestion
initial value problem homogeneous equation,Introduction to Differential Equations,formula,yes,Google search suggestion
initial value problem in calculus,Introduction to Differential Equations,topic,yes,Google search suggestion
initial value problem in differential equation,Introduction to Differential Equations,formula,yes,Google search suggestion
initial value problem in integration,Introduction to Differential Equations,topic,yes,Google search suggestion
initial value problem in numerical analysis,Introduction to Differential Equations,topic,yes,Google search suggestion
initial value problem in ode,Introduction to Differential Equations,topic,yes,Google search suggestion
initial value problem ode,Introduction to Differential Equations,topic,yes,Google search suggestion
initial value problem practice problems with answers,Introduction to Differential Equations,practice,yes,added: the page answers this
initial value problem practice problems with hints,Introduction to Differential Equations,practice,yes,added: the page answers this
initial value problem quiz,Introduction to Differential Equations,practice,yes,added: the page answers this
initial value problem step by step,Introduction to Differential Equations,examples,yes,added: the page answers this
initial value problem wave equation,Introduction to Differential Equations,formula,yes,Google search suggestion
initial value problem with integrating factor,Introduction to Differential Equations,topic,yes,Google search suggestion
initial value problem with two variables,Introduction to Differential Equations,topic,yes,Google search suggestion
initial value problem worked example,Introduction to Differential Equations,examples,yes,added: the page answers this
initial value problems for differential equations,Introduction to Differential Equations,practice,yes,Google search suggestion
linear equations examples,Introduction to Differential Equations,examples,yes,Google search suggestion
linear equations explained,Introduction to Differential Equations,definition,yes,Google search suggestion
linear equations explained for dummies,Introduction to Differential Equations,definition,yes,Google search suggestion
linear equations explained simply,Introduction to Differential Equations,definition,yes,Google search suggestion
linear equations practice problems,Introduction to Differential Equations,practice,yes,Google search suggestion
partial differential equations example problems,Introduction to Differential Equations,practice,yes,Google search suggestion
partial differential equations explained,Introduction to Differential Equations,definition,yes,Google search suggestion
partial differential equations practice problems,Introduction to Differential Equations,practice,yes,Google search suggestion
partial differential equations practice problems with solutions,Introduction to Differential Equations,practice,yes,Google search suggestion
partial differential equations problems,Introduction to Differential Equations,practice,yes,Google search suggestion
partial differential equations problems and solutions,Introduction to Differential Equations,practice,yes,Google search suggestion
power series differential equations practice problems,Introduction to Differential Equations,practice,yes,Google search suggestion
separable variables differential equations examples,Introduction to Differential Equations,examples,yes,Google search suggestion
separation method differential equations,Introduction to Differential Equations,topic,yes,Google search suggestion
slope fields differential equations,Introduction to Differential Equations,topic,yes,Google search suggestion
what is an initial value problem in calculus,Introduction to Differential Equations,definition,yes,Google search suggestion
what is boundary value problem,Introduction to Differential Equations,definition,yes,Google search suggestion
what is boundary value problem in differential equation,Introduction to Differential Equations,definition,yes,Google search suggestion
what is boundary value problem with example,Introduction to Differential Equations,examples,yes,Google search suggestion
what is differential equation and its types,Introduction to Differential Equations,definition,yes,Google search suggestion
what is differential equation with example,Introduction to Differential Equations,examples,yes,Google search suggestion
what is differential equations,Introduction to Differential Equations,definition,yes,Google search suggestion
what is differential equations and calculus,Introduction to Differential Equations,definition,yes,Google search suggestion
what is differential equations class,Introduction to Differential Equations,definition,yes,Google search suggestion
what is differential equations course,Introduction to Differential Equations,definition,yes,Google search suggestion
what is differential equations definition,Introduction to Differential Equations,definition,yes,Google search suggestion
what is differential equations math,Introduction to Differential Equations,definition,yes,Google search suggestion
what is differential equations used for,Introduction to Differential Equations,definition,yes,Google search suggestion
what is differential equations used for in real life,Introduction to Differential Equations,definition,yes,Google search suggestion
what is euler's method for differential equations,Introduction to Differential Equations,definition,yes,Google search suggestion
what is first order differential equations,Introduction to Differential Equations,definition,yes,Google search suggestion
what is first order linear differential equations,Introduction to Differential Equations,definition,yes,Google search suggestion
what is first order ordinary differential equations,Introduction to Differential Equations,definition,yes,Google search suggestion
what is initial value problem,Introduction to Differential Equations,definition,yes,Google search suggestion
what is initial value problem and boundary value problem,Introduction to Differential Equations,practice,yes,Google search suggestion
what is initial value problem in differential equation,Introduction to Differential Equations,definition,yes,Google search suggestion
what is initial value problem in ode,Introduction to Differential Equations,definition,yes,Google search suggestion
what is initial value problem in ordinary differential equation,Introduction to Differential Equations,definition,yes,Google search suggestion
what is meant by initial value problem,Introduction to Differential Equations,definition,yes,Google search suggestion
what is power series in differential equations,Introduction to Differential Equations,definition,yes,Google search suggestion
when to use partial differential equations,Introduction to Differential Equations,how to,yes,Google search suggestion
difference equations problems and solutions pdf,Introduction to Differential Equations,specific source,"no: wants a specific source, video or file",Google search suggestion
differential equation problems solved by jayson zamora,Introduction to Differential Equations,other subject,no: a different subject,Google search suggestion
differential equations examples and solutions pdf,Introduction to Differential Equations,specific source,"no: wants a specific source, video or file",Google search suggestion
differential equations examples class 12,Introduction to Differential Equations,specific source,"no: wants a specific source, video or file",Google search suggestion
differential equations examples pdf,Introduction to Differential Equations,specific source,"no: wants a specific source, video or file",Google search suggestion
differential equations for circuits,Introduction to Differential Equations,other subject,no: a different subject,Google search suggestion
differential equations for dummies pdf,Introduction to Differential Equations,specific source,"no: wants a specific source, video or file",Google search suggestion
differential equations for economics,Introduction to Differential Equations,other subject,no: a different subject,Google search suggestion
differential equations for engineers pdf,Introduction to Differential Equations,specific source,"no: wants a specific source, video or file",Google search suggestion
differential equations formula sheet class 12,Introduction to Differential Equations,specific source,"no: wants a specific source, video or file",Google search suggestion
differential equations formulas class 12,Introduction to Differential Equations,specific source,"no: wants a specific source, video or file",Google search suggestion
differential equations formulas jee,Introduction to Differential Equations,specific source,"no: wants a specific source, video or file",Google search suggestion
differential equations formulas pdf,Introduction to Differential Equations,specific source,"no: wants a specific source, video or file",Google search suggestion
differential equations formulas pdf class 12,Introduction to Differential Equations,specific source,"no: wants a specific source, video or file",Google search suggestion
differential equations formulas pdf free download,Introduction to Differential Equations,specific source,"no: wants a specific source, video or file",Google search suggestion
differential equations khan academy,Introduction to Differential Equations,specific source,"no: wants a specific source, video or file",Google search suggestion
differential equations meaning in hindi,Introduction to Differential Equations,other language,no: wants it in another language,Google search suggestion
differential equations pdf,Introduction to Differential Equations,specific source,"no: wants a specific source, video or file",Google search suggestion
differential equations practice problems book,Introduction to Differential Equations,specific source,"no: wants a specific source, video or file",Google search suggestion
differential equations practice problems methods and solutions pdf,Introduction to Differential Equations,specific source,"no: wants a specific source, video or file",Google search suggestion
differential equations practice problems pdf,Introduction to Differential Equations,specific source,"no: wants a specific source, video or file",Google search suggestion
differential equations practice problems with solutions pdf,Introduction to Differential Equations,specific source,"no: wants a specific source, video or file",Google search suggestion
differential equations problems and solutions pdf,Introduction to Differential Equations,specific source,"no: wants a specific source, video or file",Google search suggestion
differential equations problems and solutions pdf class 12,Introduction to Differential Equations,specific source,"no: wants a specific source, video or file",Google search suggestion
differential equations problems and solutions pdf download,Introduction to Differential Equations,specific source,"no: wants a specific source, video or file",Google search suggestion
differential equations problems and solutions pdf engineering mathematics,Introduction to Differential Equations,specific source,"no: wants a specific source, video or file",Google search suggestion
differential equations problems and solutions pdf free download,Introduction to Differential Equations,specific source,"no: wants a specific source, video or file",Google search suggestion
differential equations problems pdf,Introduction to Differential Equations,specific source,"no: wants a specific source, video or file",Google search suggestion
differential equations textbook,Introduction to Differential Equations,specific source,"no: wants a specific source, video or file",Google search suggestion
differential equations with matlab pdf,Introduction to Differential Equations,other subject,no: a different subject,Google search suggestion
first order differential equations examples and solutions pdf,Introduction to Differential Equations,specific source,"no: wants a specific source, video or file",Google search suggestion
first order differential equations problems and solutions pdf,Introduction to Differential Equations,specific source,"no: wants a specific source, video or file",Google search suggestion
first order differential equations problems and solutions pdf download,Introduction to Differential Equations,specific source,"no: wants a specific source, video or file",Google search suggestion
first order differential equations problems and solutions pdf engineering,Introduction to Differential Equations,specific source,"no: wants a specific source, video or file",Google search suggestion
first order differential equations problems and solutions pdf free download,Introduction to Differential Equations,specific source,"no: wants a specific source, video or file",Google search suggestion
how to solve initial value problems with laplace transforms,Introduction to Differential Equations,other subject,no: a different subject,Google search suggestion
initial value problem calculator,Introduction to Differential Equations,tool,no: wants a calculator or tool,Google search suggestion
initial value problem differential equations calculator,Introduction to Differential Equations,tool,no: wants a calculator or tool,Google search suggestion
initial value problem examples pdf,Introduction to Differential Equations,specific source,"no: wants a specific source, video or file",Google search suggestion
initial value problem laplace transform formula,Introduction to Differential Equations,other subject,no: a different subject,Google search suggestion
initial value problem solver,Introduction to Differential Equations,tool,no: wants a calculator or tool,Google search suggestion
initial value problem using laplace transform,Introduction to Differential Equations,other subject,no: a different subject,Google search suggestion
initial value problem with laplace transform,Introduction to Differential Equations,other subject,no: a different subject,Google search suggestion
partial differential equations problems and solutions pdf,Introduction to Differential Equations,specific source,"no: wants a specific source, video or file",Google search suggestion
partial differential equations problems and solutions pdf download,Introduction to Differential Equations,specific source,"no: wants a specific source, video or file",Google search suggestion
partial differential equations problems pdf,Introduction to Differential Equations,specific source,"no: wants a specific source, video or file",Google search suggestion
are all separable differential equations exact,Separable Differential Equations,topic,yes,Google search suggestion
define separable differential equation with an example,Separable Differential Equations,examples,yes,Google search suggestion
how to calculate newton's law of cooling,Separable Differential Equations,how to,yes,Google search suggestion
how to derive newton's law of cooling,Separable Differential Equations,proof,yes,Google search suggestion
how to differentiate newton's law of cooling,Separable Differential Equations,how to,yes,Google search suggestion
how to do newton's law of cooling,Separable Differential Equations,how to,yes,Google search suggestion
how to do newton's law of cooling experiment,Separable Differential Equations,how to,yes,Google search suggestion
how to draw newton's law of cooling graph,Separable Differential Equations,how to,yes,Google search suggestion
how to identify separable differential equations,Separable Differential Equations,how to,yes,Google search suggestion
how to identify variable separable differential equations,Separable Differential Equations,how to,yes,Google search suggestion
how to integrate newton's law of cooling,Separable Differential Equations,how to,yes,Google search suggestion
how to integrate non separable differential equations,Separable Differential Equations,how to,yes,Google search suggestion
how to separable differential equations,Separable Differential Equations,how to,yes,Google search suggestion
how to solve first order separable differential equations,Separable Differential Equations,how to,yes,Google search suggestion
how to solve newton's law of cooling,Separable Differential Equations,how to,yes,Google search suggestion
how to solve non separable differential equations,Separable Differential Equations,how to,yes,Google search suggestion
how to solve separable diff eq,Separable Differential Equations,how to,yes,Google search suggestion
how to solve separable differential equations,Separable Differential Equations,how to,yes,Google search suggestion
how to solve separable differential equations with initial conditions,Separable Differential Equations,how to,yes,Google search suggestion
how to solve variable separable differential equations,Separable Differential Equations,how to,yes,Google search suggestion
how to use newton's law of cooling,Separable Differential Equations,how to,yes,Google search suggestion
how to use newton's law of cooling for heating,Separable Differential Equations,how to,yes,Google search suggestion
newton law of cooling formula approximation,Separable Differential Equations,formula,yes,Google search suggestion
newton's law of cooling,Separable Differential Equations,topic,yes,Google search suggestion
newton's law of cooling and heating,Separable Differential Equations,topic,yes,Google search suggestion
newton's law of cooling and heating example problems with solutions,Separable Differential Equations,practice,yes,Google search suggestion
newton's law of cooling calculus,Separable Differential Equations,topic,yes,Google search suggestion
newton's law of cooling calculus example problems differential equations,Separable Differential Equations,practice,yes,Google search suggestion
newton's law of cooling coffee example,Separable Differential Equations,examples,yes,Google search suggestion
newton's law of cooling common mistakes,Separable Differential Equations,examples,yes,added: the page answers this
newton's law of cooling conditions,Separable Differential Equations,topic,yes,Google search suggestion
newton's law of cooling convection,Separable Differential Equations,topic,yes,Google search suggestion
newton's law of cooling definition,Separable Differential Equations,definition,yes,Google search suggestion
newton's law of cooling derivation,Separable Differential Equations,proof,yes,Google search suggestion
newton's law of cooling differential equation,Separable Differential Equations,formula,yes,Google search suggestion
newton's law of cooling differential equation sample problems,Separable Differential Equations,practice,yes,Google search suggestion
newton's law of cooling example differential equation,Separable Differential Equations,examples,yes,Google search suggestion
newton's law of cooling example problems,Separable Differential Equations,practice,yes,Google search suggestion
newton's law of cooling example problems with solutions,Separable Differential Equations,practice,yes,Google search suggestion
newton's law of cooling examples,Separable Differential Equations,examples,yes,Google search suggestion
newton's law of cooling examples with solutions,Separable Differential Equations,practice,yes,Google search suggestion
newton's law of cooling experiment explanation,Separable Differential Equations,definition,yes,Google search suggestion
newton's law of cooling explained,Separable Differential Equations,definition,yes,Google search suggestion
newton's law of cooling explained simply,Separable Differential Equations,definition,yes,added: the page answers this
newton's law of cooling explanation,Separable Differential Equations,definition,yes,Google search suggestion
newton's law of cooling for beginners,Separable Differential Equations,definition,yes,added: the page answers this
newton's law of cooling for convection,Separable Differential Equations,topic,yes,Google search suggestion
newton's law of cooling for convection heat transfer,Separable Differential Equations,topic,yes,Google search suggestion
newton's law of cooling formula,Separable Differential Equations,formula,yes,Google search suggestion
newton's law of cooling formula average,Separable Differential Equations,formula,yes,Google search suggestion
newton's law of cooling formula derivation,Separable Differential Equations,proof,yes,Google search suggestion
newton's law of cooling formula example,Separable Differential Equations,examples,yes,Google search suggestion
newton's law of cooling formula explained,Separable Differential Equations,definition,yes,Google search suggestion
newton's law of cooling formula for numerical,Separable Differential Equations,formula,yes,Google search suggestion
newton's law of cooling formula in heat transfer,Separable Differential Equations,formula,yes,Google search suggestion
newton's law of cooling formula neet,Separable Differential Equations,formula,yes,Google search suggestion
newton's law of cooling formula simple,Separable Differential Equations,definition,yes,Google search suggestion
newton's law of cooling in which chapter,Separable Differential Equations,topic,yes,Google search suggestion
newton's law of cooling practice problems,Separable Differential Equations,practice,yes,Google search suggestion
newton's law of cooling practice problems with answers,Separable Differential Equations,practice,yes,added: the page answers this
newton's law of cooling practice problems with hints,Separable Differential Equations,practice,yes,added: the page answers this
newton's law of cooling problem solving,Separable Differential Equations,practice,yes,Google search suggestion
newton's law of cooling problems,Separable Differential Equations,practice,yes,Google search suggestion
newton's law of cooling problems and solutions,Separable Differential Equations,practice,yes,Google search suggestion
newton's law of cooling problems differential equations,Separable Differential Equations,practice,yes,Google search suggestion
newton's law of cooling questions,Separable Differential Equations,practice,yes,Google search suggestion
newton's law of cooling questions and answers,Separable Differential Equations,practice,yes,Google search suggestion
newton's law of cooling questions neet,Separable Differential Equations,practice,yes,Google search suggestion
newton's law of cooling quiz,Separable Differential Equations,practice,yes,added: the page answers this
newton's law of cooling real life examples,Separable Differential Equations,examples,yes,Google search suggestion
newton's law of cooling sample problems,Separable Differential Equations,practice,yes,Google search suggestion
newton's law of cooling short definition,Separable Differential Equations,definition,yes,Google search suggestion
newton's law of cooling simple definition,Separable Differential Equations,definition,yes,Google search suggestion
newton's law of cooling step by step,Separable Differential Equations,examples,yes,added: the page answers this
newton's law of cooling with changing ambient temperature,Separable Differential Equations,topic,yes,Google search suggestion
newton's law of cooling with derivation,Separable Differential Equations,proof,yes,Google search suggestion
newton's law of cooling with example,Separable Differential Equations,examples,yes,Google search suggestion
newton's law of cooling with formula,Separable Differential Equations,formula,yes,Google search suggestion
newton's law of cooling with graph,Separable Differential Equations,topic,yes,Google search suggestion
newton's law of cooling worked example,Separable Differential Equations,examples,yes,added: the page answers this
non separable differential equations,Separable Differential Equations,topic,yes,Google search suggestion
non separable differential equations examples,Separable Differential Equations,examples,yes,Google search suggestion
non separable differential equations formula,Separable Differential Equations,formula,yes,Google search suggestion
separable diff eq form,Separable Differential Equations,topic,yes,Google search suggestion
separable differential equation general form,Separable Differential Equations,formula,yes,Google search suggestion
separable differential equation sample problems,Separable Differential Equations,practice,yes,Google search suggestion
separable differential equation standard form,Separable Differential Equations,formula,yes,Google search suggestion
separable differential equations,Separable Differential Equations,topic,yes,Google search suggestion
separable differential equations calc 2,Separable Differential Equations,topic,yes,Google search suggestion
separable differential equations common mistakes,Separable Differential Equations,examples,yes,added: the page answers this
separable differential equations definition,Separable Differential Equations,definition,yes,Google search suggestion
separable differential equations examples,Separable Differential Equations,examples,yes,Google search suggestion
separable differential equations examples with answers,Separable Differential Equations,practice,yes,Google search suggestion
separable differential equations exercises,Separable Differential Equations,practice,yes,Google search suggestion
separable differential equations explained,Separable Differential Equations,definition,yes,Google search suggestion
separable differential equations explained simply,Separable Differential Equations,definition,yes,added: the page answers this
separable differential equations for beginners,Separable Differential Equations,definition,yes,added: the page answers this
separable differential equations form,Separable Differential Equations,topic,yes,Google search suggestion
separable differential equations formula,Separable Differential Equations,formula,yes,Google search suggestion
separable differential equations general solution,Separable Differential Equations,topic,yes,Google search suggestion
separable differential equations particular solution,Separable Differential Equations,topic,yes,Google search suggestion
separable differential equations practice,Separable Differential Equations,practice,yes,Google search suggestion
separable differential equations practice problems,Separable Differential Equations,practice,yes,Google search suggestion
separable differential equations practice problems with answers,Separable Differential Equations,practice,yes,added: the page answers this
separable differential equations practice problems with hints,Separable Differential Equations,practice,yes,added: the page answers this
separable differential equations problems,Separable Differential Equations,practice,yes,Google search suggestion
separable differential equations problems and solutions,Separable Differential Equations,practice,yes,Google search suggestion
separable differential equations quiz,Separable Differential Equations,practice,yes,added: the page answers this
separable differential equations solution,Separable Differential Equations,topic,yes,Google search suggestion
separable differential equations step by step,Separable Differential Equations,examples,yes,added: the page answers this
separable differential equations with initial conditions,Separable Differential Equations,topic,yes,Google search suggestion
separable differential equations with ln,Separable Differential Equations,topic,yes,Google search suggestion
separable differential equations worked example,Separable Differential Equations,examples,yes,added: the page answers this
solving separable differential equations with initial conditions,Separable Differential Equations,topic,yes,Google search suggestion
variable separable differential equation practice problems,Separable Differential Equations,practice,yes,Google search suggestion
variable separable differential equation sample problems,Separable Differential Equations,practice,yes,Google search suggestion
variable separable differential equation sample problems with solutions,Separable Differential Equations,practice,yes,Google search suggestion
what does separable differential equation mean,Separable Differential Equations,definition,yes,Google search suggestion
what is a non separable differential equation,Separable Differential Equations,definition,yes,Google search suggestion
what is a separable differential equation,Separable Differential Equations,definition,yes,Google search suggestion
what is newton's law of cooling,Separable Differential Equations,definition,yes,Google search suggestion
what is newton's law of cooling constant,Separable Differential Equations,definition,yes,Google search suggestion
what is newton's law of cooling definition,Separable Differential Equations,definition,yes,Google search suggestion
what is newton's law of cooling equation,Separable Differential Equations,definition,yes,Google search suggestion
what is newton's law of cooling formula,Separable Differential Equations,definition,yes,Google search suggestion
what is newton's law of cooling in heat transfer,Separable Differential Equations,definition,yes,Google search suggestion
what is newton's law of cooling in simple words,Separable Differential Equations,definition,yes,Google search suggestion
what is newton's law of cooling used for,Separable Differential Equations,definition,yes,Google search suggestion
what is separable differential equations,Separable Differential Equations,definition,yes,Google search suggestion
what is variable separable differential equation,Separable Differential Equations,definition,yes,Google search suggestion
when to use separable differential equations,Separable Differential Equations,how to,yes,Google search suggestion
newton's law of cooling calculator,Separable Differential Equations,tool,no: wants a calculator or tool,Google search suggestion
newton's law of cooling class 11 definition,Separable Differential Equations,specific source,"no: wants a specific source, video or file",Google search suggestion
newton's law of cooling explanation in tamil,Separable Differential Equations,other language,no: wants it in another language,Google search suggestion
newton's law of cooling formula class 11,Separable Differential Equations,specific source,"no: wants a specific source, video or file",Google search suggestion
newton's law of cooling formula jee,Separable Differential Equations,specific source,"no: wants a specific source, video or file",Google search suggestion
newton's law of cooling in hindi,Separable Differential Equations,other language,no: wants it in another language,Google search suggestion
newton's law of cooling in jee mains syllabus,Separable Differential Equations,specific source,"no: wants a specific source, video or file",Google search suggestion
newton's law of cooling in which chapter class 11,Separable Differential Equations,specific source,"no: wants a specific source, video or file",Google search suggestion
newton's law of cooling meaning in hindi,Separable Differential Equations,other language,no: wants it in another language,Google search suggestion
newton's law of cooling problems and solutions pdf,Separable Differential Equations,specific source,"no: wants a specific source, video or file",Google search suggestion
newton's law of cooling questions and answers pdf,Separable Differential Equations,specific source,"no: wants a specific source, video or file",Google search suggestion
newton's law of cooling questions class 11,Separable Differential Equations,specific source,"no: wants a specific source, video or file",Google search suggestion
newton's law of cooling vs fourier's law,Separable Differential Equations,other subject,no: a different subject,Google search suggestion
separable differential equations calculator,Separable Differential Equations,tool,no: wants a calculator or tool,Google search suggestion
separable differential equations calculator with steps,Separable Differential Equations,tool,no: wants a calculator or tool,Google search suggestion
separable differential equations examples pdf,Separable Differential Equations,specific source,"no: wants a specific source, video or file",Google search suggestion
separable differential equations examples with answers pdf,Separable Differential Equations,specific source,"no: wants a specific source, video or file",Google search suggestion
separable differential equations khan academy,Separable Differential Equations,specific source,"no: wants a specific source, video or file",Google search suggestion
separable differential equations pdf,Separable Differential Equations,specific source,"no: wants a specific source, video or file",Google search suggestion
separable differential equations practice pdf,Separable Differential Equations,specific source,"no: wants a specific source, video or file",Google search suggestion
separable differential equations practice problems pdf,Separable Differential Equations,specific source,"no: wants a specific source, video or file",Google search suggestion
separable differential equations practice problems with solutions pdf,Separable Differential Equations,specific source,"no: wants a specific source, video or file",Google search suggestion
separable differential equations problems and solutions pdf,Separable Differential Equations,specific source,"no: wants a specific source, video or file",Google search suggestion
separable differential equations solver,Separable Differential Equations,tool,no: wants a calculator or tool,Google search suggestion
separable differential equations worksheet,Separable Differential Equations,specific source,"no: wants a specific source, video or file",Google search suggestion
separable differential equations worksheet with answers,Separable Differential Equations,specific source,"no: wants a specific source, video or file",Google search suggestion
what is newton's law of cooling class 11,Separable Differential Equations,specific source,"no: wants a specific source, video or file",Google search suggestion
what is newton's law of cooling class 12,Separable Differential Equations,specific source,"no: wants a specific source, video or file",Google search suggestion
2nd order differential equation formula,Linear Second-Order DEs,formula,yes,Google search suggestion
characteristic eq formula,Linear Second-Order DEs,formula,yes,Google search suggestion
characteristic equation,Linear Second-Order DEs,topic,yes,Google search suggestion
characteristic equation common mistakes,Linear Second-Order DEs,examples,yes,added: the page answers this
characteristic equation diff eq,Linear Second-Order DEs,topic,yes,Google search suggestion
characteristic equation example,Linear Second-Order DEs,examples,yes,Google search suggestion
characteristic equation examples,Linear Second-Order DEs,examples,yes,Google search suggestion
characteristic equation explained,Linear Second-Order DEs,definition,yes,Google search suggestion
characteristic equation explained simply,Linear Second-Order DEs,definition,yes,added: the page answers this
characteristic equation for 2x2 matrix,Linear Second-Order DEs,topic,yes,Google search suggestion
characteristic equation for beginners,Linear Second-Order DEs,definition,yes,added: the page answers this
characteristic equation formula,Linear Second-Order DEs,formula,yes,Google search suggestion
characteristic equation formula for 2x2 matrix,Linear Second-Order DEs,formula,yes,Google search suggestion
characteristic equation in control system,Linear Second-Order DEs,topic,yes,Google search suggestion
characteristic equation meaning,Linear Second-Order DEs,definition,yes,Google search suggestion
characteristic equation method,Linear Second-Order DEs,topic,yes,Google search suggestion
characteristic equation ode,Linear Second-Order DEs,topic,yes,Google search suggestion
characteristic equation of a differential equation,Linear Second-Order DEs,formula,yes,Google search suggestion
characteristic equation of matrix,Linear Second-Order DEs,topic,yes,Google search suggestion
characteristic equation of matrix 2x2,Linear Second-Order DEs,topic,yes,Google search suggestion
characteristic equation of matrix examples,Linear Second-Order DEs,examples,yes,Google search suggestion
characteristic equation of matrix problems,Linear Second-Order DEs,practice,yes,Google search suggestion
characteristic equation practice problems with answers,Linear Second-Order DEs,practice,yes,added: the page answers this
characteristic equation practice problems with hints,Linear Second-Order DEs,practice,yes,added: the page answers this
characteristic equation problems,Linear Second-Order DEs,practice,yes,Google search suggestion
characteristic equation quiz,Linear Second-Order DEs,practice,yes,added: the page answers this
characteristic equation roots formula,Linear Second-Order DEs,formula,yes,Google search suggestion
characteristic equation step by step,Linear Second-Order DEs,examples,yes,added: the page answers this
characteristic equation with complex roots,Linear Second-Order DEs,topic,yes,Google search suggestion
characteristic equation with imaginary roots,Linear Second-Order DEs,topic,yes,Google search suggestion
characteristic equation with repeated roots,Linear Second-Order DEs,topic,yes,Google search suggestion
characteristic equation with trace,Linear Second-Order DEs,topic,yes,Google search suggestion
characteristic equation worked example,Linear Second-Order DEs,examples,yes,added: the page answers this
characteristic polynomial explained,Linear Second-Order DEs,definition,yes,Google search suggestion
characteristic polynomial formula,Linear Second-Order DEs,formula,yes,Google search suggestion
characteristic polynomial formula 2x2,Linear Second-Order DEs,formula,yes,Google search suggestion
characteristic polynomial formula trace,Linear Second-Order DEs,formula,yes,Google search suggestion
first order difference equation formula,Linear Second-Order DEs,formula,yes,Google search suggestion
first order differential equation examples and solutions,Linear Second-Order DEs,examples,yes,Google search suggestion
first order differential equation form,Linear Second-Order DEs,formula,yes,Google search suggestion
first order differential equation formula sheet,Linear Second-Order DEs,formula,yes,Google search suggestion
first order differential equation practice problems with answers,Linear Second-Order DEs,practice,yes,Google search suggestion
first order differential equation sample problems,Linear Second-Order DEs,practice,yes,Google search suggestion
first order homogeneous differential equation practice problems,Linear Second-Order DEs,practice,yes,Google search suggestion
first order linear equations formula,Linear Second-Order DEs,formula,yes,Google search suggestion
general formula for second order differential equations,Linear Second-Order DEs,formula,yes,Google search suggestion
how to do second order differential equations,Linear Second-Order DEs,how to,yes,Google search suggestion
how to find characteristic equation,Linear Second-Order DEs,how to,yes,Google search suggestion
how to find characteristic equation of a 2x2 matrix,Linear Second-Order DEs,how to,yes,Google search suggestion
how to solve characteristic equation,Linear Second-Order DEs,how to,yes,Google search suggestion
how to solve second order differential equations,Linear Second-Order DEs,how to,yes,Google search suggestion
how to solve second order differential equations homogeneous,Linear Second-Order DEs,how to,yes,Google search suggestion
how to solve second order differential equations nonhomogeneous,Linear Second-Order DEs,how to,yes,Google search suggestion
how to solve second order differential equations with constant coefficients,Linear Second-Order DEs,how to,yes,Google search suggestion
how to solve second order differential equations with initial values,Linear Second-Order DEs,how to,yes,Google search suggestion
how to solve second order differential equations with nonconstant coefficients,Linear Second-Order DEs,how to,yes,Google search suggestion
how to solve second order differential equations with variable coefficients,Linear Second-Order DEs,how to,yes,Google search suggestion
how to write characteristic equation,Linear Second-Order DEs,how to,yes,Google search suggestion
how to write characteristic equation of matrix,Linear Second-Order DEs,how to,yes,Google search suggestion
matrix characteristic equation formula,Linear Second-Order DEs,formula,yes,Google search suggestion
second order difference equation example,Linear Second-Order DEs,examples,yes,Google search suggestion
second order differential equation for simple harmonic motion,Linear Second-Order DEs,definition,yes,Google search suggestion
second order differential equation forms,Linear Second-Order DEs,formula,yes,Google search suggestion
second order differential equation solution form,Linear Second-Order DEs,formula,yes,Google search suggestion
second order differential equation solution formula,Linear Second-Order DEs,formula,yes,Google search suggestion
second order differential equation solution methods,Linear Second-Order DEs,formula,yes,Google search suggestion
second order differential equation solution types,Linear Second-Order DEs,formula,yes,Google search suggestion
second order differential equation with constant coefficients examples,Linear Second-Order DEs,examples,yes,Google search suggestion
second order differential equation with imaginary roots,Linear Second-Order DEs,formula,yes,Google search suggestion
second order differential equation with initial conditions,Linear Second-Order DEs,formula,yes,Google search suggestion
second order differential equation with non constant coefficients,Linear Second-Order DEs,formula,yes,Google search suggestion
second order differential equation with repeated roots,Linear Second-Order DEs,formula,yes,Google search suggestion
second order differential equations,Linear Second-Order DEs,topic,yes,Google search suggestion
second order differential equations common mistakes,Linear Second-Order DEs,examples,yes,added: the page answers this
second order differential equations engineering mathematics,Linear Second-Order DEs,topic,yes,Google search suggestion
second order differential equations examples,Linear Second-Order DEs,examples,yes,Google search suggestion
second order differential equations explained,Linear Second-Order DEs,definition,yes,Google search suggestion
second order differential equations explained simply,Linear Second-Order DEs,definition,yes,added: the page answers this
second order differential equations for beginners,Linear Second-Order DEs,definition,yes,added: the page answers this
second order differential equations formulas,Linear Second-Order DEs,formula,yes,Google search suggestion
second order differential equations general solution,Linear Second-Order DEs,topic,yes,Google search suggestion
second order differential equations meaning,Linear Second-Order DEs,definition,yes,Google search suggestion
second order differential equations practice problems,Linear Second-Order DEs,practice,yes,Google search suggestion
second order differential equations practice problems with answers,Linear Second-Order DEs,practice,yes,added: the page answers this
second order differential equations practice problems with hints,Linear Second-Order DEs,practice,yes,added: the page answers this
second order differential equations problems,Linear Second-Order DEs,practice,yes,Google search suggestion
second order differential equations problems and solutions,Linear Second-Order DEs,practice,yes,Google search suggestion
second order differential equations questions,Linear Second-Order DEs,practice,yes,Google search suggestion
second order differential equations quiz,Linear Second-Order DEs,practice,yes,added: the page answers this
second order differential equations solution,Linear Second-Order DEs,topic,yes,Google search suggestion
second order differential equations solutions,Linear Second-Order DEs,topic,yes,Google search suggestion
second order differential equations step by step,Linear Second-Order DEs,examples,yes,added: the page answers this
second order differential equations with complex roots,Linear Second-Order DEs,topic,yes,Google search suggestion
second order differential equations with constant coefficients,Linear Second-Order DEs,topic,yes,Google search suggestion
second order differential equations with variable coefficients,Linear Second-Order DEs,topic,yes,Google search suggestion
second order differential equations worked example,Linear Second-Order DEs,examples,yes,added: the page answers this
second order homogeneous differential equation practice problems,Linear Second-Order DEs,practice,yes,Google search suggestion
second order linear differential equation practice problems,Linear Second-Order DEs,practice,yes,Google search suggestion
what are second order differential equations used for,Linear Second-Order DEs,definition,yes,Google search suggestion
what is characteristic equation,Linear Second-Order DEs,definition,yes,Google search suggestion
what is characteristic equation in control system,Linear Second-Order DEs,definition,yes,Google search suggestion
what is characteristic equation in differential equation,Linear Second-Order DEs,definition,yes,Google search suggestion
what is characteristic equation in digital electronics,Linear Second-Order DEs,definition,yes,Google search suggestion
what is characteristic equation in linear algebra,Linear Second-Order DEs,definition,yes,Google search suggestion
what is first order difference equation,Linear Second-Order DEs,definition,yes,Google search suggestion
what is first order differential equation with example,Linear Second-Order DEs,examples,yes,Google search suggestion
what is second order difference equation,Linear Second-Order DEs,definition,yes,Google search suggestion
what is second order differential equations,Linear Second-Order DEs,definition,yes,Google search suggestion
what is second order linear differential equation,Linear Second-Order DEs,definition,yes,Google search suggestion
what is second order partial differential equation,Linear Second-Order DEs,definition,yes,Google search suggestion
when to use characteristic equation,Linear Second-Order DEs,how to,yes,Google search suggestion
characteristic equation calculator,Linear Second-Order DEs,tool,no: wants a calculator or tool,Google search suggestion
characteristic equation for 3x3 matrix,Linear Second-Order DEs,other subject,no: a different subject,Google search suggestion
characteristic equation for d flip flop,Linear Second-Order DEs,other subject,no: a different subject,Google search suggestion
characteristic equation for eigenvalues,Linear Second-Order DEs,other subject,no: a different subject,Google search suggestion
characteristic equation for jk flip flop,Linear Second-Order DEs,other subject,no: a different subject,Google search suggestion
characteristic equation for recurrence relation,Linear Second-Order DEs,other subject,no: a different subject,Google search suggestion
characteristic equation for sr flip flop,Linear Second-Order DEs,other subject,no: a different subject,Google search suggestion
characteristic equation for t flip flop,Linear Second-Order DEs,other subject,no: a different subject,Google search suggestion
characteristic equation formula for 3x3 matrix,Linear Second-Order DEs,other subject,no: a different subject,Google search suggestion
characteristic equation in hindi meaning,Linear Second-Order DEs,other language,no: wants it in another language,Google search suggestion
characteristic equation meaning in tamil,Linear Second-Order DEs,other language,no: wants it in another language,Google search suggestion
characteristic equation of a 3x3 matrix,Linear Second-Order DEs,other subject,no: a different subject,Google search suggestion
characteristic equation of a matrix,Linear Second-Order DEs,other subject,no: a different subject,Google search suggestion
characteristic equation of a recurrence relation,Linear Second-Order DEs,other subject,no: a different subject,Google search suggestion
characteristic equation of jk flip flop,Linear Second-Order DEs,other subject,no: a different subject,Google search suggestion
characteristic equation of matrix 3x3,Linear Second-Order DEs,other subject,no: a different subject,Google search suggestion
characteristic equation of sr flip flop,Linear Second-Order DEs,other subject,no: a different subject,Google search suggestion
characteristic equation of t flip flop,Linear Second-Order DEs,other subject,no: a different subject,Google search suggestion
characteristic polynomial formula 3x3,Linear Second-Order DEs,other subject,no: a different subject,Google search suggestion
first order differential equation for rc circuit,Linear Second-Order DEs,other subject,no: a different subject,Google search suggestion
first order differential equation for rl circuit,Linear Second-Order DEs,other subject,no: a different subject,Google search suggestion
how to find characteristic equation of a 3x3 matrix,Linear Second-Order DEs,other subject,no: a different subject,Google search suggestion
how to find characteristic equation of a matrix,Linear Second-Order DEs,other subject,no: a different subject,Google search suggestion
how to find characteristic equation of a recurrence relation,Linear Second-Order DEs,other subject,no: a different subject,Google search suggestion
how to plot second order differential equations in matlab,Linear Second-Order DEs,other subject,no: a different subject,Google search suggestion
how to solve characteristic equation for eigenvalues,Linear Second-Order DEs,other subject,no: a different subject,Google search suggestion
how to solve characteristic equation in calculator,Linear Second-Order DEs,tool,no: wants a calculator or tool,Google search suggestion
how to solve second order differential equations in matlab,Linear Second-Order DEs,other subject,no: a different subject,Google search suggestion
second order differential equation examples pdf,Linear Second-Order DEs,specific source,"no: wants a specific source, video or file",Google search suggestion
second order differential equation for rlc circuit,Linear Second-Order DEs,other subject,no: a different subject,Google search suggestion
second order differential equation solution calculator,Linear Second-Order DEs,tool,no: wants a calculator or tool,Google search suggestion
second order differential equation solution pdf,Linear Second-Order DEs,specific source,"no: wants a specific source, video or file",Google search suggestion
second order differential equation with constant coefficients pdf,Linear Second-Order DEs,specific source,"no: wants a specific source, video or file",Google search suggestion
second order differential equation with variable coefficients pdf,Linear Second-Order DEs,specific source,"no: wants a specific source, video or file",Google search suggestion
second order differential equations in physics,Linear Second-Order DEs,other subject,no: a different subject,Google search suggestion
second order differential equations pdf,Linear Second-Order DEs,specific source,"no: wants a specific source, video or file",Google search suggestion
second order differential equations problems and solutions pdf,Linear Second-Order DEs,specific source,"no: wants a specific source, video or file",Google search suggestion
second order differential equations problems and solutions pdf download,Linear Second-Order DEs,specific source,"no: wants a specific source, video or file",Google search suggestion
what is a characteristic equation of a matrix,Linear Second-Order DEs,other subject,no: a different subject,Google search suggestion
what is characteristic equation in recurrence relation,Linear Second-Order DEs,other subject,no: a different subject,Google search suggestion
what is characteristic equation of a matrix,Linear Second-Order DEs,other subject,no: a different subject,Google search suggestion
what is characteristic equation of flip flops,Linear Second-Order DEs,other subject,no: a different subject,Google search suggestion
what is characteristic equation of jk flip flop,Linear Second-Order DEs,other subject,no: a different subject,Google search suggestion
what is characteristic equation of sr flip flop,Linear Second-Order DEs,other subject,no: a different subject,Google search suggestion
direction and distance formula,Direction Fields,formula,yes,Google search suggestion
direction and location,Direction Fields,topic,yes,Google search suggestion
direction field,Direction Fields,topic,yes,Google search suggestion
direction field analysis,Direction Fields,topic,yes,Google search suggestion
direction field common mistakes,Direction Fields,examples,yes,added: the page answers this
direction field definition,Direction Fields,definition,yes,Google search suggestion
direction field examples,Direction Fields,examples,yes,Google search suggestion
direction field explained,Direction Fields,definition,yes,Google search suggestion
direction field explained simply,Direction Fields,definition,yes,added: the page answers this
direction field for beginners,Direction Fields,definition,yes,added: the page answers this
direction field for differential equation,Direction Fields,formula,yes,Google search suggestion
direction field graph,Direction Fields,topic,yes,Google search suggestion
direction field of differential equation,Direction Fields,formula,yes,Google search suggestion
direction field of ode,Direction Fields,topic,yes,Google search suggestion
direction field plot,Direction Fields,topic,yes,Google search suggestion
direction field practice problems with answers,Direction Fields,practice,yes,added: the page answers this
direction field practice problems with hints,Direction Fields,practice,yes,added: the page answers this
direction field problems,Direction Fields,practice,yes,Google search suggestion
direction field questions,Direction Fields,practice,yes,Google search suggestion
direction field quiz,Direction Fields,practice,yes,added: the page answers this
direction field step by step,Direction Fields,examples,yes,added: the page answers this
direction field worked example,Direction Fields,examples,yes,added: the page answers this
direction of b field,Direction Fields,topic,yes,Google search suggestion
direction of field,Direction Fields,topic,yes,Google search suggestion
direction of field lines,Direction Fields,topic,yes,Google search suggestion
direction practice questions,Direction Fields,practice,yes,Google search suggestion
finding slope practice problems,Direction Fields,practice,yes,Google search suggestion
formula for direction,Direction Fields,formula,yes,Google search suggestion
how to do slope field problems,Direction Fields,practice,yes,Google search suggestion
how to do slope fields,Direction Fields,how to,yes,Google search suggestion
how to draw direction fields,Direction Fields,how to,yes,Google search suggestion
how to draw slope fields,Direction Fields,how to,yes,Google search suggestion
how to find direction field of differential equation,Direction Fields,how to,yes,Google search suggestion
how to find slope field,Direction Fields,how to,yes,Google search suggestion
how to graph direction field,Direction Fields,how to,yes,Google search suggestion
how to graph slope fields,Direction Fields,how to,yes,Google search suggestion
how to make a slope field,Direction Fields,how to,yes,Google search suggestion
how to plot direction field,Direction Fields,how to,yes,Google search suggestion
how to read direction fields,Direction Fields,how to,yes,Google search suggestion
how to read slope fields,Direction Fields,how to,yes,Google search suggestion
how to sketch direction fields,Direction Fields,how to,yes,Google search suggestion
how to sketch slope fields,Direction Fields,how to,yes,Google search suggestion
how to slope field,Direction Fields,how to,yes,Google search suggestion
how to solve slope field problems,Direction Fields,practice,yes,Google search suggestion
how to solve slope fields,Direction Fields,how to,yes,Google search suggestion
how to the direction field,Direction Fields,how to,yes,Google search suggestion
slope field analysis,Direction Fields,topic,yes,Google search suggestion
slope field common mistakes,Direction Fields,examples,yes,added: the page answers this
slope field definition,Direction Fields,definition,yes,Google search suggestion
slope field definition calculus,Direction Fields,definition,yes,Google search suggestion
slope field equations,Direction Fields,formula,yes,Google search suggestion
slope field example problems,Direction Fields,practice,yes,Google search suggestion
slope field examples,Direction Fields,examples,yes,Google search suggestion
slope field explained,Direction Fields,definition,yes,Google search suggestion
slope field explained simply,Direction Fields,definition,yes,added: the page answers this
slope field for,Direction Fields,topic,yes,Google search suggestion
slope field for beginners,Direction Fields,definition,yes,added: the page answers this
slope field for differential equation,Direction Fields,formula,yes,Google search suggestion
slope field for dy dx,Direction Fields,topic,yes,Google search suggestion
slope field for dy dx x,Direction Fields,topic,yes,Google search suggestion
slope field for dy dx x 1,Direction Fields,topic,yes,Google search suggestion
slope field for dy dx x y,Direction Fields,topic,yes,Google search suggestion
slope field for sinx,Direction Fields,topic,yes,Google search suggestion
slope field for x 2 y 2,Direction Fields,topic,yes,Google search suggestion
slope field for x y,Direction Fields,topic,yes,Google search suggestion
slope field for y'=y^2,Direction Fields,topic,yes,Google search suggestion
slope field formula,Direction Fields,formula,yes,Google search suggestion
slope field graph,Direction Fields,topic,yes,Google search suggestion
slope field of,Direction Fields,topic,yes,Google search suggestion
slope field of cosx,Direction Fields,topic,yes,Google search suggestion
slope field of dy dx x y,Direction Fields,topic,yes,Google search suggestion
slope field of e x,Direction Fields,topic,yes,Google search suggestion
slope field of lnx,Direction Fields,topic,yes,Google search suggestion
slope field of sinx,Direction Fields,topic,yes,Google search suggestion
slope field of x 2,Direction Fields,topic,yes,Google search suggestion
slope field of x 2 y 2,Direction Fields,topic,yes,Google search suggestion
slope field of x y,Direction Fields,topic,yes,Google search suggestion
slope field practice problems,Direction Fields,practice,yes,Google search suggestion
slope field practice problems with answers,Direction Fields,practice,yes,added: the page answers this
slope field practice problems with hints,Direction Fields,practice,yes,added: the page answers this
slope field problems,Direction Fields,practice,yes,Google search suggestion
slope field problems with solutions,Direction Fields,practice,yes,Google search suggestion
slope field questions,Direction Fields,practice,yes,Google search suggestion
slope field quiz,Direction Fields,practice,yes,added: the page answers this
slope field step by step,Direction Fields,examples,yes,added: the page answers this
slope field worked example,Direction Fields,examples,yes,added: the page answers this
slope fields,Direction Fields,topic,yes,Google search suggestion
slope fields calculus,Direction Fields,topic,yes,Google search suggestion
slope practice problems with answers,Direction Fields,practice,yes,Google search suggestion
what are direction fields,Direction Fields,definition,yes,Google search suggestion
what are slope fields used for,Direction Fields,definition,yes,Google search suggestion
what does a slope field show,Direction Fields,definition,yes,Google search suggestion
what is a direction field,Direction Fields,definition,yes,Google search suggestion
what is a slope field,Direction Fields,definition,yes,Google search suggestion
what is a slope field in calculus,Direction Fields,definition,yes,Google search suggestion
what is direction field,Direction Fields,definition,yes,Google search suggestion
what is direction field in differential equation,Direction Fields,definition,yes,Google search suggestion
what is direction of field lines,Direction Fields,definition,yes,Google search suggestion
what is slope area,Direction Fields,definition,yes,Google search suggestion
what is slope area method,Direction Fields,definition,yes,Google search suggestion
what is slope field,Direction Fields,definition,yes,Google search suggestion
what is slope field for the differential equation,Direction Fields,definition,yes,Google search suggestion
what is the slope field for dy dx xy,Direction Fields,definition,yes,Google search suggestion
what is the slope field of x y,Direction Fields,definition,yes,Google search suggestion
direction field calculator,Direction Fields,tool,no: wants a calculator or tool,Google search suggestion
direction field desmos,Direction Fields,tool,no: wants a calculator or tool,Google search suggestion
direction field differential equation plotter,Direction Fields,specific source,"no: wants a specific source, video or file",Google search suggestion
direction field generator,Direction Fields,tool,no: wants a calculator or tool,Google search suggestion
direction field geogebra,Direction Fields,tool,no: wants a calculator or tool,Google search suggestion
direction field grapher,Direction Fields,specific source,"no: wants a specific source, video or file",Google search suggestion
direction field in desmos,Direction Fields,tool,no: wants a calculator or tool,Google search suggestion
direction field in geogebra,Direction Fields,tool,no: wants a calculator or tool,Google search suggestion
direction field in matlab,Direction Fields,other subject,no: a different subject,Google search suggestion
direction field of differential equation plotter,Direction Fields,specific source,"no: wants a specific source, video or file",Google search suggestion
direction field plotter,Direction Fields,specific source,"no: wants a specific source, video or file",Google search suggestion
direction of electric field formula,Direction Fields,other subject,no: a different subject,Google search suggestion
direction of field lines inside a magnet,Direction Fields,other subject,no: a different subject,Google search suggestion
direction of resultant electric field formula,Direction Fields,other subject,no: a different subject,Google search suggestion
how to direction of magnetic field,Direction Fields,other subject,no: a different subject,Google search suggestion
how to do slope fields on desmos,Direction Fields,tool,no: wants a calculator or tool,Google search suggestion
how to graph slope fields on desmos,Direction Fields,tool,no: wants a calculator or tool,Google search suggestion
magnetic field direction formula,Direction Fields,other subject,no: a different subject,Google search suggestion
slope field calculator,Direction Fields,tool,no: wants a calculator or tool,Google search suggestion
slope field desmos,Direction Fields,tool,no: wants a calculator or tool,Google search suggestion
slope field generator,Direction Fields,tool,no: wants a calculator or tool,Google search suggestion
slope field generator with solution curve,Direction Fields,tool,no: wants a calculator or tool,Google search suggestion
slope field grapher,Direction Fields,specific source,"no: wants a specific source, video or file",Google search suggestion
slope field plotter,Direction Fields,specific source,"no: wants a specific source, video or file",Google search suggestion
slope field practice problems and solutions pdf,Direction Fields,specific source,"no: wants a specific source, video or file",Google search suggestion
slope field questions pdf,Direction Fields,specific source,"no: wants a specific source, video or file",Google search suggestion
slope field with desmos,Direction Fields,tool,no: wants a calculator or tool,Google search suggestion
what direction is wrigley field facing,Direction Fields,other subject,no: a different subject,Google search suggestion
what is direction electric field,Direction Fields,other subject,no: a different subject,Google search suggestion
what is direction magnetic field,Direction Fields,other subject,no: a different subject,Google search suggestion
what is direction of electric field lines,Direction Fields,other subject,no: a different subject,Google search suggestion
what is direction of magnetic field lines,Direction Fields,other subject,no: a different subject,Google search suggestion
euler method examples with solutions,Euler's Method,practice,yes,Google search suggestion
euler method formula differential equation,Euler's Method,formula,yes,Google search suggestion
euler method formula in numerical analysis,Euler's Method,formula,yes,Google search suggestion
euler method in numerical analysis,Euler's Method,topic,yes,Google search suggestion
euler method to solve differential equation,Euler's Method,formula,yes,Google search suggestion
euler's method,Euler's Method,topic,yes,Google search suggestion
euler's method calc bc,Euler's Method,topic,yes,Google search suggestion
euler's method calculus,Euler's Method,topic,yes,Google search suggestion
euler's method common mistakes,Euler's Method,examples,yes,added: the page answers this
euler's method definition,Euler's Method,definition,yes,Google search suggestion
euler's method diff eq,Euler's Method,topic,yes,Google search suggestion
euler's method equation,Euler's Method,formula,yes,Google search suggestion
euler's method example,Euler's Method,examples,yes,Google search suggestion
euler's method example problems,Euler's Method,practice,yes,Google search suggestion
euler's method example question,Euler's Method,practice,yes,Google search suggestion
euler's method example with answer,Euler's Method,examples,yes,Google search suggestion
euler's method examples,Euler's Method,examples,yes,Google search suggestion
euler's method explained,Euler's Method,definition,yes,Google search suggestion
euler's method explained simply,Euler's Method,definition,yes,Google search suggestion
euler's method for beginners,Euler's Method,definition,yes,added: the page answers this
euler's method for numerical integration,Euler's Method,topic,yes,Google search suggestion
euler's method for ode,Euler's Method,topic,yes,Google search suggestion
euler's method for solving ode,Euler's Method,topic,yes,Google search suggestion
euler's method formula,Euler's Method,formula,yes,Google search suggestion
euler's method formula ap calc bc,Euler's Method,formula,yes,Google search suggestion
euler's method formula calc bc,Euler's Method,formula,yes,Google search suggestion
euler's method formula explained,Euler's Method,definition,yes,Google search suggestion
euler's method formula in numerical methods,Euler's Method,formula,yes,Google search suggestion
euler's method formula simple,Euler's Method,definition,yes,Google search suggestion
euler's method ode,Euler's Method,topic,yes,Google search suggestion
euler's method ode formula,Euler's Method,formula,yes,Google search suggestion
euler's method practice,Euler's Method,practice,yes,Google search suggestion
euler's method practice problems,Euler's Method,practice,yes,Google search suggestion
euler's method practice problems with answers,Euler's Method,practice,yes,Google search suggestion
euler's method practice problems with hints,Euler's Method,practice,yes,added: the page answers this
euler's method practice questions,Euler's Method,practice,yes,Google search suggestion
euler's method problems,Euler's Method,practice,yes,Google search suggestion
euler's method problems and solutions,Euler's Method,practice,yes,Google search suggestion
euler's method quiz,Euler's Method,practice,yes,added: the page answers this
euler's method solved examples,Euler's Method,examples,yes,Google search suggestion
euler's method step by step,Euler's Method,examples,yes,added: the page answers this
euler's method step size,Euler's Method,topic,yes,Google search suggestion
euler's method summary,Euler's Method,topic,yes,Google search suggestion
euler's method table formula,Euler's Method,formula,yes,Google search suggestion
euler's method with table,Euler's Method,formula,yes,Google search suggestion
euler's method with two steps,Euler's Method,examples,yes,Google search suggestion
euler's method worked example,Euler's Method,examples,yes,added: the page answers this
forward euler method explained,Euler's Method,definition,yes,Google search suggestion
how does euler's method work,Euler's Method,how to,yes,Google search suggestion
how to do euler's method on ti 84,Euler's Method,how to,yes,Google search suggestion
how to do euler's method on ti 84 plus ce,Euler's Method,how to,yes,Google search suggestion
how to use euler's method,Euler's Method,how to,yes,Google search suggestion
improved euler's method examples,Euler's Method,examples,yes,Google search suggestion
improved euler's method explained,Euler's Method,definition,yes,Google search suggestion
modified euler method examples,Euler's Method,examples,yes,Google search suggestion
modified euler's method problems,Euler's Method,practice,yes,Google search suggestion
what is euler method in numerical analysis,Euler's Method,definition,yes,Google search suggestion
what is euler's method,Euler's Method,definition,yes,Google search suggestion
what is euler's method in mathematics,Euler's Method,definition,yes,Google search suggestion
what is euler's method used for,Euler's Method,definition,yes,Google search suggestion
what is euler's method used for in real life,Euler's Method,definition,yes,Google search suggestion
what is the euler's method,Euler's Method,definition,yes,Google search suggestion
when to use euler's method,Euler's Method,how to,yes,Google search suggestion
euler's method calculator,Euler's Method,tool,no: wants a calculator or tool,Google search suggestion
euler's method hidden figures,Euler's Method,other subject,no: a different subject,Google search suggestion
euler's method on ti nspire,Euler's Method,specific source,"no: wants a specific source, video or file",Google search suggestion
euler's method practice pdf,Euler's Method,specific source,"no: wants a specific source, video or file",Google search suggestion
euler's method practice problems pdf,Euler's Method,specific source,"no: wants a specific source, video or file",Google search suggestion
euler's method problems and solutions pdf,Euler's Method,specific source,"no: wants a specific source, video or file",Google search suggestion
euler's method problems pdf,Euler's Method,specific source,"no: wants a specific source, video or file",Google search suggestion
euler's method pronunciation,Euler's Method,other subject,no: a different subject,Google search suggestion
euler's method solved examples pdf,Euler's Method,specific source,"no: wants a specific source, video or file",Google search suggestion
hidden figures euler's method explained,Euler's Method,other subject,no: a different subject,Google search suggestion
how to do euler's method in excel,Euler's Method,other subject,no: a different subject,Google search suggestion
how to do euler's method on calculator,Euler's Method,tool,no: wants a calculator or tool,Google search suggestion
how to do euler's method on ti nspire,Euler's Method,specific source,"no: wants a specific source, video or file",Google search suggestion
how to do euler's method on ti nspire cx ii,Euler's Method,specific source,"no: wants a specific source, video or file",Google search suggestion
how to pronounce euler's method,Euler's Method,other subject,no: a different subject,Google search suggestion
what is euler's method in hidden figures,Euler's Method,other subject,no: a different subject,Google search suggestion
chain rule for multivariable functions,Functions of Several Variables,formula,yes,Google search suggestion
continuity of multivariable functions examples,Functions of Several Variables,examples,yes,Google search suggestion
difference between level curves and contour curve,Functions of Several Variables,topic,yes,Google search suggestion
first derivative test for multivariable functions,Functions of Several Variables,practice,yes,Google search suggestion
how to differentiate multivariable functions,Functions of Several Variables,how to,yes,Google search suggestion
how to do level curves,Functions of Several Variables,how to,yes,Google search suggestion
how to draw level curves,Functions of Several Variables,how to,yes,Google search suggestion
how to draw level curves of a function,Functions of Several Variables,how to,yes,Google search suggestion
how to find level curves,Functions of Several Variables,how to,yes,Google search suggestion
how to find level curves of a function,Functions of Several Variables,how to,yes,Google search suggestion
how to graph level curves,Functions of Several Variables,how to,yes,Google search suggestion
how to graph multivariable functions,Functions of Several Variables,how to,yes,Google search suggestion
how to graph multivariable functions ti 84,Functions of Several Variables,how to,yes,Google search suggestion
how to integrate multivariable functions,Functions of Several Variables,how to,yes,Google search suggestion
how to level curve of spee,Functions of Several Variables,how to,yes,Google search suggestion
how to level curved saddle,Functions of Several Variables,how to,yes,Google search suggestion
how to maximize multivariable function,Functions of Several Variables,how to,yes,Google search suggestion
how to prove multivariable function is differentiable,Functions of Several Variables,proof,yes,Google search suggestion
how to sketch level curves,Functions of Several Variables,how to,yes,Google search suggestion
how to sketch level curves calc 3,Functions of Several Variables,how to,yes,Google search suggestion
how to sketch multivariable functions,Functions of Several Variables,how to,yes,Google search suggestion
l hopital's rule for multivariable functions,Functions of Several Variables,formula,yes,Google search suggestion
level curves,Functions of Several Variables,topic,yes,Google search suggestion
level curves and contour maps,Functions of Several Variables,topic,yes,Google search suggestion
level curves and contour plots,Functions of Several Variables,topic,yes,Google search suggestion
level curves and gradients,Functions of Several Variables,topic,yes,Google search suggestion
level curves and level sets,Functions of Several Variables,topic,yes,Google search suggestion
level curves and surfaces,Functions of Several Variables,topic,yes,Google search suggestion
level curves calc 3,Functions of Several Variables,topic,yes,Google search suggestion
level curves common mistakes,Functions of Several Variables,examples,yes,added: the page answers this
level curves definition,Functions of Several Variables,definition,yes,Google search suggestion
level curves equation,Functions of Several Variables,formula,yes,Google search suggestion
level curves examples,Functions of Several Variables,examples,yes,Google search suggestion
level curves explained,Functions of Several Variables,definition,yes,Google search suggestion
level curves explained simply,Functions of Several Variables,definition,yes,added: the page answers this
level curves for beginners,Functions of Several Variables,definition,yes,added: the page answers this
level curves for xy,Functions of Several Variables,topic,yes,Google search suggestion
level curves for z xy,Functions of Several Variables,topic,yes,Google search suggestion
level curves formula,Functions of Several Variables,formula,yes,Google search suggestion
level curves meaning,Functions of Several Variables,definition,yes,Google search suggestion
level curves multivariable calculus,Functions of Several Variables,topic,yes,Google search suggestion
level curves of a function,Functions of Several Variables,topic,yes,Google search suggestion
level curves of a function of two variables,Functions of Several Variables,topic,yes,Google search suggestion
level curves of a paraboloid,Functions of Several Variables,topic,yes,Google search suggestion
level curves of hyperbolic paraboloid,Functions of Several Variables,topic,yes,Google search suggestion
level curves of mountain,Functions of Several Variables,topic,yes,Google search suggestion
level curves of multivariable functions,Functions of Several Variables,topic,yes,Google search suggestion
level curves of xy,Functions of Several Variables,topic,yes,Google search suggestion
level curves practice problems,Functions of Several Variables,practice,yes,Google search suggestion
level curves practice problems with answers,Functions of Several Variables,practice,yes,added: the page answers this
level curves practice problems with hints,Functions of Several Variables,practice,yes,added: the page answers this
level curves problems,Functions of Several Variables,practice,yes,Google search suggestion
level curves quiz,Functions of Several Variables,practice,yes,added: the page answers this
level curves step by step,Functions of Several Variables,examples,yes,added: the page answers this
level curves worked example,Functions of Several Variables,examples,yes,added: the page answers this
levels vs curves,Functions of Several Variables,topic,yes,Google search suggestion
limits of multivariable functions,Functions of Several Variables,topic,yes,Google search suggestion
limits of multivariable functions practice problems,Functions of Several Variables,practice,yes,Google search suggestion
mean value theorem for multivariable functions,Functions of Several Variables,definition,yes,Google search suggestion
multivariable calculus example problems,Functions of Several Variables,practice,yes,Google search suggestion
multivariable calculus examples,Functions of Several Variables,examples,yes,Google search suggestion
multivariable calculus explained,Functions of Several Variables,definition,yes,Google search suggestion
multivariable calculus for beginners,Functions of Several Variables,topic,yes,Google search suggestion
multivariable calculus for dummies,Functions of Several Variables,definition,yes,Google search suggestion
multivariable calculus for engineers,Functions of Several Variables,topic,yes,Google search suggestion
multivariable calculus for physics,Functions of Several Variables,topic,yes,Google search suggestion
multivariable calculus formula sheet,Functions of Several Variables,formula,yes,Google search suggestion
multivariable calculus formulas,Functions of Several Variables,formula,yes,Google search suggestion
multivariable calculus practice problems,Functions of Several Variables,practice,yes,Google search suggestion
multivariable calculus practice questions,Functions of Several Variables,practice,yes,Google search suggestion
multivariable calculus practice test,Functions of Several Variables,practice,yes,Google search suggestion
multivariable calculus problems,Functions of Several Variables,practice,yes,Google search suggestion
multivariable calculus problems and solutions,Functions of Several Variables,practice,yes,Google search suggestion
multivariable calculus with analytic geometry,Functions of Several Variables,topic,yes,Google search suggestion
multivariable calculus with applications,Functions of Several Variables,topic,yes,Google search suggestion
multivariable calculus with applications lax,Functions of Several Variables,topic,yes,Google search suggestion
multivariable calculus with proofs,Functions of Several Variables,proof,yes,Google search suggestion
multivariable function formula,Functions of Several Variables,formula,yes,Google search suggestion
multivariable functions,Functions of Several Variables,topic,yes,Google search suggestion
multivariable functions and partial derivatives,Functions of Several Variables,topic,yes,Google search suggestion
multivariable functions common mistakes,Functions of Several Variables,examples,yes,added: the page answers this
multivariable functions domain and range,Functions of Several Variables,topic,yes,Google search suggestion
multivariable functions examples,Functions of Several Variables,examples,yes,Google search suggestion
multivariable functions explained simply,Functions of Several Variables,definition,yes,added: the page answers this
multivariable functions for beginners,Functions of Several Variables,definition,yes,added: the page answers this
multivariable functions graph,Functions of Several Variables,topic,yes,Google search suggestion
multivariable functions limits,Functions of Several Variables,topic,yes,Google search suggestion
multivariable functions limits and continuity,Functions of Several Variables,topic,yes,Google search suggestion
multivariable functions practice problems,Functions of Several Variables,practice,yes,Google search suggestion
multivariable functions practice problems with answers,Functions of Several Variables,practice,yes,added: the page answers this
multivariable functions practice problems with hints,Functions of Several Variables,practice,yes,added: the page answers this
multivariable functions quiz,Functions of Several Variables,practice,yes,added: the page answers this
multivariable functions step by step,Functions of Several Variables,examples,yes,added: the page answers this
multivariable functions worked example,Functions of Several Variables,examples,yes,added: the page answers this
partial derivatives for multivariable functions,Functions of Several Variables,topic,yes,Google search suggestion
second derivative test for multivariable functions,Functions of Several Variables,practice,yes,Google search suggestion
what are level curves and surfaces,Functions of Several Variables,definition,yes,Google search suggestion
what are level curves in calculus,Functions of Several Variables,definition,yes,Google search suggestion
what are level curves in calculus 3,Functions of Several Variables,definition,yes,Google search suggestion
what are level curves in multivariable calculus,Functions of Several Variables,definition,yes,Google search suggestion
what are multivariable functions,Functions of Several Variables,definition,yes,Google search suggestion
what do level curves represent,Functions of Several Variables,topic,yes,Google search suggestion
what is level curve of a function,Functions of Several Variables,definition,yes,Google search suggestion
what is level curves,Functions of Several Variables,definition,yes,Google search suggestion
what is multivariable calculus,Functions of Several Variables,definition,yes,Google search suggestion
what is multivariable calculus in college,Functions of Several Variables,definition,yes,Google search suggestion
what is multivariable calculus in high school,Functions of Several Variables,definition,yes,Google search suggestion
what is multivariable calculus used for,Functions of Several Variables,definition,yes,Google search suggestion
what is multivariable calculus with example,Functions of Several Variables,examples,yes,Google search suggestion
what is multivariate functions,Functions of Several Variables,definition,yes,Google search suggestion
what is unlock level curve bg3,Functions of Several Variables,definition,yes,Google search suggestion
how to do multivariable functions in desmos,Functions of Several Variables,tool,no: wants a calculator or tool,Google search suggestion
how to graph multivariable functions in desmos,Functions of Several Variables,tool,no: wants a calculator or tool,Google search suggestion
how to plot multivariable functions in matlab,Functions of Several Variables,other subject,no: a different subject,Google search suggestion
level curves calculator,Functions of Several Variables,tool,no: wants a calculator or tool,Google search suggestion
level curves desmos,Functions of Several Variables,tool,no: wants a calculator or tool,Google search suggestion
level curves grapher,Functions of Several Variables,specific source,"no: wants a specific source, video or file",Google search suggestion
level curves in desmos,Functions of Several Variables,tool,no: wants a calculator or tool,Google search suggestion
level curves in geogebra,Functions of Several Variables,tool,no: wants a calculator or tool,Google search suggestion
level with curved bubble,Functions of Several Variables,other subject,no: a different subject,Google search suggestion
multivariable calculus for dummies pdf,Functions of Several Variables,specific source,"no: wants a specific source, video or file",Google search suggestion
multivariable calculus for economics,Functions of Several Variables,other subject,no: a different subject,Google search suggestion
multivariable calculus for finance,Functions of Several Variables,other subject,no: a different subject,Google search suggestion
multivariable calculus for machine learning,Functions of Several Variables,other subject,no: a different subject,Google search suggestion
multivariable calculus formula sheet pdf,Functions of Several Variables,specific source,"no: wants a specific source, video or file",Google search suggestion
multivariable calculus practice problems pdf,Functions of Several Variables,specific source,"no: wants a specific source, video or file",Google search suggestion
multivariable calculus problems and solutions pdf,Functions of Several Variables,specific source,"no: wants a specific source, video or file",Google search suggestion
multivariable calculus problems book,Functions of Several Variables,specific source,"no: wants a specific source, video or file",Google search suggestion
multivariable calculus problems pdf,Functions of Several Variables,specific source,"no: wants a specific source, video or file",Google search suggestion
multivariable calculus with analytic geometry pdf,Functions of Several Variables,specific source,"no: wants a specific source, video or file",Google search suggestion
multivariable calculus with applications lax pdf,Functions of Several Variables,specific source,"no: wants a specific source, video or file",Google search suggestion
multivariable calculus with applications pdf,Functions of Several Variables,specific source,"no: wants a specific source, video or file",Google search suggestion
multivariable calculus with applications peter lax pdf,Functions of Several Variables,specific source,"no: wants a specific source, video or file",Google search suggestion
multivariable calculus with matlab,Functions of Several Variables,other subject,no: a different subject,Google search suggestion
multivariable calculus with matlab pdf,Functions of Several Variables,other subject,no: a different subject,Google search suggestion
multivariable functions desmos,Functions of Several Variables,tool,no: wants a calculator or tool,Google search suggestion
multivariable functions grapher,Functions of Several Variables,specific source,"no: wants a specific source, video or file",Google search suggestion
multivariable functions pdf,Functions of Several Variables,specific source,"no: wants a specific source, video or file",Google search suggestion
what is a level curve in math,Functions of Several Variables,specific source,"no: wants a specific source, video or file",Google search suggestion
what is level curve in pokemon,Functions of Several Variables,other subject,no: a different subject,Google search suggestion
what is multivariable calculus in chinese,Functions of Several Variables,other language,no: wants it in another language,Google search suggestion
chain rule for partial derivatives,Partial Derivatives,formula,yes,Google search suggestion
chain rule with partial derivatives,Partial Derivatives,formula,yes,Google search suggestion
continuous partial derivatives examples,Partial Derivatives,examples,yes,Google search suggestion
gradient vector of partial derivatives,Partial Derivatives,topic,yes,Google search suggestion
higher order partial derivatives practice problems,Partial Derivatives,practice,yes,Google search suggestion
how do partial derivatives work,Partial Derivatives,how to,yes,Google search suggestion
how to do partial derivatives,Partial Derivatives,how to,yes,Google search suggestion
how to estimate partial derivatives from contour maps,Partial Derivatives,how to,yes,Google search suggestion
how to find partial derivatives,Partial Derivatives,how to,yes,Google search suggestion
how to integrate partial derivatives,Partial Derivatives,how to,yes,Google search suggestion
how to partial derivative of a function,Partial Derivatives,how to,yes,Google search suggestion
how to partial derivatives,Partial Derivatives,how to,yes,Google search suggestion
how to solve partial derivatives,Partial Derivatives,how to,yes,Google search suggestion
level curves and partial derivatives,Partial Derivatives,topic,yes,Google search suggestion
mixed partial derivatives examples,Partial Derivatives,examples,yes,Google search suggestion
partial derivative for matrix,Partial Derivatives,topic,yes,Google search suggestion
partial derivative formula for division,Partial Derivatives,formula,yes,Google search suggestion
partial derivative formula for two variables,Partial Derivatives,formula,yes,Google search suggestion
partial derivative formula fxy,Partial Derivatives,formula,yes,Google search suggestion
partial derivative formula list,Partial Derivatives,formula,yes,Google search suggestion
partial derivative formula uv,Partial Derivatives,formula,yes,Google search suggestion
partial derivative notation explained,Partial Derivatives,definition,yes,Google search suggestion
partial derivative with constant,Partial Derivatives,topic,yes,Google search suggestion
partial derivative with ln,Partial Derivatives,topic,yes,Google search suggestion
partial derivative with respect to a vector,Partial Derivatives,topic,yes,Google search suggestion
partial derivative with respect to x,Partial Derivatives,topic,yes,Google search suggestion
partial derivative with respect to y,Partial Derivatives,topic,yes,Google search suggestion
partial derivatives,Partial Derivatives,topic,yes,Google search suggestion
partial derivatives calc 3,Partial Derivatives,topic,yes,Google search suggestion
partial derivatives chain rule,Partial Derivatives,formula,yes,Google search suggestion
partial derivatives common mistakes,Partial Derivatives,examples,yes,added: the page answers this
partial derivatives definition,Partial Derivatives,definition,yes,Google search suggestion
partial derivatives definition and examples,Partial Derivatives,examples,yes,Google search suggestion
partial derivatives example problems,Partial Derivatives,practice,yes,Google search suggestion
partial derivatives examples,Partial Derivatives,examples,yes,Google search suggestion
partial derivatives examples and solutions,Partial Derivatives,examples,yes,Google search suggestion
partial derivatives explained,Partial Derivatives,definition,yes,Google search suggestion
partial derivatives explained simply,Partial Derivatives,definition,yes,Google search suggestion
partial derivatives for beginners,Partial Derivatives,definition,yes,added: the page answers this
partial derivatives formula,Partial Derivatives,formula,yes,Google search suggestion
partial derivatives formula sheet,Partial Derivatives,formula,yes,Google search suggestion
partial derivatives formulas with examples,Partial Derivatives,examples,yes,Google search suggestion
partial derivatives practice,Partial Derivatives,practice,yes,Google search suggestion
partial derivatives practice problems,Partial Derivatives,practice,yes,Google search suggestion
partial derivatives practice problems with answers,Partial Derivatives,practice,yes,added: the page answers this
partial derivatives practice problems with hints,Partial Derivatives,practice,yes,added: the page answers this
partial derivatives practice problems with solutions,Partial Derivatives,practice,yes,Google search suggestion
partial derivatives practice questions,Partial Derivatives,practice,yes,Google search suggestion
partial derivatives problems,Partial Derivatives,practice,yes,Google search suggestion
partial derivatives problems and solutions,Partial Derivatives,practice,yes,Google search suggestion
partial derivatives quiz,Partial Derivatives,practice,yes,added: the page answers this
partial derivatives sample problems,Partial Derivatives,practice,yes,Google search suggestion
partial derivatives solved examples,Partial Derivatives,examples,yes,Google search suggestion
partial derivatives step by step,Partial Derivatives,examples,yes,added: the page answers this
partial derivatives summary,Partial Derivatives,topic,yes,Google search suggestion
partial derivatives symbol,Partial Derivatives,formula,yes,Google search suggestion
partial derivatives vs derivatives,Partial Derivatives,topic,yes,Google search suggestion
partial derivatives with 3 variables,Partial Derivatives,topic,yes,Google search suggestion
partial derivatives with chain rule,Partial Derivatives,formula,yes,Google search suggestion
partial derivatives with examples,Partial Derivatives,examples,yes,Google search suggestion
partial derivatives with product rule,Partial Derivatives,formula,yes,Google search suggestion
partial derivatives with quotient rule,Partial Derivatives,formula,yes,Google search suggestion
partial derivatives worked example,Partial Derivatives,examples,yes,added: the page answers this
partial differentiation examples,Partial Derivatives,examples,yes,Google search suggestion
partial differentiation explained,Partial Derivatives,definition,yes,Google search suggestion
partial differentiation formula,Partial Derivatives,formula,yes,Google search suggestion
partial differentiation formulas list,Partial Derivatives,formula,yes,Google search suggestion
partial differentiation problems,Partial Derivatives,practice,yes,Google search suggestion
product rule for partial derivatives,Partial Derivatives,formula,yes,Google search suggestion
product rule with partial derivatives,Partial Derivatives,formula,yes,Google search suggestion
quotient rule for partial derivatives,Partial Derivatives,formula,yes,Google search suggestion
simple partial derivative examples,Partial Derivatives,examples,yes,Google search suggestion
tangent plane with partial derivatives,Partial Derivatives,topic,yes,Google search suggestion
taylor series with partial derivatives,Partial Derivatives,topic,yes,Google search suggestion
what is partial derivative fxy,Partial Derivatives,definition,yes,Google search suggestion
what is partial derivative in math,Partial Derivatives,definition,yes,Google search suggestion
what is partial derivative of a constant,Partial Derivatives,definition,yes,Google search suggestion
what is partial derivative symbol,Partial Derivatives,definition,yes,Google search suggestion
what is partial derivative symbol called,Partial Derivatives,definition,yes,Google search suggestion
what is partial derivative with example,Partial Derivatives,examples,yes,Google search suggestion
what is partial derivatives,Partial Derivatives,definition,yes,Google search suggestion
what is partial derivatives in calculus,Partial Derivatives,definition,yes,Google search suggestion
what is partial derivatives used for,Partial Derivatives,definition,yes,Google search suggestion
what is the limit definition of partial derivatives,Partial Derivatives,definition,yes,Google search suggestion
when do partial derivatives commute,Partial Derivatives,how to,yes,Google search suggestion
when do partial derivatives exist,Partial Derivatives,how to,yes,Google search suggestion
when do partial derivatives not commute,Partial Derivatives,how to,yes,Google search suggestion
when do partial derivatives not exist,Partial Derivatives,how to,yes,Google search suggestion
when to use partial derivative notation,Partial Derivatives,how to,yes,Google search suggestion
when to use partial derivatives,Partial Derivatives,how to,yes,Google search suggestion
when to use partial differentiation,Partial Derivatives,how to,yes,Google search suggestion
when to use product rule in partial derivatives,Partial Derivatives,how to,yes,Google search suggestion
how to do partial derivatives in desmos,Partial Derivatives,tool,no: wants a calculator or tool,Google search suggestion
how to partial derivative in latex,Partial Derivatives,other subject,no: a different subject,Google search suggestion
how to partial derivative in matlab,Partial Derivatives,other subject,no: a different subject,Google search suggestion
partial derivative for gradient descent,Partial Derivatives,other subject,no: a different subject,Google search suggestion
partial derivative formula class 12,Partial Derivatives,specific source,"no: wants a specific source, video or file",Google search suggestion
partial derivative problems pdf,Partial Derivatives,specific source,"no: wants a specific source, video or file",Google search suggestion
partial derivatives calculator,Partial Derivatives,tool,no: wants a calculator or tool,Google search suggestion
partial derivatives examples pdf,Partial Derivatives,specific source,"no: wants a specific source, video or file",Google search suggestion
partial derivatives examples solutions pdf,Partial Derivatives,specific source,"no: wants a specific source, video or file",Google search suggestion
partial derivatives for economics,Partial Derivatives,other subject,no: a different subject,Google search suggestion
partial derivatives formulas pdf,Partial Derivatives,specific source,"no: wants a specific source, video or file",Google search suggestion
partial derivatives in latex,Partial Derivatives,other subject,no: a different subject,Google search suggestion
partial derivatives meaning in hindi,Partial Derivatives,other language,no: wants it in another language,Google search suggestion
partial derivatives meaning in tamil,Partial Derivatives,other language,no: wants it in another language,Google search suggestion
partial derivatives practice problems pdf,Partial Derivatives,specific source,"no: wants a specific source, video or file",Google search suggestion
partial derivatives problems and solutions pdf,Partial Derivatives,specific source,"no: wants a specific source, video or file",Google search suggestion
what is partial derivative in latex,Partial Derivatives,other subject,no: a different subject,Google search suggestion
calculus linear approximation practice problems,Tangent Planes & Linear Approximation,practice,yes,Google search suggestion
equation of a tangent plane formula,Tangent Planes & Linear Approximation,formula,yes,Google search suggestion
equation of tangent plane,Tangent Planes & Linear Approximation,formula,yes,Google search suggestion
how does linear approximation work,Tangent Planes & Linear Approximation,how to,yes,Google search suggestion
how to calculate tangent plane,Tangent Planes & Linear Approximation,how to,yes,Google search suggestion
how to do linear approximation,Tangent Planes & Linear Approximation,how to,yes,Google search suggestion
how to do linear approximation calc 1,Tangent Planes & Linear Approximation,how to,yes,Google search suggestion
how to do linear approximation multivariable,Tangent Planes & Linear Approximation,how to,yes,Google search suggestion
how to find linear approximation,Tangent Planes & Linear Approximation,how to,yes,Google search suggestion
how to find linear approximation of a function,Tangent Planes & Linear Approximation,how to,yes,Google search suggestion
how to find linear approximation of f xy,Tangent Planes & Linear Approximation,how to,yes,Google search suggestion
how to find tangent plane,Tangent Planes & Linear Approximation,how to,yes,Google search suggestion
how to find tangent plane and normal line,Tangent Planes & Linear Approximation,how to,yes,Google search suggestion
how to find tangent plane at a point,Tangent Planes & Linear Approximation,how to,yes,Google search suggestion
how to find tangent plane calc 3,Tangent Planes & Linear Approximation,how to,yes,Google search suggestion
how to find tangent plane equation,Tangent Planes & Linear Approximation,how to,yes,Google search suggestion
how to find tangent plane from normal vector,Tangent Planes & Linear Approximation,how to,yes,Google search suggestion
how to find tangent plane of a surface,Tangent Planes & Linear Approximation,how to,yes,Google search suggestion
how to find tangent plane using gradient,Tangent Planes & Linear Approximation,how to,yes,Google search suggestion
how to linear approximation,Tangent Planes & Linear Approximation,how to,yes,Google search suggestion
how to linear approximation calc 3,Tangent Planes & Linear Approximation,how to,yes,Google search suggestion
how to solve linear approximation,Tangent Planes & Linear Approximation,how to,yes,Google search suggestion
how to use linear approximation,Tangent Planes & Linear Approximation,how to,yes,Google search suggestion
linear approximation,Tangent Planes & Linear Approximation,topic,yes,Google search suggestion
linear approximation calc 3,Tangent Planes & Linear Approximation,topic,yes,Google search suggestion
linear approximation calculus,Tangent Planes & Linear Approximation,topic,yes,Google search suggestion
linear approximation common mistakes,Tangent Planes & Linear Approximation,examples,yes,added: the page answers this
linear approximation equation,Tangent Planes & Linear Approximation,formula,yes,Google search suggestion
linear approximation example,Tangent Planes & Linear Approximation,examples,yes,Google search suggestion
linear approximation example problems,Tangent Planes & Linear Approximation,practice,yes,Google search suggestion
linear approximation examples,Tangent Planes & Linear Approximation,examples,yes,Google search suggestion
linear approximation explained,Tangent Planes & Linear Approximation,definition,yes,Google search suggestion
linear approximation explained simply,Tangent Planes & Linear Approximation,definition,yes,added: the page answers this
linear approximation for beginners,Tangent Planes & Linear Approximation,definition,yes,added: the page answers this
linear approximation formula,Tangent Planes & Linear Approximation,formula,yes,Google search suggestion
linear approximation formula 2 variables,Tangent Planes & Linear Approximation,formula,yes,Google search suggestion
linear approximation formula 3 variables,Tangent Planes & Linear Approximation,formula,yes,Google search suggestion
linear approximation formula 3d,Tangent Planes & Linear Approximation,formula,yes,Google search suggestion
linear approximation formula calc 1,Tangent Planes & Linear Approximation,formula,yes,Google search suggestion
linear approximation formula calc 3,Tangent Planes & Linear Approximation,formula,yes,Google search suggestion
linear approximation formula derivation,Tangent Planes & Linear Approximation,proof,yes,Google search suggestion
linear approximation formula example,Tangent Planes & Linear Approximation,examples,yes,Google search suggestion
linear approximation formula explained,Tangent Planes & Linear Approximation,definition,yes,Google search suggestion
linear approximation formula for square root,Tangent Planes & Linear Approximation,formula,yes,Google search suggestion
linear approximation formula multivariable,Tangent Planes & Linear Approximation,formula,yes,Google search suggestion
linear approximation function,Tangent Planes & Linear Approximation,topic,yes,Google search suggestion
linear approximation function of two variables,Tangent Planes & Linear Approximation,topic,yes,Google search suggestion
linear approximation meaning,Tangent Planes & Linear Approximation,definition,yes,Google search suggestion
linear approximation of a function at a point,Tangent Planes & Linear Approximation,topic,yes,Google search suggestion
linear approximation practice problems,Tangent Planes & Linear Approximation,practice,yes,Google search suggestion
linear approximation practice problems calc 1,Tangent Planes & Linear Approximation,practice,yes,Google search suggestion
linear approximation practice problems with answers,Tangent Planes & Linear Approximation,practice,yes,Google search suggestion
linear approximation practice problems with hints,Tangent Planes & Linear Approximation,practice,yes,added: the page answers this
linear approximation problems,Tangent Planes & Linear Approximation,practice,yes,Google search suggestion
linear approximation problems and solutions,Tangent Planes & Linear Approximation,practice,yes,Google search suggestion
linear approximation questions,Tangent Planes & Linear Approximation,practice,yes,Google search suggestion
linear approximation questions and answers,Tangent Planes & Linear Approximation,practice,yes,Google search suggestion
linear approximation quiz,Tangent Planes & Linear Approximation,practice,yes,added: the page answers this
linear approximation real life examples,Tangent Planes & Linear Approximation,examples,yes,Google search suggestion
linear approximation step by step,Tangent Planes & Linear Approximation,examples,yes,added: the page answers this
linear approximation with 3 variables,Tangent Planes & Linear Approximation,topic,yes,Google search suggestion
linear approximation with derivatives,Tangent Planes & Linear Approximation,topic,yes,Google search suggestion
linear approximation with differentials,Tangent Planes & Linear Approximation,topic,yes,Google search suggestion
linear approximation with gradient,Tangent Planes & Linear Approximation,topic,yes,Google search suggestion
linear approximation with jacobian,Tangent Planes & Linear Approximation,topic,yes,Google search suggestion
linear approximation with partial derivatives,Tangent Planes & Linear Approximation,topic,yes,Google search suggestion
linear approximation with tangent line,Tangent Planes & Linear Approximation,topic,yes,Google search suggestion
linear approximation with trig functions,Tangent Planes & Linear Approximation,topic,yes,Google search suggestion
linear approximation with two variables,Tangent Planes & Linear Approximation,topic,yes,Google search suggestion
linear approximation worked example,Tangent Planes & Linear Approximation,examples,yes,added: the page answers this
linear approximations and differentials,Tangent Planes & Linear Approximation,topic,yes,Google search suggestion
linear approximations and differentials practice problems,Tangent Planes & Linear Approximation,practice,yes,Google search suggestion
linear function approximation q learning,Tangent Planes & Linear Approximation,topic,yes,Google search suggestion
linear function approximation rl,Tangent Planes & Linear Approximation,topic,yes,Google search suggestion
local linear approximation practice problems,Tangent Planes & Linear Approximation,practice,yes,Google search suggestion
local linear approximation problems,Tangent Planes & Linear Approximation,practice,yes,Google search suggestion
tangent plane,Tangent Planes & Linear Approximation,topic,yes,Google search suggestion
tangent plane and linear approximation,Tangent Planes & Linear Approximation,topic,yes,Google search suggestion
tangent plane and normal line,Tangent Planes & Linear Approximation,topic,yes,Google search suggestion
tangent plane and normal line formula,Tangent Planes & Linear Approximation,formula,yes,Google search suggestion
tangent plane and normal line to a surface,Tangent Planes & Linear Approximation,topic,yes,Google search suggestion
tangent plane and normal to a surface,Tangent Planes & Linear Approximation,topic,yes,Google search suggestion
tangent plane approximation,Tangent Planes & Linear Approximation,topic,yes,Google search suggestion
tangent plane common mistakes,Tangent Planes & Linear Approximation,examples,yes,added: the page answers this
tangent plane definition,Tangent Planes & Linear Approximation,definition,yes,Google search suggestion
tangent plane equation,Tangent Planes & Linear Approximation,formula,yes,Google search suggestion
tangent plane equation calc 3,Tangent Planes & Linear Approximation,formula,yes,Google search suggestion
tangent plane example,Tangent Planes & Linear Approximation,examples,yes,Google search suggestion
tangent plane explained,Tangent Planes & Linear Approximation,definition,yes,Google search suggestion
tangent plane explained simply,Tangent Planes & Linear Approximation,definition,yes,added: the page answers this
tangent plane for 3 variables,Tangent Planes & Linear Approximation,topic,yes,Google search suggestion
tangent plane for beginners,Tangent Planes & Linear Approximation,definition,yes,added: the page answers this
tangent plane for f x y,Tangent Planes & Linear Approximation,topic,yes,Google search suggestion
tangent plane formula,Tangent Planes & Linear Approximation,formula,yes,Google search suggestion
tangent plane formula 3 variables,Tangent Planes & Linear Approximation,formula,yes,Google search suggestion
tangent plane formula 3d,Tangent Planes & Linear Approximation,formula,yes,Google search suggestion
tangent plane formula calc 3,Tangent Planes & Linear Approximation,formula,yes,Google search suggestion
tangent plane formula derivation,Tangent Planes & Linear Approximation,proof,yes,Google search suggestion
tangent plane formula for 3 variables,Tangent Planes & Linear Approximation,formula,yes,Google search suggestion
tangent plane formula gradient,Tangent Planes & Linear Approximation,formula,yes,Google search suggestion
tangent plane formula linear approximation,Tangent Planes & Linear Approximation,formula,yes,Google search suggestion
tangent plane formula multivariable,Tangent Planes & Linear Approximation,formula,yes,Google search suggestion
tangent plane practice problems,Tangent Planes & Linear Approximation,practice,yes,Google search suggestion
tangent plane practice problems with answers,Tangent Planes & Linear Approximation,practice,yes,added: the page answers this
tangent plane practice problems with hints,Tangent Planes & Linear Approximation,practice,yes,added: the page answers this
tangent plane problems,Tangent Planes & Linear Approximation,practice,yes,Google search suggestion
tangent plane questions,Tangent Planes & Linear Approximation,practice,yes,Google search suggestion
tangent plane quiz,Tangent Planes & Linear Approximation,practice,yes,added: the page answers this
tangent plane step by step,Tangent Planes & Linear Approximation,examples,yes,added: the page answers this
tangent plane to a surface,Tangent Planes & Linear Approximation,topic,yes,Google search suggestion
tangent plane with 3 variables,Tangent Planes & Linear Approximation,topic,yes,Google search suggestion
tangent plane with gradient,Tangent Planes & Linear Approximation,topic,yes,Google search suggestion
tangent plane with normal vector,Tangent Planes & Linear Approximation,topic,yes,Google search suggestion
tangent plane worked example,Tangent Planes & Linear Approximation,examples,yes,added: the page answers this
tangent planes and linear approximations,Tangent Planes & Linear Approximation,topic,yes,Google search suggestion
tangent planes calc 3,Tangent Planes & Linear Approximation,topic,yes,Google search suggestion
what is linear approximation,Tangent Planes & Linear Approximation,definition,yes,Google search suggestion
what is linear approximation and differentials,Tangent Planes & Linear Approximation,definition,yes,Google search suggestion
what is linear approximation calc,Tangent Planes & Linear Approximation,definition,yes,Google search suggestion
what is linear approximation calc 3,Tangent Planes & Linear Approximation,definition,yes,Google search suggestion
what is linear approximation formula,Tangent Planes & Linear Approximation,definition,yes,Google search suggestion
what is linear approximation in calculus,Tangent Planes & Linear Approximation,definition,yes,Google search suggestion
what is linear approximation in multivariable calculus,Tangent Planes & Linear Approximation,definition,yes,Google search suggestion
what is linear approximation in simple terms,Tangent Planes & Linear Approximation,definition,yes,Google search suggestion
what is linear approximation of a function,Tangent Planes & Linear Approximation,definition,yes,Google search suggestion
what is linear approximation used for,Tangent Planes & Linear Approximation,definition,yes,Google search suggestion
what is tangent plane,Tangent Planes & Linear Approximation,definition,yes,Google search suggestion
what is tangent plane and normal line,Tangent Planes & Linear Approximation,definition,yes,Google search suggestion
what is tangent plane approximation,Tangent Planes & Linear Approximation,definition,yes,Google search suggestion
what is tangent plane formula,Tangent Planes & Linear Approximation,definition,yes,Google search suggestion
what is tangent plane of sphere,Tangent Planes & Linear Approximation,definition,yes,Google search suggestion
what is tangent plane to a surface,Tangent Planes & Linear Approximation,definition,yes,Google search suggestion
what is tangential plane,Tangent Planes & Linear Approximation,definition,yes,Google search suggestion
when to use linear approximation,Tangent Planes & Linear Approximation,how to,yes,Google search suggestion
how to make tangent plane solidworks,Tangent Planes & Linear Approximation,other subject,no: a different subject,Google search suggestion
linear approximation calculator,Tangent Planes & Linear Approximation,tool,no: wants a calculator or tool,Google search suggestion
linear approximation meaning in tamil,Tangent Planes & Linear Approximation,other language,no: wants it in another language,Google search suggestion
linear approximation practice problems pdf,Tangent Planes & Linear Approximation,specific source,"no: wants a specific source, video or file",Google search suggestion
linear approximation problems and solutions pdf,Tangent Planes & Linear Approximation,specific source,"no: wants a specific source, video or file",Google search suggestion
linear approximation questions pdf,Tangent Planes & Linear Approximation,specific source,"no: wants a specific source, video or file",Google search suggestion
linear function approximation reinforcement learning,Tangent Planes & Linear Approximation,other subject,no: a different subject,Google search suggestion
tangent plane and normal line pdf,Tangent Planes & Linear Approximation,specific source,"no: wants a specific source, video or file",Google search suggestion
tangent plane gd&t,Tangent Planes & Linear Approximation,other subject,no: a different subject,Google search suggestion
tangent plane meaning in hindi,Tangent Planes & Linear Approximation,other language,no: wants it in another language,Google search suggestion
tangent plane meaning in tamil,Tangent Planes & Linear Approximation,other language,no: wants it in another language,Google search suggestion
what is tangent plane in gd&t,Tangent Planes & Linear Approximation,other subject,no: a different subject,Google search suggestion
how to do related rates,Related Rates,how to,yes,Google search suggestion
how to do related rates in calculus,Related Rates,how to,yes,Google search suggestion
how to explain related rates,Related Rates,how to,yes,Google search suggestion
how to find related rates,Related Rates,how to,yes,Google search suggestion
how to related rates,Related Rates,how to,yes,Google search suggestion
how to solve related rates,Related Rates,how to,yes,Google search suggestion
how to solve related rates calculus,Related Rates,how to,yes,Google search suggestion
how to solve related rates problems,Related Rates,practice,yes,Google search suggestion
how to solve related rates problems in calculus,Related Rates,practice,yes,Google search suggestion
how to understand related rates,Related Rates,how to,yes,Google search suggestion
related rates,Related Rates,topic,yes,Google search suggestion
related rates calc 1,Related Rates,topic,yes,Google search suggestion
related rates calc 1 explained,Related Rates,definition,yes,Google search suggestion
related rates calculus,Related Rates,topic,yes,Google search suggestion
related rates common mistakes,Related Rates,examples,yes,added: the page answers this
related rates definition,Related Rates,definition,yes,Google search suggestion
related rates definition calculus,Related Rates,definition,yes,Google search suggestion
related rates example problems,Related Rates,practice,yes,Google search suggestion
related rates example problems with solutions,Related Rates,practice,yes,Google search suggestion
related rates example question,Related Rates,practice,yes,Google search suggestion
related rates examples,Related Rates,examples,yes,Google search suggestion
related rates examples calculus,Related Rates,examples,yes,Google search suggestion
related rates examples in real life,Related Rates,examples,yes,Google search suggestion
related rates examples with solutions,Related Rates,practice,yes,Google search suggestion
related rates explained,Related Rates,definition,yes,Google search suggestion
related rates explained calculus,Related Rates,definition,yes,Google search suggestion
related rates explained simply,Related Rates,definition,yes,Google search suggestion
related rates for a cone,Related Rates,topic,yes,Google search suggestion
related rates for a sphere,Related Rates,topic,yes,Google search suggestion
related rates for angles,Related Rates,topic,yes,Google search suggestion
related rates for beginners,Related Rates,definition,yes,added: the page answers this
related rates for cylinder,Related Rates,topic,yes,Google search suggestion
related rates for triangle,Related Rates,topic,yes,Google search suggestion
related rates formula sheet,Related Rates,formula,yes,Google search suggestion
related rates formulas,Related Rates,formula,yes,Google search suggestion
related rates formulas calculus,Related Rates,formula,yes,Google search suggestion
related rates formulas cheat sheet,Related Rates,formula,yes,Google search suggestion
related rates formulas derivatives,Related Rates,formula,yes,Google search suggestion
related rates formulas for shapes,Related Rates,formula,yes,Google search suggestion
related rates formulas to know,Related Rates,formula,yes,Google search suggestion
related rates formulas to remember,Related Rates,formula,yes,Google search suggestion
related rates ladder problem,Related Rates,practice,yes,Google search suggestion
related rates practice problems,Related Rates,practice,yes,Google search suggestion
related rates practice problems ap calculus ab,Related Rates,practice,yes,Google search suggestion
related rates practice problems calc 1,Related Rates,practice,yes,Google search suggestion
related rates practice problems calc ab,Related Rates,practice,yes,Google search suggestion
related rates practice problems calculus,Related Rates,practice,yes,Google search suggestion
related rates practice problems with answers,Related Rates,practice,yes,Google search suggestion
related rates practice problems with hints,Related Rates,practice,yes,added: the page answers this
related rates practice problems with solutions,Related Rates,practice,yes,Google search suggestion
related rates problems,Related Rates,practice,yes,Google search suggestion
related rates problems ap calc ab,Related Rates,practice,yes,Google search suggestion
related rates problems calc 1,Related Rates,practice,yes,Google search suggestion
related rates problems calculus,Related Rates,practice,yes,Google search suggestion
related rates problems discussions,Related Rates,practice,yes,Google search suggestion
related rates problems explained,Related Rates,practice,yes,Google search suggestion
related rates problems with solutions,Related Rates,practice,yes,Google search suggestion
related rates project examples,Related Rates,examples,yes,Google search suggestion
related rates quiz,Related Rates,practice,yes,added: the page answers this
related rates step by step,Related Rates,examples,yes,added: the page answers this
related rates summary,Related Rates,topic,yes,Google search suggestion
related rates with angles,Related Rates,topic,yes,Google search suggestion
related rates with circle,Related Rates,topic,yes,Google search suggestion
related rates with cones,Related Rates,topic,yes,Google search suggestion
related rates with cylinder,Related Rates,topic,yes,Google search suggestion
related rates with pythagorean theorem,Related Rates,topic,yes,Google search suggestion
related rates with similar triangles,Related Rates,topic,yes,Google search suggestion
related rates with sphere,Related Rates,topic,yes,Google search suggestion
related rates with trig,Related Rates,topic,yes,Google search suggestion
related rates with volume,Related Rates,topic,yes,Google search suggestion
related rates worked example,Related Rates,examples,yes,added: the page answers this
related rates worked examples,Related Rates,examples,yes,Google search suggestion
what is a related rates equation,Related Rates,definition,yes,Google search suggestion
what is a related rates problem,Related Rates,practice,yes,Google search suggestion
what is connected rates of change,Related Rates,definition,yes,Google search suggestion
what is related rates,Related Rates,definition,yes,Google search suggestion
what is related rates in calculus,Related Rates,definition,yes,Google search suggestion
what is related rates in math,Related Rates,definition,yes,Google search suggestion
what is related rates of change,Related Rates,definition,yes,Google search suggestion
what unit is related rates in calc ab,Related Rates,topic,yes,Google search suggestion
what unit is related rates in calc bc,Related Rates,topic,yes,Google search suggestion
when to use related rates,Related Rates,how to,yes,Google search suggestion
related rates formulas pdf,Related Rates,specific source,"no: wants a specific source, video or file",Google search suggestion
related rates practice problems pdf,Related Rates,specific source,"no: wants a specific source, video or file",Google search suggestion
related rates practice problems with answers pdf,Related Rates,specific source,"no: wants a specific source, video or file",Google search suggestion
related rates practice problems worksheet,Related Rates,specific source,"no: wants a specific source, video or file",Google search suggestion
related rates problems organic chemistry tutor,Related Rates,other subject,no: a different subject,Google search suggestion
related rates problems pdf,Related Rates,specific source,"no: wants a specific source, video or file",Google search suggestion
related rates problems with solutions pdf,Related Rates,specific source,"no: wants a specific source, video or file",Google search suggestion
related rates problems worksheet,Related Rates,specific source,"no: wants a specific source, video or file",Google search suggestion
related rates worksheet,Related Rates,specific source,"no: wants a specific source, video or file",Google search suggestion
formal definition of l'hopital's rule,L'Hôpital's Rule,definition,yes,Google search suggestion
formula of l'hopital's rule and newton's method,L'Hôpital's Rule,formula,yes,Google search suggestion
how to do l'hopital's rule,L'Hôpital's Rule,how to,yes,Google search suggestion
how to justify l'hopital's rule,L'Hôpital's Rule,how to,yes,Google search suggestion
how to know when to use l'hopital's rule,L'Hôpital's Rule,how to,yes,Google search suggestion
how to l hopital's rule,L'Hôpital's Rule,how to,yes,Google search suggestion
how to prove l'hopital's rule,L'Hôpital's Rule,proof,yes,Google search suggestion
how to say l'hopital's rule,L'Hôpital's Rule,how to,yes,Google search suggestion
how to solve l'hopital's rule,L'Hôpital's Rule,how to,yes,Google search suggestion
how to use l hopital's rule with infinity,L'Hôpital's Rule,how to,yes,Google search suggestion
indeterminate forms and l hospital's rule practice problems,L'Hôpital's Rule,practice,yes,Google search suggestion
l hopital's rule example problems,L'Hôpital's Rule,practice,yes,Google search suggestion
l hopital's rule examples with solutions,L'Hôpital's Rule,practice,yes,Google search suggestion
l hopital's rule for infinity over infinity,L'Hôpital's Rule,topic,yes,Google search suggestion
l hopital's rule limits examples,L'Hôpital's Rule,examples,yes,Google search suggestion
l hopital's rule practice problems with answers,L'Hôpital's Rule,practice,yes,Google search suggestion
l hopital's rule solved examples,L'Hôpital's Rule,examples,yes,Google search suggestion
l hopital's rule with exponentials,L'Hôpital's Rule,topic,yes,Google search suggestion
l hopital's rule with infinity,L'Hôpital's Rule,topic,yes,Google search suggestion
l hopital's rule with natural logs,L'Hôpital's Rule,topic,yes,Google search suggestion
l hopital's rule with trig functions,L'Hôpital's Rule,topic,yes,Google search suggestion
l hopital's rule with two variables,L'Hôpital's Rule,topic,yes,Google search suggestion
l hospital rule equation,L'Hôpital's Rule,formula,yes,Google search suggestion
l hospital rule examples,L'Hôpital's Rule,examples,yes,Google search suggestion
l hospital rule formula with example,L'Hôpital's Rule,examples,yes,Google search suggestion
l hospital rule formulated by,L'Hôpital's Rule,formula,yes,Google search suggestion
l hôpital's rule formula,L'Hôpital's Rule,formula,yes,Google search suggestion
l hôpital's rule practice problems,L'Hôpital's Rule,practice,yes,Google search suggestion
l'hopital's rule,L'Hôpital's Rule,topic,yes,Google search suggestion
l'hopital's rule analysis,L'Hôpital's Rule,topic,yes,Google search suggestion
l'hopital's rule calc,L'Hôpital's Rule,topic,yes,Google search suggestion
l'hopital's rule calculus,L'Hôpital's Rule,topic,yes,Google search suggestion
l'hopital's rule common mistakes,L'Hôpital's Rule,examples,yes,added: the page answers this
l'hopital's rule complex analysis,L'Hôpital's Rule,topic,yes,Google search suggestion
l'hopital's rule conditions,L'Hôpital's Rule,topic,yes,Google search suggestion
l'hopital's rule definition,L'Hôpital's Rule,definition,yes,Google search suggestion
l'hopital's rule example,L'Hôpital's Rule,examples,yes,Google search suggestion
l'hopital's rule example question,L'Hôpital's Rule,practice,yes,Google search suggestion
l'hopital's rule example questions,L'Hôpital's Rule,practice,yes,Google search suggestion
l'hopital's rule examples,L'Hôpital's Rule,examples,yes,Google search suggestion
l'hopital's rule explained,L'Hôpital's Rule,definition,yes,Google search suggestion
l'hopital's rule explained simply,L'Hôpital's Rule,definition,yes,Google search suggestion
l'hopital's rule for beginners,L'Hôpital's Rule,definition,yes,added: the page answers this
l'hopital's rule for complex functions,L'Hôpital's Rule,topic,yes,Google search suggestion
l'hopital's rule for exponents,L'Hôpital's Rule,topic,yes,Google search suggestion
l'hopital's rule for limits,L'Hôpital's Rule,topic,yes,Google search suggestion
l'hopital's rule forms,L'Hôpital's Rule,topic,yes,Google search suggestion
l'hopital's rule hard examples,L'Hôpital's Rule,examples,yes,Google search suggestion
l'hopital's rule in simple terms,L'Hôpital's Rule,definition,yes,Google search suggestion
l'hopital's rule indeterminate forms,L'Hôpital's Rule,topic,yes,Google search suggestion
l'hopital's rule limits,L'Hôpital's Rule,topic,yes,Google search suggestion
l'hopital's rule math,L'Hôpital's Rule,topic,yes,Google search suggestion
l'hopital's rule meaning,L'Hôpital's Rule,definition,yes,Google search suggestion
l'hopital's rule practice,L'Hôpital's Rule,practice,yes,Google search suggestion
l'hopital's rule practice problems with answers,L'Hôpital's Rule,practice,yes,added: the page answers this
l'hopital's rule practice problems with hints,L'Hôpital's Rule,practice,yes,added: the page answers this
l'hopital's rule problems,L'Hôpital's Rule,practice,yes,Google search suggestion
l'hopital's rule problems and solutions,L'Hôpital's Rule,practice,yes,Google search suggestion
l'hopital's rule proof,L'Hôpital's Rule,proof,yes,Google search suggestion
l'hopital's rule questions,L'Hôpital's Rule,practice,yes,Google search suggestion
l'hopital's rule questions and answers,L'Hôpital's Rule,practice,yes,Google search suggestion
l'hopital's rule quiz,L'Hôpital's Rule,practice,yes,added: the page answers this
l'hopital's rule real analysis,L'Hôpital's Rule,topic,yes,Google search suggestion
l'hopital's rule simple,L'Hôpital's Rule,definition,yes,Google search suggestion
l'hopital's rule step by step,L'Hôpital's Rule,examples,yes,added: the page answers this
l'hopital's rule summary,L'Hôpital's Rule,topic,yes,Google search suggestion
l'hopital's rule with 2 variables,L'Hôpital's Rule,topic,yes,Google search suggestion
l'hopital's rule with e,L'Hôpital's Rule,topic,yes,Google search suggestion
l'hopital's rule with ln,L'Hôpital's Rule,topic,yes,Google search suggestion
l'hopital's rule with multiple variables,L'Hôpital's Rule,topic,yes,Google search suggestion
l'hopital's rule worked example,L'Hôpital's Rule,examples,yes,added: the page answers this
l'hospital rule for limits,L'Hôpital's Rule,topic,yes,Google search suggestion
l'hospital rule formula,L'Hôpital's Rule,formula,yes,Google search suggestion
l'hospital's rule,L'Hôpital's Rule,topic,yes,Google search suggestion
l'hôpital's rule formula,L'Hôpital's Rule,formula,yes,Google search suggestion
l'hôpital's rule practice problems,L'Hôpital's Rule,practice,yes,Google search suggestion
what is l'hopital's rule,L'Hôpital's Rule,definition,yes,Google search suggestion
what is l'hopital's rule in calculus,L'Hôpital's Rule,definition,yes,Google search suggestion
what is l'hopital's rule used for,L'Hôpital's Rule,definition,yes,Google search suggestion
when are you allowed to use l'hopital's rule,L'Hôpital's Rule,topic,yes,Google search suggestion
when can i use l'hopital's rule,L'Hôpital's Rule,how to,yes,Google search suggestion
when to not use l'hopital's rule,L'Hôpital's Rule,how to,yes,Google search suggestion
when to stop using l'hopital's rule,L'Hôpital's Rule,how to,yes,Google search suggestion
when to use l hospital rule,L'Hôpital's Rule,how to,yes,Google search suggestion
when to use l'hopital's rule,L'Hôpital's Rule,how to,yes,Google search suggestion
when to use l'hopital's rule in limits,L'Hôpital's Rule,how to,yes,Google search suggestion
when we use l hospital rule,L'Hôpital's Rule,topic,yes,Google search suggestion
when we use l'hopital's rule,L'Hôpital's Rule,topic,yes,Google search suggestion
how to pronounce l hopital's rule,L'Hôpital's Rule,other subject,no: a different subject,Google search suggestion
l hopital's rule examples pdf,L'Hôpital's Rule,specific source,"no: wants a specific source, video or file",Google search suggestion
l hopital's rule examples with solutions pdf,L'Hôpital's Rule,specific source,"no: wants a specific source, video or file",Google search suggestion
l hopital's rule problems and solutions pdf,L'Hôpital's Rule,specific source,"no: wants a specific source, video or file",Google search suggestion
l hopital's rule questions and answers pdf,L'Hôpital's Rule,specific source,"no: wants a specific source, video or file",Google search suggestion
l hospital rule example problems pdf,L'Hôpital's Rule,specific source,"no: wants a specific source, video or file",Google search suggestion
l hospital rule formula class 11,L'Hôpital's Rule,specific source,"no: wants a specific source, video or file",Google search suggestion
l hospital rule formula in hindi,L'Hôpital's Rule,other language,no: wants it in another language,Google search suggestion
l hospital rule formula pdf,L'Hôpital's Rule,specific source,"no: wants a specific source, video or file",Google search suggestion
l hospital rule meaning in hindi,L'Hôpital's Rule,other language,no: wants it in another language,Google search suggestion
l hospital rule questions pdf,L'Hôpital's Rule,specific source,"no: wants a specific source, video or file",Google search suggestion
l hospital's rule practice problems pdf,L'Hôpital's Rule,specific source,"no: wants a specific source, video or file",Google search suggestion
l'hopital's rule calculator,L'Hôpital's Rule,tool,no: wants a calculator or tool,Google search suggestion
l'hopital's rule khan academy,L'Hôpital's Rule,specific source,"no: wants a specific source, video or file",Google search suggestion
calculus 2 integration by parts practice problems,Integration by Parts,practice,yes,Google search suggestion
calculus integration by parts practice problems,Integration by Parts,practice,yes,Google search suggestion
how to choose integration by parts,Integration by Parts,how to,yes,Google search suggestion
how to integrate by parts definite integrals,Integration by Parts,how to,yes,Google search suggestion
how to integrate by parts example,Integration by Parts,examples,yes,Google search suggestion
how to integrate by parts formula,Integration by Parts,how to,yes,Google search suggestion
how to integrate by parts twice,Integration by Parts,how to,yes,Google search suggestion
how to integrate by parts xe x,Integration by Parts,how to,yes,Google search suggestion
how to integration by parts,Integration by Parts,how to,yes,Google search suggestion
how to remember integration by parts,Integration by Parts,how to,yes,Google search suggestion
how to solve integration by parts,Integration by Parts,how to,yes,Google search suggestion
how to use integration by parts,Integration by Parts,how to,yes,Google search suggestion
integration by parts,Integration by Parts,topic,yes,Google search suggestion
integration by parts acronym,Integration by Parts,topic,yes,Google search suggestion
integration by parts analysis,Integration by Parts,topic,yes,Google search suggestion
integration by parts common mistakes,Integration by Parts,examples,yes,added: the page answers this
integration by parts defined,Integration by Parts,topic,yes,Google search suggestion
integration by parts definition,Integration by Parts,definition,yes,Google search suggestion
integration by parts examples,Integration by Parts,examples,yes,Google search suggestion
integration by parts examples and solutions,Integration by Parts,examples,yes,Google search suggestion
integration by parts examples definite,Integration by Parts,examples,yes,Google search suggestion
integration by parts examples hard,Integration by Parts,examples,yes,Google search suggestion
integration by parts examples with answers,Integration by Parts,practice,yes,Google search suggestion
integration by parts explained,Integration by Parts,definition,yes,Google search suggestion
integration by parts explained simply,Integration by Parts,definition,yes,Google search suggestion
integration by parts explanation,Integration by Parts,definition,yes,Google search suggestion
integration by parts for beginners,Integration by Parts,definition,yes,added: the page answers this
integration by parts for definite integrals,Integration by Parts,topic,yes,Google search suggestion
integration by parts formula,Integration by Parts,formula,yes,Google search suggestion
integration by parts formula derivation,Integration by Parts,proof,yes,Google search suggestion
integration by parts formula example,Integration by Parts,examples,yes,Google search suggestion
integration by parts formula explained,Integration by Parts,definition,yes,Google search suggestion
integration by parts formula for definite integrals,Integration by Parts,formula,yes,Google search suggestion
integration by parts formula ilate,Integration by Parts,formula,yes,Google search suggestion
integration by parts formula in terms of fx and gx,Integration by Parts,formula,yes,Google search suggestion
integration by parts formula tabular method,Integration by Parts,formula,yes,Google search suggestion
integration by parts formula uv,Integration by Parts,formula,yes,Google search suggestion
integration by parts formula with f and g,Integration by Parts,formula,yes,Google search suggestion
integration by parts formula with limits,Integration by Parts,formula,yes,Google search suggestion
integration by parts liate,Integration by Parts,topic,yes,Google search suggestion
integration by parts meaning,Integration by Parts,definition,yes,Google search suggestion
integration by parts practice,Integration by Parts,practice,yes,Google search suggestion
integration by parts practice problems,Integration by Parts,practice,yes,Google search suggestion
integration by parts practice problems hard,Integration by Parts,practice,yes,Google search suggestion
integration by parts practice problems with answers,Integration by Parts,practice,yes,added: the page answers this
integration by parts practice problems with hints,Integration by Parts,practice,yes,added: the page answers this
integration by parts practice problems with solutions,Integration by Parts,practice,yes,Google search suggestion
integration by parts problem example,Integration by Parts,practice,yes,Google search suggestion
integration by parts problem set,Integration by Parts,practice,yes,Google search suggestion
integration by parts problem solving,Integration by Parts,practice,yes,Google search suggestion
integration by parts problems,Integration by Parts,practice,yes,Google search suggestion
integration by parts problems and solutions,Integration by Parts,practice,yes,Google search suggestion
integration by parts questions,Integration by Parts,practice,yes,Google search suggestion
integration by parts questions and answers,Integration by Parts,practice,yes,Google search suggestion
integration by parts quiz,Integration by Parts,practice,yes,added: the page answers this
integration by parts sample problems,Integration by Parts,practice,yes,Google search suggestion
integration by parts sample problems with solutions,Integration by Parts,practice,yes,Google search suggestion
integration by parts step by step,Integration by Parts,examples,yes,added: the page answers this
integration by parts summary,Integration by Parts,topic,yes,Google search suggestion
integration by parts tabular method,Integration by Parts,topic,yes,Google search suggestion
integration by parts with bounds,Integration by Parts,topic,yes,Google search suggestion
integration by parts with definite integrals,Integration by Parts,topic,yes,Google search suggestion
integration by parts with e,Integration by Parts,topic,yes,Google search suggestion
integration by parts with e^x,Integration by Parts,topic,yes,Google search suggestion
integration by parts with inverse trig functions,Integration by Parts,topic,yes,Google search suggestion
integration by parts with limits,Integration by Parts,topic,yes,Google search suggestion
integration by parts with ln,Integration by Parts,topic,yes,Google search suggestion
integration by parts with table,Integration by Parts,formula,yes,Google search suggestion
integration by parts with three functions,Integration by Parts,topic,yes,Google search suggestion
integration by parts with trig functions,Integration by Parts,topic,yes,Google search suggestion
integration by parts worked example,Integration by Parts,examples,yes,added: the page answers this
integration. by parts practice problems with answers,Integration by Parts,practice,yes,Google search suggestion
what is integration by parts,Integration by Parts,definition,yes,Google search suggestion
what is integration by parts example,Integration by Parts,examples,yes,Google search suggestion
what is integration by parts formula,Integration by Parts,definition,yes,Google search suggestion
what is integration by parts in calculus,Integration by Parts,definition,yes,Google search suggestion
what is integration by parts in maths,Integration by Parts,definition,yes,Google search suggestion
what is integration by parts method,Integration by Parts,definition,yes,Google search suggestion
what is integration by parts rule,Integration by Parts,definition,yes,Google search suggestion
what is integration by parts the reverse of,Integration by Parts,definition,yes,Google search suggestion
what is integration by parts used for,Integration by Parts,definition,yes,Google search suggestion
what is the difference between integration by parts and substitution,Integration by Parts,definition,yes,Google search suggestion
when to do integration by parts,Integration by Parts,how to,yes,Google search suggestion
when to do integration by parts twice,Integration by Parts,how to,yes,Google search suggestion
when to use integration by parts,Integration by Parts,how to,yes,Google search suggestion
when to use integration by parts and substitution,Integration by Parts,how to,yes,Google search suggestion
when to use integration by parts and u substitution,Integration by Parts,how to,yes,Google search suggestion
when to use integration by parts formula,Integration by Parts,how to,yes,Google search suggestion
when to use integration by parts vs substitution,Integration by Parts,how to,yes,Google search suggestion
when to use integration by parts vs u sub,Integration by Parts,how to,yes,Google search suggestion
when to use integration by parts vs u substitution,Integration by Parts,how to,yes,Google search suggestion
when to use product rule vs integration by parts,Integration by Parts,how to,yes,Google search suggestion
when to use tabular integration by parts,Integration by Parts,how to,yes,Google search suggestion
when to use u substitution and integration by parts,Integration by Parts,how to,yes,Google search suggestion
when to use u substitution or integration by parts,Integration by Parts,how to,yes,Google search suggestion
when to use u substitution vs integration by parts,Integration by Parts,how to,yes,Google search suggestion
integration by parts calculator,Integration by Parts,tool,no: wants a calculator or tool,Google search suggestion
integration by parts examples and solutions class 12,Integration by Parts,specific source,"no: wants a specific source, video or file",Google search suggestion
integration by parts examples and solutions pdf,Integration by Parts,specific source,"no: wants a specific source, video or file",Google search suggestion
integration by parts examples and solutions pdf download,Integration by Parts,specific source,"no: wants a specific source, video or file",Google search suggestion
integration by parts examples class 12,Integration by Parts,specific source,"no: wants a specific source, video or file",Google search suggestion
integration by parts examples pdf,Integration by Parts,specific source,"no: wants a specific source, video or file",Google search suggestion
integration by parts meaning in hindi,Integration by Parts,other language,no: wants it in another language,Google search suggestion
integration by parts practice problems pdf,Integration by Parts,specific source,"no: wants a specific source, video or file",Google search suggestion
integration by parts practice problems with solutions pdf,Integration by Parts,specific source,"no: wants a specific source, video or file",Google search suggestion
integration by parts problems and solutions pdf,Integration by Parts,specific source,"no: wants a specific source, video or file",Google search suggestion
integration by parts problems.pdf,Integration by Parts,specific source,"no: wants a specific source, video or file",Google search suggestion
integration by parts questions and answers pdf,Integration by Parts,specific source,"no: wants a specific source, video or file",Google search suggestion
what is integration by parts class 12,Integration by Parts,specific source,"no: wants a specific source, video or file",Google search suggestion
all trig substitution formulas,Trig Integrals & Substitution,formula,yes,Google search suggestion
calc 2 trig substitution practice problems,Trig Integrals & Substitution,practice,yes,Google search suggestion
how does trig substitution work,Trig Integrals & Substitution,how to,yes,Google search suggestion
how to derive trig integrals,Trig Integrals & Substitution,proof,yes,Google search suggestion
how to do inverse trig integrals,Trig Integrals & Substitution,how to,yes,Google search suggestion
how to do trig substitution calc 2,Trig Integrals & Substitution,how to,yes,Google search suggestion
how to do trig substitution for integrals,Trig Integrals & Substitution,how to,yes,Google search suggestion
how to evaluate trigonometric integrals,Trig Integrals & Substitution,how to,yes,Google search suggestion
how to find trig substitution,Trig Integrals & Substitution,how to,yes,Google search suggestion
how to know when to use trig substitution,Trig Integrals & Substitution,how to,yes,Google search suggestion
how to know when to use trig substitution in integrals,Trig Integrals & Substitution,how to,yes,Google search suggestion
how to master trig substitution,Trig Integrals & Substitution,how to,yes,Google search suggestion
how to memorize inverse trig integrals,Trig Integrals & Substitution,how to,yes,Google search suggestion
how to remember inverse trig integrals,Trig Integrals & Substitution,how to,yes,Google search suggestion
how to remember trig integrals,Trig Integrals & Substitution,how to,yes,Google search suggestion
how to remember trig substitution,Trig Integrals & Substitution,how to,yes,Google search suggestion
how to solve inverse trig integrals,Trig Integrals & Substitution,how to,yes,Google search suggestion
how to solve trig substitution integrals,Trig Integrals & Substitution,how to,yes,Google search suggestion
how to solve trigonometric integrals,Trig Integrals & Substitution,how to,yes,Google search suggestion
how to trig integrals,Trig Integrals & Substitution,how to,yes,Google search suggestion
how to trig sub integration,Trig Integrals & Substitution,how to,yes,Google search suggestion
how to trig substitution,Trig Integrals & Substitution,how to,yes,Google search suggestion
how to use trig substitution,Trig Integrals & Substitution,how to,yes,Google search suggestion
how to use trig substitution in integrals,Trig Integrals & Substitution,how to,yes,Google search suggestion
integration by trig substitution practice problems,Trig Integrals & Substitution,practice,yes,Google search suggestion
interval of trigonometric functions,Trig Integrals & Substitution,topic,yes,Google search suggestion
inverse trig integrals examples,Trig Integrals & Substitution,examples,yes,Google search suggestion
inverse trig integrals problems,Trig Integrals & Substitution,practice,yes,Google search suggestion
inverse trig substitution formulas,Trig Integrals & Substitution,formula,yes,Google search suggestion
inverse trigonometric integrals formulas,Trig Integrals & Substitution,formula,yes,Google search suggestion
inverse trigonometric integrals practice problems,Trig Integrals & Substitution,practice,yes,Google search suggestion
techniques for trigonometric integrals,Trig Integrals & Substitution,topic,yes,Google search suggestion
trig for integrals,Trig Integrals & Substitution,topic,yes,Google search suggestion
trig integrals for calc 2,Trig Integrals & Substitution,topic,yes,Google search suggestion
trig integrals formula sheet,Trig Integrals & Substitution,formula,yes,Google search suggestion
trig integrals practice problems with solutions,Trig Integrals & Substitution,practice,yes,Google search suggestion
trig integrals with coefficients,Trig Integrals & Substitution,topic,yes,Google search suggestion
trig integrals with even powers,Trig Integrals & Substitution,topic,yes,Google search suggestion
trig integrals with ln,Trig Integrals & Substitution,topic,yes,Google search suggestion
trig integrals with odd powers,Trig Integrals & Substitution,topic,yes,Google search suggestion
trig integrals with powers,Trig Integrals & Substitution,topic,yes,Google search suggestion
trig integrals with tan,Trig Integrals & Substitution,topic,yes,Google search suggestion
trig integrals with u sub,Trig Integrals & Substitution,topic,yes,Google search suggestion
trig sub example problems,Trig Integrals & Substitution,practice,yes,Google search suggestion
trig sub example question,Trig Integrals & Substitution,practice,yes,Google search suggestion
trig sub formulas,Trig Integrals & Substitution,formula,yes,Google search suggestion
trig sub formulas calc 2,Trig Integrals & Substitution,formula,yes,Google search suggestion
trig sub integral practice problems,Trig Integrals & Substitution,practice,yes,Google search suggestion
trig sub integrals examples,Trig Integrals & Substitution,examples,yes,Google search suggestion
trig sub integrals practice problems,Trig Integrals & Substitution,practice,yes,Google search suggestion
trig sub problem example,Trig Integrals & Substitution,practice,yes,Google search suggestion
trig sub problems,Trig Integrals & Substitution,practice,yes,Google search suggestion
trig sub problems calc 2,Trig Integrals & Substitution,practice,yes,Google search suggestion
trig substitution,Trig Integrals & Substitution,topic,yes,Google search suggestion
trig substitution calc 2,Trig Integrals & Substitution,topic,yes,Google search suggestion
trig substitution common mistakes,Trig Integrals & Substitution,examples,yes,added: the page answers this
trig substitution example problems,Trig Integrals & Substitution,practice,yes,Google search suggestion
trig substitution examples,Trig Integrals & Substitution,examples,yes,Google search suggestion
trig substitution explained,Trig Integrals & Substitution,definition,yes,Google search suggestion
trig substitution explained simply,Trig Integrals & Substitution,definition,yes,added: the page answers this
trig substitution for a 2 x 2,Trig Integrals & Substitution,topic,yes,Google search suggestion
trig substitution for beginners,Trig Integrals & Substitution,definition,yes,added: the page answers this
trig substitution for definite integrals,Trig Integrals & Substitution,topic,yes,Google search suggestion
trig substitution for dummies,Trig Integrals & Substitution,definition,yes,Google search suggestion
trig substitution for integrals,Trig Integrals & Substitution,topic,yes,Google search suggestion
trig substitution for sec,Trig Integrals & Substitution,topic,yes,Google search suggestion
trig substitution for tan,Trig Integrals & Substitution,topic,yes,Google search suggestion
trig substitution forms,Trig Integrals & Substitution,topic,yes,Google search suggestion
trig substitution formula sheet,Trig Integrals & Substitution,formula,yes,Google search suggestion
trig substitution formulas,Trig Integrals & Substitution,formula,yes,Google search suggestion
trig substitution formulas integrals,Trig Integrals & Substitution,formula,yes,Google search suggestion
trig substitution hard examples,Trig Integrals & Substitution,examples,yes,Google search suggestion
trig substitution identities,Trig Integrals & Substitution,topic,yes,Google search suggestion
trig substitution integrals,Trig Integrals & Substitution,topic,yes,Google search suggestion
trig substitution integrals examples,Trig Integrals & Substitution,examples,yes,Google search suggestion
trig substitution integrals explained,Trig Integrals & Substitution,definition,yes,Google search suggestion
trig substitution integrals formulas,Trig Integrals & Substitution,formula,yes,Google search suggestion
trig substitution integrals practice,Trig Integrals & Substitution,practice,yes,Google search suggestion
trig substitution integrals practice problems,Trig Integrals & Substitution,practice,yes,Google search suggestion
trig substitution integrals problems,Trig Integrals & Substitution,practice,yes,Google search suggestion
trig substitution practice,Trig Integrals & Substitution,practice,yes,Google search suggestion
trig substitution practice problems,Trig Integrals & Substitution,practice,yes,Google search suggestion
trig substitution practice problems and solutions,Trig Integrals & Substitution,practice,yes,Google search suggestion
trig substitution practice problems with answers,Trig Integrals & Substitution,practice,yes,added: the page answers this
trig substitution practice problems with hints,Trig Integrals & Substitution,practice,yes,added: the page answers this
trig substitution practice questions,Trig Integrals & Substitution,practice,yes,Google search suggestion
trig substitution problems,Trig Integrals & Substitution,practice,yes,Google search suggestion
trig substitution problems and solutions,Trig Integrals & Substitution,practice,yes,Google search suggestion
trig substitution quiz,Trig Integrals & Substitution,practice,yes,added: the page answers this
trig substitution rules,Trig Integrals & Substitution,formula,yes,Google search suggestion
trig substitution step by step,Trig Integrals & Substitution,examples,yes,added: the page answers this
trig substitution with bounds,Trig Integrals & Substitution,topic,yes,Google search suggestion
trig substitution with coefficients,Trig Integrals & Substitution,topic,yes,Google search suggestion
trig substitution with completing the square,Trig Integrals & Substitution,topic,yes,Google search suggestion
trig substitution with definite integrals,Trig Integrals & Substitution,topic,yes,Google search suggestion
trig substitution with integrals,Trig Integrals & Substitution,topic,yes,Google search suggestion
trig substitution with secant,Trig Integrals & Substitution,topic,yes,Google search suggestion
trig substitution with sin,Trig Integrals & Substitution,topic,yes,Google search suggestion
trig substitution with tangent,Trig Integrals & Substitution,topic,yes,Google search suggestion
trig substitution with triangle,Trig Integrals & Substitution,topic,yes,Google search suggestion
trig substitution without square root,Trig Integrals & Substitution,topic,yes,Google search suggestion
trig substitution worked example,Trig Integrals & Substitution,examples,yes,added: the page answers this
trig with integrals,Trig Integrals & Substitution,topic,yes,Google search suggestion
trigonometric functions examples,Trig Integrals & Substitution,examples,yes,Google search suggestion
trigonometric integrals,Trig Integrals & Substitution,topic,yes,Google search suggestion
trigonometric integrals and derivatives,Trig Integrals & Substitution,topic,yes,Google search suggestion
trigonometric integrals and substitutions,Trig Integrals & Substitution,topic,yes,Google search suggestion
trigonometric integrals calc 2,Trig Integrals & Substitution,topic,yes,Google search suggestion
trigonometric integrals cheat sheet,Trig Integrals & Substitution,formula,yes,Google search suggestion
trigonometric integrals common mistakes,Trig Integrals & Substitution,examples,yes,added: the page answers this
trigonometric integrals definition,Trig Integrals & Substitution,definition,yes,Google search suggestion
trigonometric integrals examples,Trig Integrals & Substitution,examples,yes,Google search suggestion
trigonometric integrals examples and solutions,Trig Integrals & Substitution,examples,yes,Google search suggestion
trigonometric integrals explained,Trig Integrals & Substitution,definition,yes,Google search suggestion
trigonometric integrals explained simply,Trig Integrals & Substitution,definition,yes,added: the page answers this
trigonometric integrals for beginners,Trig Integrals & Substitution,definition,yes,added: the page answers this
trigonometric integrals formulas,Trig Integrals & Substitution,formula,yes,Google search suggestion
trigonometric integrals identities,Trig Integrals & Substitution,topic,yes,Google search suggestion
trigonometric integrals practice,Trig Integrals & Substitution,practice,yes,Google search suggestion
trigonometric integrals practice problems,Trig Integrals & Substitution,practice,yes,Google search suggestion
trigonometric integrals practice problems with answers,Trig Integrals & Substitution,practice,yes,added: the page answers this
trigonometric integrals practice problems with hints,Trig Integrals & Substitution,practice,yes,added: the page answers this
trigonometric integrals problems,Trig Integrals & Substitution,practice,yes,Google search suggestion
trigonometric integrals problems with solutions,Trig Integrals & Substitution,practice,yes,Google search suggestion
trigonometric integrals questions,Trig Integrals & Substitution,practice,yes,Google search suggestion
trigonometric integrals quiz,Trig Integrals & Substitution,practice,yes,added: the page answers this
trigonometric integrals rules,Trig Integrals & Substitution,formula,yes,Google search suggestion
trigonometric integrals sample problems,Trig Integrals & Substitution,practice,yes,Google search suggestion
trigonometric integrals step by step,Trig Integrals & Substitution,examples,yes,added: the page answers this
trigonometric integrals to memorize,Trig Integrals & Substitution,topic,yes,Google search suggestion
trigonometric integrals with tan and sec,Trig Integrals & Substitution,topic,yes,Google search suggestion
trigonometric integrals worked example,Trig Integrals & Substitution,examples,yes,added: the page answers this
trigonometric integration formula list,Trig Integrals & Substitution,formula,yes,Google search suggestion
trigonometric substitution explained,Trig Integrals & Substitution,definition,yes,Google search suggestion
trigonometric substitution formula,Trig Integrals & Substitution,formula,yes,Google search suggestion
trigonometric substitution integrals practice problems,Trig Integrals & Substitution,practice,yes,Google search suggestion
uses of inverse trigonometric functions,Trig Integrals & Substitution,topic,yes,Google search suggestion
what is inverse trig substitution,Trig Integrals & Substitution,definition,yes,Google search suggestion
what is trig sub,Trig Integrals & Substitution,definition,yes,Google search suggestion
what is trig sub integration,Trig Integrals & Substitution,definition,yes,Google search suggestion
what is trig sub used for,Trig Integrals & Substitution,definition,yes,Google search suggestion
what is trig substitution,Trig Integrals & Substitution,definition,yes,Google search suggestion
what is trig substitution in calculus,Trig Integrals & Substitution,definition,yes,Google search suggestion
what is trigonometric integrals,Trig Integrals & Substitution,definition,yes,Google search suggestion
what is trigonometric substitution in integration,Trig Integrals & Substitution,definition,yes,Google search suggestion
when can you use trig substitution,Trig Integrals & Substitution,how to,yes,Google search suggestion
when to use each trig sub,Trig Integrals & Substitution,how to,yes,Google search suggestion
when to use each trig substitution,Trig Integrals & Substitution,how to,yes,Google search suggestion
when to use sin for trig sub,Trig Integrals & Substitution,how to,yes,Google search suggestion
when to use trig integrals,Trig Integrals & Substitution,how to,yes,Google search suggestion
when to use trig sub,Trig Integrals & Substitution,how to,yes,Google search suggestion
when to use trig substitution,Trig Integrals & Substitution,how to,yes,Google search suggestion
when to use trig substitution for integrals,Trig Integrals & Substitution,how to,yes,Google search suggestion
when to use trigonometric substitution in integration,Trig Integrals & Substitution,how to,yes,Google search suggestion
why does trig substitution work,Trig Integrals & Substitution,definition,yes,Google search suggestion
trig substitution practice problems and solutions pdf,Trig Integrals & Substitution,specific source,"no: wants a specific source, video or file",Google search suggestion
trig substitution problems and solutions pdf,Trig Integrals & Substitution,specific source,"no: wants a specific source, video or file",Google search suggestion
trigonometric integrals formulas pdf,Trig Integrals & Substitution,specific source,"no: wants a specific source, video or file",Google search suggestion
trigonometric integrals pdf,Trig Integrals & Substitution,specific source,"no: wants a specific source, video or file",Google search suggestion
trigonometric integrals practice problems with solutions pdf,Trig Integrals & Substitution,specific source,"no: wants a specific source, video or file",Google search suggestion
trigonometric integrals problems solutions pdf,Trig Integrals & Substitution,specific source,"no: wants a specific source, video or file",Google search suggestion
trigonometric integrals worksheet with answers pdf,Trig Integrals & Substitution,specific source,"no: wants a specific source, video or file",Google search suggestion
trigonometric integration formulas class 12,Trig Integrals & Substitution,specific source,"no: wants a specific source, video or file",Google search suggestion
trigonometric substitution formulas pdf,Trig Integrals & Substitution,specific source,"no: wants a specific source, video or file",Google search suggestion
trigonometric substitution practice problems pdf,Trig Integrals & Substitution,specific source,"no: wants a specific source, video or file",Google search suggestion
hard partial fraction decomposition problems,Partial Fractions,practice,yes,Google search suggestion
how to do partial fraction decomposition with 3 terms,Partial Fractions,how to,yes,Google search suggestion
how to do partial fraction decomposition with repeated factors,Partial Fractions,how to,yes,Google search suggestion
how to do partial fraction decomposition with squared denominator,Partial Fractions,how to,yes,Google search suggestion
how to do partial fraction decomposition with x 2,Partial Fractions,how to,yes,Google search suggestion
how to do partial fractions,Partial Fractions,how to,yes,Google search suggestion
how to do partial fractions with repeated factors,Partial Fractions,how to,yes,Google search suggestion
how to find partial fraction decomposition,Partial Fractions,how to,yes,Google search suggestion
how to find partial fractions,Partial Fractions,how to,yes,Google search suggestion
how to know when to use partial fractions in integration,Partial Fractions,how to,yes,Google search suggestion
how to partial fraction decomp,Partial Fractions,how to,yes,Google search suggestion
how to partial fraction decomposition,Partial Fractions,how to,yes,Google search suggestion
how to partial fraction decomposition integral,Partial Fractions,how to,yes,Google search suggestion
how to partial fraction expansion,Partial Fractions,how to,yes,Google search suggestion
how to partial fraction integration,Partial Fractions,how to,yes,Google search suggestion
how to partial fractions,Partial Fractions,how to,yes,Google search suggestion
how to solve partial fraction decomposition,Partial Fractions,how to,yes,Google search suggestion
how to solve partial fractions,Partial Fractions,how to,yes,Google search suggestion
how to use partial fraction decomposition,Partial Fractions,how to,yes,Google search suggestion
improper partial fractions examples,Partial Fractions,examples,yes,Google search suggestion
integration partial fractions practice problems,Partial Fractions,practice,yes,Google search suggestion
partial fraction decomposition,Partial Fractions,topic,yes,Google search suggestion
partial fraction decomposition common mistakes,Partial Fractions,examples,yes,added: the page answers this
partial fraction decomposition complex analysis,Partial Fractions,topic,yes,Google search suggestion
partial fraction decomposition definition,Partial Fractions,definition,yes,Google search suggestion
partial fraction decomposition equation,Partial Fractions,formula,yes,Google search suggestion
partial fraction decomposition example,Partial Fractions,examples,yes,Google search suggestion
partial fraction decomposition example problems,Partial Fractions,practice,yes,Google search suggestion
partial fraction decomposition examples,Partial Fractions,examples,yes,Google search suggestion
partial fraction decomposition examples and solutions,Partial Fractions,examples,yes,Google search suggestion
partial fraction decomposition explained,Partial Fractions,definition,yes,Google search suggestion
partial fraction decomposition explained simply,Partial Fractions,definition,yes,added: the page answers this
partial fraction decomposition for beginners,Partial Fractions,definition,yes,added: the page answers this
partial fraction decomposition for complex roots,Partial Fractions,topic,yes,Google search suggestion
partial fraction decomposition for integrals,Partial Fractions,topic,yes,Google search suggestion
partial fraction decomposition for quadratic,Partial Fractions,topic,yes,Google search suggestion
partial fraction decomposition for repeated roots,Partial Fractions,topic,yes,Google search suggestion
partial fraction decomposition for x 2,Partial Fractions,topic,yes,Google search suggestion
partial fraction decomposition for x 3,Partial Fractions,topic,yes,Google search suggestion
partial fraction decomposition forms,Partial Fractions,topic,yes,Google search suggestion
partial fraction decomposition formula,Partial Fractions,formula,yes,Google search suggestion
partial fraction decomposition formula sheet,Partial Fractions,formula,yes,Google search suggestion
partial fraction decomposition general formula,Partial Fractions,formula,yes,Google search suggestion
partial fraction decomposition hard examples,Partial Fractions,examples,yes,Google search suggestion
partial fraction decomposition integral example,Partial Fractions,examples,yes,Google search suggestion
partial fraction decomposition integral examples,Partial Fractions,examples,yes,Google search suggestion
partial fraction decomposition integral formula,Partial Fractions,formula,yes,Google search suggestion
partial fraction decomposition integration,Partial Fractions,topic,yes,Google search suggestion
partial fraction decomposition practice,Partial Fractions,practice,yes,Google search suggestion
partial fraction decomposition practice problems,Partial Fractions,practice,yes,Google search suggestion
partial fraction decomposition practice problems calc 2,Partial Fractions,practice,yes,Google search suggestion
partial fraction decomposition practice problems integral,Partial Fractions,practice,yes,Google search suggestion
partial fraction decomposition practice problems with answers,Partial Fractions,practice,yes,Google search suggestion
partial fraction decomposition practice problems with hints,Partial Fractions,practice,yes,added: the page answers this
partial fraction decomposition problems,Partial Fractions,practice,yes,Google search suggestion
partial fraction decomposition quiz,Partial Fractions,practice,yes,added: the page answers this
partial fraction decomposition rules,Partial Fractions,formula,yes,Google search suggestion
partial fraction decomposition simple example,Partial Fractions,examples,yes,Google search suggestion
partial fraction decomposition step by step,Partial Fractions,examples,yes,added: the page answers this
partial fraction decomposition summary,Partial Fractions,topic,yes,Google search suggestion
partial fraction decomposition with complex roots,Partial Fractions,topic,yes,Google search suggestion
partial fraction decomposition with cubic denominator,Partial Fractions,topic,yes,Google search suggestion
partial fraction decomposition with higher powers,Partial Fractions,topic,yes,Google search suggestion
partial fraction decomposition with integrals,Partial Fractions,topic,yes,Google search suggestion
partial fraction decomposition with irreducible quadratic,Partial Fractions,topic,yes,Google search suggestion
partial fraction decomposition with polynomial long division,Partial Fractions,topic,yes,Google search suggestion
partial fraction decomposition with quadratic denominator,Partial Fractions,topic,yes,Google search suggestion
partial fraction decomposition with quadratic factors,Partial Fractions,topic,yes,Google search suggestion
partial fraction decomposition with repeated linear factors,Partial Fractions,topic,yes,Google search suggestion
partial fraction decomposition with repeated roots,Partial Fractions,topic,yes,Google search suggestion
partial fraction decomposition worked example,Partial Fractions,examples,yes,added: the page answers this
partial fraction expansion examples,Partial Fractions,examples,yes,Google search suggestion
partial fraction expansion explained,Partial Fractions,definition,yes,Google search suggestion
partial fraction expansion formula,Partial Fractions,formula,yes,Google search suggestion
partial fraction expansion problems,Partial Fractions,practice,yes,Google search suggestion
partial fractions,Partial Fractions,topic,yes,Google search suggestion
partial fractions calc 2,Partial Fractions,topic,yes,Google search suggestion
partial fractions calculus,Partial Fractions,topic,yes,Google search suggestion
partial fractions common mistakes,Partial Fractions,examples,yes,added: the page answers this
partial fractions decomposition,Partial Fractions,topic,yes,Google search suggestion
partial fractions decomposition practice problems,Partial Fractions,practice,yes,Google search suggestion
partial fractions definition in maths,Partial Fractions,definition,yes,Google search suggestion
partial fractions example problem,Partial Fractions,practice,yes,Google search suggestion
partial fractions example question,Partial Fractions,practice,yes,Google search suggestion
partial fractions examples,Partial Fractions,examples,yes,Google search suggestion
partial fractions examples and solutions,Partial Fractions,examples,yes,Google search suggestion
partial fractions examples with answers,Partial Fractions,practice,yes,Google search suggestion
partial fractions explained,Partial Fractions,definition,yes,Google search suggestion
partial fractions explained simply,Partial Fractions,definition,yes,added: the page answers this
partial fractions for beginners,Partial Fractions,definition,yes,added: the page answers this
partial fractions for dummies,Partial Fractions,definition,yes,Google search suggestion
partial fractions for improper fractions,Partial Fractions,topic,yes,Google search suggestion
partial fractions for integration,Partial Fractions,topic,yes,Google search suggestion
partial fractions for quadratic denominator,Partial Fractions,topic,yes,Google search suggestion
partial fractions for repeated linear factors,Partial Fractions,topic,yes,Google search suggestion
partial fractions for repeated roots,Partial Fractions,topic,yes,Google search suggestion
partial fractions forms,Partial Fractions,topic,yes,Google search suggestion
partial fractions formula,Partial Fractions,formula,yes,Google search suggestion
partial fractions formula calc 2,Partial Fractions,formula,yes,Google search suggestion
partial fractions formula derivation,Partial Fractions,proof,yes,Google search suggestion
partial fractions formula for x^2,Partial Fractions,formula,yes,Google search suggestion
partial fractions formula integration,Partial Fractions,formula,yes,Google search suggestion
partial fractions formula o level,Partial Fractions,formula,yes,Google search suggestion
partial fractions formula sheet,Partial Fractions,formula,yes,Google search suggestion
partial fractions formulas with examples,Partial Fractions,examples,yes,Google search suggestion
partial fractions integration,Partial Fractions,topic,yes,Google search suggestion
partial fractions integration explained,Partial Fractions,definition,yes,Google search suggestion
partial fractions meaning,Partial Fractions,definition,yes,Google search suggestion
partial fractions practice problems,Partial Fractions,practice,yes,Google search suggestion
partial fractions practice problems with answers,Partial Fractions,practice,yes,added: the page answers this
partial fractions practice problems with hints,Partial Fractions,practice,yes,added: the page answers this
partial fractions practice problems with solutions,Partial Fractions,practice,yes,Google search suggestion
partial fractions practice questions,Partial Fractions,practice,yes,Google search suggestion
partial fractions problems,Partial Fractions,practice,yes,Google search suggestion
partial fractions problems and solutions,Partial Fractions,practice,yes,Google search suggestion
partial fractions questions,Partial Fractions,practice,yes,Google search suggestion
partial fractions questions and answers,Partial Fractions,practice,yes,Google search suggestion
partial fractions quiz,Partial Fractions,practice,yes,added: the page answers this
partial fractions rules,Partial Fractions,formula,yes,Google search suggestion
partial fractions sample problems,Partial Fractions,practice,yes,Google search suggestion
partial fractions step by step,Partial Fractions,examples,yes,added: the page answers this
partial fractions summary,Partial Fractions,topic,yes,Google search suggestion
partial fractions with 3 terms,Partial Fractions,topic,yes,Google search suggestion
partial fractions with a squared denominator,Partial Fractions,topic,yes,Google search suggestion
partial fractions with complex roots,Partial Fractions,topic,yes,Google search suggestion
partial fractions with improper fractions,Partial Fractions,topic,yes,Google search suggestion
partial fractions with irreducible quadratic factors,Partial Fractions,topic,yes,Google search suggestion
partial fractions with quadratic denominator,Partial Fractions,topic,yes,Google search suggestion
partial fractions with repeated factors,Partial Fractions,topic,yes,Google search suggestion
partial fractions with repeated linear factors,Partial Fractions,topic,yes,Google search suggestion
partial fractions with repeated roots,Partial Fractions,topic,yes,Google search suggestion
partial fractions with x^2,Partial Fractions,topic,yes,Google search suggestion
partial fractions worked example,Partial Fractions,examples,yes,added: the page answers this
partial fractions worked examples,Partial Fractions,examples,yes,Google search suggestion
what is partial fraction decomposition,Partial Fractions,definition,yes,Google search suggestion
what is partial fraction decomposition in integration,Partial Fractions,definition,yes,Google search suggestion
what is partial fraction decomposition in maths,Partial Fractions,definition,yes,Google search suggestion
what is partial fraction decomposition used for,Partial Fractions,definition,yes,Google search suggestion
what is partial fraction expansion,Partial Fractions,definition,yes,Google search suggestion
what is partial fraction in maths,Partial Fractions,definition,yes,Google search suggestion
what is partial fraction method,Partial Fractions,definition,yes,Google search suggestion
what is partial fractions,Partial Fractions,definition,yes,Google search suggestion
what is partial fractions in calculus,Partial Fractions,definition,yes,Google search suggestion
what is partial fractions integral,Partial Fractions,definition,yes,Google search suggestion
what is partial fractions used for,Partial Fractions,definition,yes,Google search suggestion
what is partial fractions with examples,Partial Fractions,examples,yes,Google search suggestion
what is the partial fraction decomposition in terms of x,Partial Fractions,definition,yes,Google search suggestion
what is the partial fraction decomposition of 11x-38,Partial Fractions,definition,yes,Google search suggestion
what is the partial fraction decomposition of 7x^2+14,Partial Fractions,definition,yes,Google search suggestion
what is the partial fraction decomposition of 7x^2-6x+9/3x(4x^2+9),Partial Fractions,definition,yes,Google search suggestion
what unit is partial fraction decomposition,Partial Fractions,topic,yes,Google search suggestion
when can you do partial fraction decomposition,Partial Fractions,how to,yes,Google search suggestion
when can you not use partial fraction decomposition,Partial Fractions,how to,yes,Google search suggestion
when can you use partial fraction decomposition,Partial Fractions,how to,yes,Google search suggestion
when to do partial fraction decomposition,Partial Fractions,how to,yes,Google search suggestion
when to do partial fractions,Partial Fractions,how to,yes,Google search suggestion
when to use ax b in partial fraction decomposition,Partial Fractions,how to,yes,Google search suggestion
when to use ax b in partial fractions,Partial Fractions,how to,yes,Google search suggestion
when to use bx c partial fractions,Partial Fractions,how to,yes,Google search suggestion
when to use long division in partial fractions,Partial Fractions,how to,yes,Google search suggestion
when to use partial fraction decomposition,Partial Fractions,how to,yes,Google search suggestion
when to use partial fraction decomposition integral,Partial Fractions,how to,yes,Google search suggestion
when to use partial fractions,Partial Fractions,how to,yes,Google search suggestion
when to use partial fractions in integration,Partial Fractions,how to,yes,Google search suggestion
why does partial fraction decomposition work,Partial Fractions,definition,yes,Google search suggestion
partial fraction decomposition calculator,Partial Fractions,tool,no: wants a calculator or tool,Google search suggestion
partial fraction decomposition examples and solutions pdf,Partial Fractions,specific source,"no: wants a specific source, video or file",Google search suggestion
partial fraction decomposition for laplace transform,Partial Fractions,other subject,no: a different subject,Google search suggestion
partial fraction decomposition organic chemistry tutor,Partial Fractions,other subject,no: a different subject,Google search suggestion
partial fraction decomposition practice problems pdf,Partial Fractions,specific source,"no: wants a specific source, video or file",Google search suggestion
partial fraction decomposition practice problems with solutions pdf,Partial Fractions,specific source,"no: wants a specific source, video or file",Google search suggestion
partial fraction decomposition problems and solutions pdf,Partial Fractions,specific source,"no: wants a specific source, video or file",Google search suggestion
partial fraction decomposition problems pdf,Partial Fractions,specific source,"no: wants a specific source, video or file",Google search suggestion
partial fraction examples with answers pdf,Partial Fractions,specific source,"no: wants a specific source, video or file",Google search suggestion
partial fractions calculator,Partial Fractions,tool,no: wants a calculator or tool,Google search suggestion
partial fractions examples and solutions pdf,Partial Fractions,specific source,"no: wants a specific source, video or file",Google search suggestion
partial fractions examples pdf,Partial Fractions,specific source,"no: wants a specific source, video or file",Google search suggestion
partial fractions formulas pdf,Partial Fractions,specific source,"no: wants a specific source, video or file",Google search suggestion
partial fractions formulas pdf class 12,Partial Fractions,specific source,"no: wants a specific source, video or file",Google search suggestion
partial fractions meaning in hindi,Partial Fractions,other language,no: wants it in another language,Google search suggestion
partial fractions meaning in sinhala,Partial Fractions,other language,no: wants it in another language,Google search suggestion
partial fractions meaning in tamil,Partial Fractions,other language,no: wants it in another language,Google search suggestion
partial fractions meaning in telugu,Partial Fractions,other language,no: wants it in another language,Google search suggestion
partial fractions meaning in urdu,Partial Fractions,other language,no: wants it in another language,Google search suggestion
partial fractions practice problems pdf,Partial Fractions,specific source,"no: wants a specific source, video or file",Google search suggestion
partial fractions practice questions a level maths,Partial Fractions,specific source,"no: wants a specific source, video or file",Google search suggestion
partial fractions problems and solutions pdf,Partial Fractions,specific source,"no: wants a specific source, video or file",Google search suggestion
partial fractions questions a level,Partial Fractions,specific source,"no: wants a specific source, video or file",Google search suggestion
partial fractions questions a level maths,Partial Fractions,specific source,"no: wants a specific source, video or file",Google search suggestion
partial fractions questions and answers pdf,Partial Fractions,specific source,"no: wants a specific source, video or file",Google search suggestion
partial fractions questions pdf,Partial Fractions,specific source,"no: wants a specific source, video or file",Google search suggestion
partial fractions worksheets,Partial Fractions,specific source,"no: wants a specific source, video or file",Google search suggestion
comparison test for improper integrals practice problems,Improper Integrals,practice,yes,Google search suggestion
divergent improper integrals examples,Improper Integrals,examples,yes,Google search suggestion
how to calculate improper integrals,Improper Integrals,how to,yes,Google search suggestion
how to determine improper integrals,Improper Integrals,how to,yes,Google search suggestion
how to do improper integrals on ti 84,Improper Integrals,how to,yes,Google search suggestion
how to evaluate improper integrals,Improper Integrals,how to,yes,Google search suggestion
how to handle improper integrals,Improper Integrals,how to,yes,Google search suggestion
how to identify improper integrals,Improper Integrals,how to,yes,Google search suggestion
how to improper integrals,Improper Integrals,how to,yes,Google search suggestion
how to recognize improper integrals,Improper Integrals,how to,yes,Google search suggestion
how to solve improper integrals,Improper Integrals,how to,yes,Google search suggestion
how to spot improper integrals,Improper Integrals,how to,yes,Google search suggestion
improper integral rules,Improper Integrals,formula,yes,Google search suggestion
improper integrals,Improper Integrals,topic,yes,Google search suggestion
improper integrals analysis,Improper Integrals,topic,yes,Google search suggestion
improper integrals calc 2,Improper Integrals,topic,yes,Google search suggestion
improper integrals calc 2 practice problems,Improper Integrals,practice,yes,Google search suggestion
improper integrals calc bc,Improper Integrals,topic,yes,Google search suggestion
improper integrals common mistakes,Improper Integrals,examples,yes,added: the page answers this
improper integrals converge or diverge,Improper Integrals,topic,yes,Google search suggestion
improper integrals definition,Improper Integrals,definition,yes,Google search suggestion
improper integrals example problems,Improper Integrals,practice,yes,Google search suggestion
improper integrals examples,Improper Integrals,examples,yes,Google search suggestion
improper integrals examples and solutions,Improper Integrals,examples,yes,Google search suggestion
improper integrals examples with answers,Improper Integrals,practice,yes,Google search suggestion
improper integrals explained,Improper Integrals,definition,yes,Google search suggestion
improper integrals explained simply,Improper Integrals,definition,yes,added: the page answers this
improper integrals for beginners,Improper Integrals,definition,yes,added: the page answers this
improper integrals for dummies,Improper Integrals,definition,yes,Google search suggestion
improper integrals forms,Improper Integrals,topic,yes,Google search suggestion
improper integrals formula,Improper Integrals,formula,yes,Google search suggestion
improper integrals formula sheet,Improper Integrals,formula,yes,Google search suggestion
improper integrals hard examples,Improper Integrals,examples,yes,Google search suggestion
improper integrals of first and second kind,Improper Integrals,topic,yes,Google search suggestion
improper integrals of type 1,Improper Integrals,topic,yes,Google search suggestion
improper integrals of type 2,Improper Integrals,topic,yes,Google search suggestion
improper integrals practice,Improper Integrals,practice,yes,Google search suggestion
improper integrals practice problems,Improper Integrals,practice,yes,Google search suggestion
improper integrals practice problems with answers,Improper Integrals,practice,yes,added: the page answers this
improper integrals practice problems with hints,Improper Integrals,practice,yes,added: the page answers this
improper integrals practice problems with solutions,Improper Integrals,practice,yes,Google search suggestion
improper integrals problems,Improper Integrals,practice,yes,Google search suggestion
improper integrals questions,Improper Integrals,practice,yes,Google search suggestion
improper integrals questions and solutions,Improper Integrals,practice,yes,Google search suggestion
improper integrals questions with answers,Improper Integrals,practice,yes,Google search suggestion
improper integrals quiz,Improper Integrals,practice,yes,added: the page answers this
improper integrals sample problems,Improper Integrals,practice,yes,Google search suggestion
improper integrals step by step,Improper Integrals,examples,yes,added: the page answers this
improper integrals summary,Improper Integrals,topic,yes,Google search suggestion
improper integrals type 1 examples,Improper Integrals,examples,yes,Google search suggestion
improper integrals with discontinuities,Improper Integrals,topic,yes,Google search suggestion
improper integrals with discontinuous integrands,Improper Integrals,topic,yes,Google search suggestion
improper integrals with finite bounds,Improper Integrals,topic,yes,Google search suggestion
improper integrals with infinite bounds,Improper Integrals,topic,yes,Google search suggestion
improper integrals with infinite discontinuities,Improper Integrals,topic,yes,Google search suggestion
improper integrals with infinite limits of integration,Improper Integrals,topic,yes,Google search suggestion
improper integrals with trig functions,Improper Integrals,topic,yes,Google search suggestion
improper integrals with two infinite limits,Improper Integrals,topic,yes,Google search suggestion
improper integrals with unbounded integrands,Improper Integrals,topic,yes,Google search suggestion
improper integrals with vertical asymptotes,Improper Integrals,topic,yes,Google search suggestion
improper integrals worked example,Improper Integrals,examples,yes,added: the page answers this
proper and improper integrals examples,Improper Integrals,examples,yes,Google search suggestion
proper vs improper integrals,Improper Integrals,topic,yes,Google search suggestion
properties of improper integrals,Improper Integrals,topic,yes,Google search suggestion
what are improper integrals used for,Improper Integrals,definition,yes,Google search suggestion
what do improper integrals look like,Improper Integrals,topic,yes,Google search suggestion
what is an improper integral definition,Improper Integrals,definition,yes,Google search suggestion
what is improper integral in calculus,Improper Integrals,definition,yes,Google search suggestion
what is improper integral of first kind,Improper Integrals,definition,yes,Google search suggestion
what is improper integral of second kind,Improper Integrals,definition,yes,Google search suggestion
what is improper integral with example,Improper Integrals,examples,yes,Google search suggestion
what is improper integrals,Improper Integrals,definition,yes,Google search suggestion
what is improper riemann integral,Improper Integrals,definition,yes,Google search suggestion
what makes an integral improper,Improper Integrals,topic,yes,Google search suggestion
what unit is improper integrals calc bc,Improper Integrals,topic,yes,Google search suggestion
when to use improper integrals,Improper Integrals,how to,yes,Google search suggestion
improper integral formula pdf,Improper Integrals,specific source,"no: wants a specific source, video or file",Google search suggestion
improper integrals calculator,Improper Integrals,tool,no: wants a calculator or tool,Google search suggestion
improper integrals examples and solutions pdf,Improper Integrals,specific source,"no: wants a specific source, video or file",Google search suggestion
improper integrals examples pdf,Improper Integrals,specific source,"no: wants a specific source, video or file",Google search suggestion
improper integrals organic chemistry tutor,Improper Integrals,other subject,no: a different subject,Google search suggestion
improper integrals practice problems pdf,Improper Integrals,specific source,"no: wants a specific source, video or file",Google search suggestion
improper integrals problems and solutions pdf,Improper Integrals,specific source,"no: wants a specific source, video or file",Google search suggestion
improper integrals questions and solutions pdf,Improper Integrals,specific source,"no: wants a specific source, video or file",Google search suggestion
improper integrals solved problems pdf,Improper Integrals,specific source,"no: wants a specific source, video or file",Google search suggestion
improper integrals tutorial,Improper Integrals,specific source,"no: wants a specific source, video or file",Google search suggestion
acid ratio test formula,Series Convergence Tests,formula,yes,Google search suggestion
acid test ratio examples,Series Convergence Tests,examples,yes,Google search suggestion
acid test ratio explained,Series Convergence Tests,definition,yes,Google search suggestion
all convergence tests for series,Series Convergence Tests,topic,yes,Google search suggestion
convergence tests for series,Series Convergence Tests,topic,yes,Google search suggestion
convergence tests for series cheat sheet,Series Convergence Tests,formula,yes,Google search suggestion
convergence tests for series practice problems,Series Convergence Tests,practice,yes,Google search suggestion
convergence tests practice problems,Series Convergence Tests,practice,yes,Google search suggestion
ct ratio test formula,Series Convergence Tests,formula,yes,Google search suggestion
d alembert ratio test examples,Series Convergence Tests,examples,yes,Google search suggestion
how does ratio test work,Series Convergence Tests,how to,yes,Google search suggestion
how many series convergence tests are there,Series Convergence Tests,topic,yes,Google search suggestion
how to acid test ratio,Series Convergence Tests,how to,yes,Google search suggestion
how to calculate acid ratio test,Series Convergence Tests,how to,yes,Google search suggestion
how to do acid ratio test,Series Convergence Tests,how to,yes,Google search suggestion
how to find acid ratio test,Series Convergence Tests,how to,yes,Google search suggestion
how to know which test to use for series convergence,Series Convergence Tests,practice,yes,Google search suggestion
how to ratio test,Series Convergence Tests,how to,yes,Google search suggestion
how to use ratio test,Series Convergence Tests,how to,yes,Google search suggestion
how to use ratio test for convergence,Series Convergence Tests,how to,yes,Google search suggestion
pt ratio test formula,Series Convergence Tests,formula,yes,Google search suggestion
ratio analysis test bank,Series Convergence Tests,topic,yes,Google search suggestion
ratio and root test examples,Series Convergence Tests,examples,yes,Google search suggestion
ratio and root test explained,Series Convergence Tests,definition,yes,Google search suggestion
ratio and root test practice problems,Series Convergence Tests,practice,yes,Google search suggestion
ratio practice problems,Series Convergence Tests,practice,yes,Google search suggestion
ratio practice problems 6th grade,Series Convergence Tests,practice,yes,Google search suggestion
ratio practice problems 7th grade,Series Convergence Tests,practice,yes,Google search suggestion
ratio practice problems 8th grade,Series Convergence Tests,practice,yes,Google search suggestion
ratio practice problems with answers,Series Convergence Tests,practice,yes,Google search suggestion
ratio test,Series Convergence Tests,topic,yes,Google search suggestion
ratio test analysis,Series Convergence Tests,topic,yes,Google search suggestion
ratio test calc 2,Series Convergence Tests,topic,yes,Google search suggestion
ratio test calculation,Series Convergence Tests,topic,yes,Google search suggestion
ratio test calculus,Series Convergence Tests,topic,yes,Google search suggestion
ratio test common mistakes,Series Convergence Tests,examples,yes,added: the page answers this
ratio test conditions,Series Convergence Tests,topic,yes,Google search suggestion
ratio test example problems,Series Convergence Tests,practice,yes,Google search suggestion
ratio test examples,Series Convergence Tests,examples,yes,Google search suggestion
ratio test examples with solutions,Series Convergence Tests,practice,yes,Google search suggestion
ratio test explained,Series Convergence Tests,definition,yes,Google search suggestion
ratio test explained simply,Series Convergence Tests,definition,yes,added: the page answers this
ratio test for absolute convergence,Series Convergence Tests,topic,yes,Google search suggestion
ratio test for beginners,Series Convergence Tests,definition,yes,added: the page answers this
ratio test for convergence,Series Convergence Tests,topic,yes,Google search suggestion
ratio test for convergence examples,Series Convergence Tests,examples,yes,Google search suggestion
ratio test for convergence of series,Series Convergence Tests,topic,yes,Google search suggestion
ratio test for convergence practice problems,Series Convergence Tests,practice,yes,Google search suggestion
ratio test for interval of convergence,Series Convergence Tests,topic,yes,Google search suggestion
ratio test for limits,Series Convergence Tests,topic,yes,Google search suggestion
ratio test for radius of convergence,Series Convergence Tests,topic,yes,Google search suggestion
ratio test for sequences,Series Convergence Tests,topic,yes,Google search suggestion
ratio test for series,Series Convergence Tests,topic,yes,Google search suggestion
ratio test for series convergence,Series Convergence Tests,topic,yes,Google search suggestion
ratio test formula,Series Convergence Tests,formula,yes,Google search suggestion
ratio test meaning,Series Convergence Tests,definition,yes,Google search suggestion
ratio test practice problems,Series Convergence Tests,practice,yes,Google search suggestion
ratio test practice problems with answers,Series Convergence Tests,practice,yes,added: the page answers this
ratio test practice problems with hints,Series Convergence Tests,practice,yes,added: the page answers this
ratio test problems,Series Convergence Tests,practice,yes,Google search suggestion
ratio test quiz,Series Convergence Tests,practice,yes,added: the page answers this
ratio test rules,Series Convergence Tests,formula,yes,Google search suggestion
ratio test series,Series Convergence Tests,topic,yes,Google search suggestion
ratio test series examples,Series Convergence Tests,examples,yes,Google search suggestion
ratio test step by step,Series Convergence Tests,examples,yes,added: the page answers this
ratio test summary,Series Convergence Tests,topic,yes,Google search suggestion
ratio test with alternating series,Series Convergence Tests,topic,yes,Google search suggestion
ratio test with example,Series Convergence Tests,examples,yes,Google search suggestion
ratio test with factorials,Series Convergence Tests,topic,yes,Google search suggestion
ratio test worked example,Series Convergence Tests,examples,yes,added: the page answers this
root test practice problems,Series Convergence Tests,practice,yes,Google search suggestion
series convergence test practice problems,Series Convergence Tests,practice,yes,Google search suggestion
series convergence test problems,Series Convergence Tests,practice,yes,Google search suggestion
series convergence tests,Series Convergence Tests,topic,yes,Google search suggestion
series convergence tests calc 2,Series Convergence Tests,topic,yes,Google search suggestion
series convergence tests calc bc,Series Convergence Tests,topic,yes,Google search suggestion
series convergence tests cheat sheet,Series Convergence Tests,formula,yes,Google search suggestion
series convergence tests common mistakes,Series Convergence Tests,examples,yes,added: the page answers this
series convergence tests examples,Series Convergence Tests,examples,yes,Google search suggestion
series convergence tests explained simply,Series Convergence Tests,definition,yes,added: the page answers this
series convergence tests flow chart,Series Convergence Tests,formula,yes,Google search suggestion
series convergence tests for beginners,Series Convergence Tests,definition,yes,added: the page answers this
series convergence tests practice,Series Convergence Tests,practice,yes,Google search suggestion
series convergence tests practice problems with answers,Series Convergence Tests,practice,yes,added: the page answers this
series convergence tests practice problems with hints,Series Convergence Tests,practice,yes,added: the page answers this
series convergence tests quiz,Series Convergence Tests,practice,yes,added: the page answers this
series convergence tests step by step,Series Convergence Tests,examples,yes,added: the page answers this
series convergence tests summary,Series Convergence Tests,topic,yes,Google search suggestion
series convergence tests worked example,Series Convergence Tests,examples,yes,added: the page answers this
series tests for convergence and divergence,Series Convergence Tests,topic,yes,Google search suggestion
variance ratio test formula,Series Convergence Tests,formula,yes,Google search suggestion
voltage ratio test formula,Series Convergence Tests,formula,yes,Google search suggestion
what are the series convergence tests,Series Convergence Tests,definition,yes,Google search suggestion
what is ag ratio test,Series Convergence Tests,definition,yes,Google search suggestion
what is ratio test,Series Convergence Tests,definition,yes,Google search suggestion
what is ratio test for convergence,Series Convergence Tests,definition,yes,Google search suggestion
what is ratio test for series,Series Convergence Tests,definition,yes,Google search suggestion
what is ratio test in real analysis,Series Convergence Tests,definition,yes,Google search suggestion
what is ratio test in sequence and series,Series Convergence Tests,definition,yes,Google search suggestion
what is the ratio test,Series Convergence Tests,definition,yes,Google search suggestion
when to do ratio test,Series Convergence Tests,how to,yes,Google search suggestion
when to use convergence tests,Series Convergence Tests,how to,yes,Google search suggestion
when to use d'alembert ratio test,Series Convergence Tests,how to,yes,Google search suggestion
when to use different convergence tests,Series Convergence Tests,how to,yes,Google search suggestion
when to use ratio and root tests,Series Convergence Tests,how to,yes,Google search suggestion
when to use ratio or root test,Series Convergence Tests,how to,yes,Google search suggestion
when to use ratio paired t test,Series Convergence Tests,how to,yes,Google search suggestion
when to use ratio test,Series Convergence Tests,how to,yes,Google search suggestion
when to use ratio test for convergence,Series Convergence Tests,how to,yes,Google search suggestion
when to use ratio test series,Series Convergence Tests,how to,yes,Google search suggestion
when to use ratio test vs root test,Series Convergence Tests,practice,yes,Google search suggestion
convergence tests for series pdf,Series Convergence Tests,specific source,"no: wants a specific source, video or file",Google search suggestion
how to interpret likelihood ratio test,Series Convergence Tests,other subject,no: a different subject,Google search suggestion
how to use likelihood ratio test,Series Convergence Tests,other subject,no: a different subject,Google search suggestion
likelihood ratio test examples,Series Convergence Tests,other subject,no: a different subject,Google search suggestion
likelihood ratio test explained,Series Convergence Tests,other subject,no: a different subject,Google search suggestion
likelihood ratio test formula,Series Convergence Tests,other subject,no: a different subject,Google search suggestion
likelihood ratio test practice problems,Series Convergence Tests,other subject,no: a different subject,Google search suggestion
ratio practice problems 6th grade pdf,Series Convergence Tests,specific source,"no: wants a specific source, video or file",Google search suggestion
ratio practice problems pdf,Series Convergence Tests,specific source,"no: wants a specific source, video or file",Google search suggestion
ratio practice problems with solutions pdf,Series Convergence Tests,specific source,"no: wants a specific source, video or file",Google search suggestion
ratio practice problems worksheet,Series Convergence Tests,specific source,"no: wants a specific source, video or file",Google search suggestion
ratio test calculator,Series Convergence Tests,tool,no: wants a calculator or tool,Google search suggestion
ratio test examples with solutions pdf,Series Convergence Tests,specific source,"no: wants a specific source, video or file",Google search suggestion
ratio test formula in transformer,Series Convergence Tests,other subject,no: a different subject,Google search suggestion
ratio test meaning in hindi,Series Convergence Tests,other language,no: wants it in another language,Google search suggestion
ratio test of transformer,Series Convergence Tests,other subject,no: a different subject,Google search suggestion
series convergence tests calculator,Series Convergence Tests,tool,no: wants a calculator or tool,Google search suggestion
series convergence tests pdf,Series Convergence Tests,specific source,"no: wants a specific source, video or file",Google search suggestion
series convergence tests worksheet,Series Convergence Tests,specific source,"no: wants a specific source, video or file",Google search suggestion
what is likelihood ratio test,Series Convergence Tests,other subject,no: a different subject,Google search suggestion
what is ratio test in current transformer,Series Convergence Tests,other subject,no: a different subject,Google search suggestion
what is ratio test in transformer,Series Convergence Tests,other subject,no: a different subject,Google search suggestion
what is testosterone ratio,Series Convergence Tests,other subject,no: a different subject,Google search suggestion
when to use likelihood ratio test,Series Convergence Tests,other subject,no: a different subject,Google search suggestion
how to calculate taylor series,Power & Taylor Series,how to,yes,Google search suggestion
how to derive taylor series,Power & Taylor Series,proof,yes,Google search suggestion
how to do power series,Power & Taylor Series,how to,yes,Google search suggestion
how to find maclaurin series,Power & Taylor Series,how to,yes,Google search suggestion
how to find maclaurin series for sinx,Power & Taylor Series,how to,yes,Google search suggestion
how to find maclaurin series of a function,Power & Taylor Series,how to,yes,Google search suggestion
how to find maclaurin series radius of convergence,Power & Taylor Series,how to,yes,Google search suggestion
how to find power series representation,Power & Taylor Series,how to,yes,Google search suggestion
how to find taylor series,Power & Taylor Series,how to,yes,Google search suggestion
how to find taylor series of a function,Power & Taylor Series,how to,yes,Google search suggestion
how to maclaurin series,Power & Taylor Series,how to,yes,Google search suggestion
how to make taylor series,Power & Taylor Series,how to,yes,Google search suggestion
how to memorize maclaurin series,Power & Taylor Series,how to,yes,Google search suggestion
how to power series,Power & Taylor Series,how to,yes,Google search suggestion
how to prove taylor series,Power & Taylor Series,proof,yes,Google search suggestion
how to solve maclaurin series,Power & Taylor Series,how to,yes,Google search suggestion
how to solve taylor series,Power & Taylor Series,how to,yes,Google search suggestion
how to taylor series,Power & Taylor Series,how to,yes,Google search suggestion
how to turn series 10 apple watch on,Power & Taylor Series,how to,yes,Google search suggestion
how to turn series 3 apple watch on,Power & Taylor Series,how to,yes,Google search suggestion
how to turn series 7 apple watch on,Power & Taylor Series,how to,yes,Google search suggestion
how to turn series 9 apple watch on,Power & Taylor Series,how to,yes,Google search suggestion
how to turn series on,Power & Taylor Series,how to,yes,Google search suggestion
how to use maclaurin series,Power & Taylor Series,how to,yes,Google search suggestion
how to use taylor series,Power & Taylor Series,how to,yes,Google search suggestion
how to watch power series,Power & Taylor Series,how to,yes,Google search suggestion
how to write taylor series,Power & Taylor Series,how to,yes,Google search suggestion
is power added in series,Power & Taylor Series,topic,yes,Google search suggestion
maclaurin expansion explained,Power & Taylor Series,definition,yes,Google search suggestion
maclaurin series,Power & Taylor Series,topic,yes,Google search suggestion
maclaurin series common mistakes,Power & Taylor Series,examples,yes,added: the page answers this
maclaurin series definition,Power & Taylor Series,definition,yes,Google search suggestion
maclaurin series example problems,Power & Taylor Series,practice,yes,Google search suggestion
maclaurin series examples,Power & Taylor Series,examples,yes,Google search suggestion
maclaurin series examples and solutions,Power & Taylor Series,examples,yes,Google search suggestion
maclaurin series expansion,Power & Taylor Series,topic,yes,Google search suggestion
maclaurin series explained,Power & Taylor Series,definition,yes,Google search suggestion
maclaurin series explained simply,Power & Taylor Series,definition,yes,added: the page answers this
maclaurin series for 1/1-x,Power & Taylor Series,topic,yes,Google search suggestion
maclaurin series for arctan x,Power & Taylor Series,topic,yes,Google search suggestion
maclaurin series for beginners,Power & Taylor Series,definition,yes,added: the page answers this
maclaurin series for cos x,Power & Taylor Series,topic,yes,Google search suggestion
maclaurin series for e^x,Power & Taylor Series,topic,yes,Google search suggestion
maclaurin series for ln x,Power & Taylor Series,topic,yes,Google search suggestion
maclaurin series for ln(1+x),Power & Taylor Series,topic,yes,Google search suggestion
maclaurin series for sin,Power & Taylor Series,topic,yes,Google search suggestion
maclaurin series for sinx,Power & Taylor Series,topic,yes,Google search suggestion
maclaurin series for tanx,Power & Taylor Series,topic,yes,Google search suggestion
maclaurin series formula,Power & Taylor Series,formula,yes,Google search suggestion
maclaurin series formula for cos x,Power & Taylor Series,formula,yes,Google search suggestion
maclaurin series formula for e x,Power & Taylor Series,formula,yes,Google search suggestion
maclaurin series formula for sinx,Power & Taylor Series,formula,yes,Google search suggestion
maclaurin series formula for tanx,Power & Taylor Series,formula,yes,Google search suggestion
maclaurin series formula for two variables,Power & Taylor Series,formula,yes,Google search suggestion
maclaurin series formula ln 1 x,Power & Taylor Series,formula,yes,Google search suggestion
maclaurin series formula proof,Power & Taylor Series,proof,yes,Google search suggestion
maclaurin series formula sheet,Power & Taylor Series,formula,yes,Google search suggestion
maclaurin series meaning,Power & Taylor Series,definition,yes,Google search suggestion
maclaurin series practice problems,Power & Taylor Series,practice,yes,Google search suggestion
maclaurin series practice problems with answers,Power & Taylor Series,practice,yes,added: the page answers this
maclaurin series practice problems with hints,Power & Taylor Series,practice,yes,added: the page answers this
maclaurin series problems,Power & Taylor Series,practice,yes,Google search suggestion
maclaurin series problems and solutions,Power & Taylor Series,practice,yes,Google search suggestion
maclaurin series quiz,Power & Taylor Series,practice,yes,added: the page answers this
maclaurin series sample problems with solutions,Power & Taylor Series,practice,yes,Google search suggestion
maclaurin series solved problems,Power & Taylor Series,practice,yes,Google search suggestion
maclaurin series step by step,Power & Taylor Series,examples,yes,added: the page answers this
maclaurin series vs taylor series,Power & Taylor Series,topic,yes,Google search suggestion
maclaurin series with examples,Power & Taylor Series,examples,yes,Google search suggestion
maclaurin series worked example,Power & Taylor Series,examples,yes,added: the page answers this
power series,Power & Taylor Series,topic,yes,Google search suggestion
power series analysis,Power & Taylor Series,topic,yes,Google search suggestion
power series calc 2 practice problems,Power & Taylor Series,practice,yes,Google search suggestion
power series calculus,Power & Taylor Series,topic,yes,Google search suggestion
power series calculus 2,Power & Taylor Series,topic,yes,Google search suggestion
power series cast,Power & Taylor Series,topic,yes,Google search suggestion
power series common mistakes,Power & Taylor Series,examples,yes,added: the page answers this
power series definition,Power & Taylor Series,definition,yes,Google search suggestion
power series definition math,Power & Taylor Series,definition,yes,Google search suggestion
power series example problems,Power & Taylor Series,practice,yes,Google search suggestion
power series examples,Power & Taylor Series,examples,yes,Google search suggestion
power series examples and solutions,Power & Taylor Series,examples,yes,Google search suggestion
power series expansion examples,Power & Taylor Series,examples,yes,Google search suggestion
power series explained,Power & Taylor Series,definition,yes,Google search suggestion
power series explained calc 2,Power & Taylor Series,definition,yes,Google search suggestion
power series explained simply,Power & Taylor Series,definition,yes,Google search suggestion
power series for 1/1-x,Power & Taylor Series,topic,yes,Google search suggestion
power series for beginners,Power & Taylor Series,definition,yes,added: the page answers this
power series for cosine,Power & Taylor Series,topic,yes,Google search suggestion
power series for e^x,Power & Taylor Series,topic,yes,Google search suggestion
power series for ln x,Power & Taylor Series,topic,yes,Google search suggestion
power series for ln(1+x),Power & Taylor Series,topic,yes,Google search suggestion
power series for sin,Power & Taylor Series,topic,yes,Google search suggestion
power series for sinx,Power & Taylor Series,topic,yes,Google search suggestion
power series force,Power & Taylor Series,topic,yes,Google search suggestion
power series form,Power & Taylor Series,topic,yes,Google search suggestion
power series formula,Power & Taylor Series,formula,yes,Google search suggestion
power series formula 1/1-x,Power & Taylor Series,formula,yes,Google search suggestion
power series formula calc 2,Power & Taylor Series,formula,yes,Google search suggestion
power series formula calculus,Power & Taylor Series,formula,yes,Google search suggestion
power series formula example,Power & Taylor Series,examples,yes,Google search suggestion
power series formula in complex analysis,Power & Taylor Series,formula,yes,Google search suggestion
power series formula in maths,Power & Taylor Series,formula,yes,Google search suggestion
power series formula physics,Power & Taylor Series,formula,yes,Google search suggestion
power series formula sheet,Power & Taylor Series,formula,yes,Google search suggestion
power series interval of convergence practice problems,Power & Taylor Series,practice,yes,Google search suggestion
power series math,Power & Taylor Series,topic,yes,Google search suggestion
power series math examples,Power & Taylor Series,examples,yes,Google search suggestion
power series meaning,Power & Taylor Series,definition,yes,Google search suggestion
power series method examples,Power & Taylor Series,examples,yes,Google search suggestion
power series practice problems,Power & Taylor Series,practice,yes,Google search suggestion
power series practice problems with answers,Power & Taylor Series,practice,yes,added: the page answers this
power series practice problems with hints,Power & Taylor Series,practice,yes,added: the page answers this
power series problems,Power & Taylor Series,practice,yes,Google search suggestion
power series problems and solutions,Power & Taylor Series,practice,yes,Google search suggestion
power series questions,Power & Taylor Series,practice,yes,Google search suggestion
power series questions and answers,Power & Taylor Series,practice,yes,Google search suggestion
power series quiz,Power & Taylor Series,practice,yes,added: the page answers this
power series representation examples,Power & Taylor Series,examples,yes,Google search suggestion
power series representation practice problems,Power & Taylor Series,practice,yes,Google search suggestion
power series sample problems with solutions,Power & Taylor Series,practice,yes,Google search suggestion
power series solved examples,Power & Taylor Series,examples,yes,Google search suggestion
power series step by step,Power & Taylor Series,examples,yes,added: the page answers this
power series summary,Power & Taylor Series,topic,yes,Google search suggestion
power series with 50 cent,Power & Taylor Series,topic,yes,Google search suggestion
power series with ln,Power & Taylor Series,topic,yes,Google search suggestion
power series worked example,Power & Taylor Series,examples,yes,added: the page answers this
power show explained,Power & Taylor Series,definition,yes,Google search suggestion
power show with 50 cent,Power & Taylor Series,topic,yes,Google search suggestion
power-series definition of the matrix exponential,Power & Taylor Series,definition,yes,Google search suggestion
ratio test for power series,Power & Taylor Series,practice,yes,Google search suggestion
ratio test formula for power series,Power & Taylor Series,practice,yes,Google search suggestion
ratio test with power series,Power & Taylor Series,practice,yes,Google search suggestion
representing functions as power series practice problems,Power & Taylor Series,practice,yes,Google search suggestion
taylor approximation explained,Power & Taylor Series,definition,yes,Google search suggestion
taylor approximation problems,Power & Taylor Series,practice,yes,Google search suggestion
taylor expansion examples,Power & Taylor Series,examples,yes,Google search suggestion
taylor expansion explained,Power & Taylor Series,definition,yes,Google search suggestion
taylor expansion practice problems,Power & Taylor Series,practice,yes,Google search suggestion
taylor expansion problems,Power & Taylor Series,practice,yes,Google search suggestion
taylor polynomial examples,Power & Taylor Series,examples,yes,Google search suggestion
taylor polynomial examples and solutions,Power & Taylor Series,examples,yes,Google search suggestion
taylor polynomial explained,Power & Taylor Series,definition,yes,Google search suggestion
taylor polynomial practice problems,Power & Taylor Series,practice,yes,Google search suggestion
taylor polynomial problems,Power & Taylor Series,practice,yes,Google search suggestion
taylor series,Power & Taylor Series,topic,yes,Google search suggestion
taylor series approximation,Power & Taylor Series,topic,yes,Google search suggestion
taylor series common mistakes,Power & Taylor Series,examples,yes,added: the page answers this
taylor series definition,Power & Taylor Series,definition,yes,Google search suggestion
taylor series example problems,Power & Taylor Series,practice,yes,Google search suggestion
taylor series examples,Power & Taylor Series,examples,yes,Google search suggestion
taylor series examples and solutions,Power & Taylor Series,examples,yes,Google search suggestion
taylor series examples with answers,Power & Taylor Series,practice,yes,Google search suggestion
taylor series expansion,Power & Taylor Series,topic,yes,Google search suggestion
taylor series expansion of e^x,Power & Taylor Series,topic,yes,Google search suggestion
taylor series explained,Power & Taylor Series,definition,yes,Google search suggestion
taylor series explained for dummies,Power & Taylor Series,definition,yes,Google search suggestion
taylor series explained simply,Power & Taylor Series,definition,yes,Google search suggestion
taylor series for beginners,Power & Taylor Series,definition,yes,added: the page answers this
taylor series for cos x,Power & Taylor Series,topic,yes,Google search suggestion
taylor series for e,Power & Taylor Series,topic,yes,Google search suggestion
taylor series for e^x,Power & Taylor Series,topic,yes,Google search suggestion
taylor series for ln x,Power & Taylor Series,topic,yes,Google search suggestion
taylor series for ln(1+x),Power & Taylor Series,topic,yes,Google search suggestion
taylor series for sin,Power & Taylor Series,topic,yes,Google search suggestion
taylor series for sin and cos,Power & Taylor Series,topic,yes,Google search suggestion
taylor series for sine,Power & Taylor Series,topic,yes,Google search suggestion
taylor series for sinx,Power & Taylor Series,topic,yes,Google search suggestion
taylor series formula,Power & Taylor Series,formula,yes,Google search suggestion
taylor series formula derivation,Power & Taylor Series,proof,yes,Google search suggestion
taylor series formula example,Power & Taylor Series,examples,yes,Google search suggestion
taylor series formula expansion,Power & Taylor Series,formula,yes,Google search suggestion
taylor series formula for e^x,Power & Taylor Series,formula,yes,Google search suggestion
taylor series formula for sin x,Power & Taylor Series,formula,yes,Google search suggestion
taylor series formula for two variables,Power & Taylor Series,formula,yes,Google search suggestion
taylor series formula multivariable,Power & Taylor Series,formula,yes,Google search suggestion
taylor series formula proof,Power & Taylor Series,proof,yes,Google search suggestion
taylor series formula square root,Power & Taylor Series,formula,yes,Google search suggestion
taylor series of cos x,Power & Taylor Series,topic,yes,Google search suggestion
taylor series of e^x,Power & Taylor Series,topic,yes,Google search suggestion
taylor series of ln x,Power & Taylor Series,topic,yes,Google search suggestion
taylor series of sinx,Power & Taylor Series,topic,yes,Google search suggestion
taylor series practice problems,Power & Taylor Series,practice,yes,Google search suggestion
taylor series practice problems with answers,Power & Taylor Series,practice,yes,Google search suggestion
taylor series practice problems with hints,Power & Taylor Series,practice,yes,added: the page answers this
taylor series practice problems with solutions,Power & Taylor Series,practice,yes,Google search suggestion
taylor series problem example,Power & Taylor Series,practice,yes,Google search suggestion
taylor series problem set,Power & Taylor Series,practice,yes,Google search suggestion
taylor series problems,Power & Taylor Series,practice,yes,Google search suggestion
taylor series problems and solutions,Power & Taylor Series,practice,yes,Google search suggestion
taylor series quiz,Power & Taylor Series,practice,yes,added: the page answers this
taylor series sample problems,Power & Taylor Series,practice,yes,Google search suggestion
taylor series step by step,Power & Taylor Series,examples,yes,added: the page answers this
taylor series summary,Power & Taylor Series,topic,yes,Google search suggestion
taylor series with 2 variables,Power & Taylor Series,topic,yes,Google search suggestion
taylor series with cos,Power & Taylor Series,topic,yes,Google search suggestion
taylor series with e,Power & Taylor Series,topic,yes,Google search suggestion
taylor series with error term,Power & Taylor Series,topic,yes,Google search suggestion
taylor series with example,Power & Taylor Series,examples,yes,Google search suggestion
taylor series with integral remainder,Power & Taylor Series,topic,yes,Google search suggestion
taylor series with lagrange remainder,Power & Taylor Series,topic,yes,Google search suggestion
taylor series with ln,Power & Taylor Series,topic,yes,Google search suggestion
taylor series with remainder,Power & Taylor Series,topic,yes,Google search suggestion
taylor series with remainder term,Power & Taylor Series,topic,yes,Google search suggestion
taylor series with two variables,Power & Taylor Series,topic,yes,Google search suggestion
taylor series worked example,Power & Taylor Series,examples,yes,added: the page answers this
what is maclaurin series,Power & Taylor Series,definition,yes,Google search suggestion
what is maclaurin series expansion,Power & Taylor Series,definition,yes,Google search suggestion
what is maclaurin series for cos x,Power & Taylor Series,definition,yes,Google search suggestion
what is maclaurin series for sinx,Power & Taylor Series,definition,yes,Google search suggestion
what is maclaurin series formula,Power & Taylor Series,definition,yes,Google search suggestion
what is maclaurin series of e x,Power & Taylor Series,definition,yes,Google search suggestion
what is maclaurin series of ln 1 x,Power & Taylor Series,definition,yes,Google search suggestion
what is maclaurin series of sin x,Power & Taylor Series,definition,yes,Google search suggestion
what is maclaurin series used for,Power & Taylor Series,definition,yes,Google search suggestion
what is power series,Power & Taylor Series,definition,yes,Google search suggestion
what is power series all about,Power & Taylor Series,definition,yes,Google search suggestion
what is power series calc 2,Power & Taylor Series,definition,yes,Google search suggestion
what is power series expansion,Power & Taylor Series,definition,yes,Google search suggestion
what is power series in complex analysis,Power & Taylor Series,definition,yes,Google search suggestion
what is power series in mathematics,Power & Taylor Series,definition,yes,Google search suggestion
what is power series method,Power & Taylor Series,definition,yes,Google search suggestion
what is power series representation,Power & Taylor Series,definition,yes,Google search suggestion
what is power series used for,Power & Taylor Series,definition,yes,Google search suggestion
what is taylor series,Power & Taylor Series,definition,yes,Google search suggestion
what is taylor series and maclaurin series,Power & Taylor Series,definition,yes,Google search suggestion
what is taylor series approximation,Power & Taylor Series,definition,yes,Google search suggestion
what is taylor series expansion,Power & Taylor Series,definition,yes,Google search suggestion
what is taylor series expansion used for,Power & Taylor Series,definition,yes,Google search suggestion
what is taylor series formula,Power & Taylor Series,definition,yes,Google search suggestion
what is taylor series in calculus,Power & Taylor Series,definition,yes,Google search suggestion
what is taylor series used for,Power & Taylor Series,definition,yes,Google search suggestion
when can you use taylor series,Power & Taylor Series,how to,yes,Google search suggestion
when do i use taylor series,Power & Taylor Series,how to,yes,Google search suggestion
when to use maclaurin series,Power & Taylor Series,how to,yes,Google search suggestion
when to use power series,Power & Taylor Series,how to,yes,Google search suggestion
when to use taylor and maclaurin series,Power & Taylor Series,how to,yes,Google search suggestion
when to use taylor expansion,Power & Taylor Series,how to,yes,Google search suggestion
when to use taylor series,Power & Taylor Series,how to,yes,Google search suggestion
when to use taylor series expansion,Power & Taylor Series,how to,yes,Google search suggestion
when to use taylor vs maclaurin series,Power & Taylor Series,how to,yes,Google search suggestion
where does taylor series come from,Power & Taylor Series,topic,yes,Google search suggestion
how to watch power series in order,Power & Taylor Series,other subject,no: a different subject,Google search suggestion
maclaurin series calculator,Power & Taylor Series,tool,no: wants a calculator or tool,Google search suggestion
maclaurin series examples and solutions pdf,Power & Taylor Series,specific source,"no: wants a specific source, video or file",Google search suggestion
maclaurin series formula pdf,Power & Taylor Series,specific source,"no: wants a specific source, video or file",Google search suggestion
maclaurin series meaning in hindi,Power & Taylor Series,other language,no: wants it in another language,Google search suggestion
maclaurin series problems and solutions pdf,Power & Taylor Series,specific source,"no: wants a specific source, video or file",Google search suggestion
power series examples and solutions pdf,Power & Taylor Series,specific source,"no: wants a specific source, video or file",Google search suggestion
power series examples pdf,Power & Taylor Series,specific source,"no: wants a specific source, video or file",Google search suggestion
power series formula pdf,Power & Taylor Series,specific source,"no: wants a specific source, video or file",Google search suggestion
power series in order,Power & Taylor Series,other subject,no: a different subject,Google search suggestion
power series on netflix,Power & Taylor Series,other subject,no: a different subject,Google search suggestion
power series practice problems pdf,Power & Taylor Series,specific source,"no: wants a specific source, video or file",Google search suggestion
power series problems and solutions pdf,Power & Taylor Series,specific source,"no: wants a specific source, video or file",Google search suggestion
power series problems pdf,Power & Taylor Series,specific source,"no: wants a specific source, video or file",Google search suggestion
power series questions and answers pdf,Power & Taylor Series,specific source,"no: wants a specific source, video or file",Google search suggestion
power series starz,Power & Taylor Series,other subject,no: a different subject,Google search suggestion
power series where to watch,Power & Taylor Series,other subject,no: a different subject,Google search suggestion
power series with ghost,Power & Taylor Series,other subject,no: a different subject,Google search suggestion
power series with mary j blige,Power & Taylor Series,other subject,no: a different subject,Google search suggestion
power series with tariq,Power & Taylor Series,other subject,no: a different subject,Google search suggestion
power series with tommy,Power & Taylor Series,other subject,no: a different subject,Google search suggestion
power series with tommy and tariq,Power & Taylor Series,other subject,no: a different subject,Google search suggestion
power series with tommy egan,Power & Taylor Series,other subject,no: a different subject,Google search suggestion
power show with tommy,Power & Taylor Series,other subject,no: a different subject,Google search suggestion
taylor series examples and solutions pdf,Power & Taylor Series,specific source,"no: wants a specific source, video or file",Google search suggestion
taylor series examples and solutions ppt,Power & Taylor Series,specific source,"no: wants a specific source, video or file",Google search suggestion
taylor series examples and solutions ppt pdf,Power & Taylor Series,specific source,"no: wants a specific source, video or file",Google search suggestion
taylor series examples pdf,Power & Taylor Series,specific source,"no: wants a specific source, video or file",Google search suggestion
taylor series explained guitar,Power & Taylor Series,other subject,no: a different subject,Google search suggestion
taylor series explained pdf,Power & Taylor Series,specific source,"no: wants a specific source, video or file",Google search suggestion
taylor series practice problems pdf,Power & Taylor Series,specific source,"no: wants a specific source, video or file",Google search suggestion
taylor series practice problems with solutions pdf,Power & Taylor Series,specific source,"no: wants a specific source, video or file",Google search suggestion
taylor series problems and solutions pdf,Power & Taylor Series,specific source,"no: wants a specific source, video or file",Google search suggestion
taylor series problems pdf,Power & Taylor Series,specific source,"no: wants a specific source, video or file",Google search suggestion
who invented taylor series,Power & Taylor Series,other subject,no: a different subject,Google search suggestion
area of parametric equations formula,Parametric & Polar,formula,yes,Google search suggestion
calculus parametric equations practice problems,Parametric & Polar,practice,yes,Google search suggestion
derivative of parametric equations examples,Parametric & Polar,examples,yes,Google search suggestion
differentiating parametric equations formula,Parametric & Polar,formula,yes,Google search suggestion
how to differentiate parametric equations,Parametric & Polar,how to,yes,Google search suggestion
how to find parametric equations,Parametric & Polar,how to,yes,Google search suggestion
how to graph parametric equations,Parametric & Polar,how to,yes,Google search suggestion
how to integrate parametric equations,Parametric & Polar,how to,yes,Google search suggestion
how to parametric equations,Parametric & Polar,how to,yes,Google search suggestion
how to solve parametric equations,Parametric & Polar,how to,yes,Google search suggestion
integrating parametric equations formula,Parametric & Polar,formula,yes,Google search suggestion
parametric equation derivative practice problems,Parametric & Polar,practice,yes,Google search suggestion
parametric equations,Parametric & Polar,topic,yes,Google search suggestion
parametric equations and polar coordinates,Parametric & Polar,topic,yes,Google search suggestion
parametric equations calc 3,Parametric & Polar,topic,yes,Google search suggestion
parametric equations calculus 2,Parametric & Polar,topic,yes,Google search suggestion
parametric equations common mistakes,Parametric & Polar,examples,yes,added: the page answers this
parametric equations definition,Parametric & Polar,definition,yes,Google search suggestion
parametric equations derivative formula,Parametric & Polar,formula,yes,Google search suggestion
parametric equations equation,Parametric & Polar,formula,yes,Google search suggestion
parametric equations examples,Parametric & Polar,examples,yes,Google search suggestion
parametric equations examples with solutions,Parametric & Polar,practice,yes,Google search suggestion
parametric equations explained,Parametric & Polar,definition,yes,Google search suggestion
parametric equations explained simply,Parametric & Polar,definition,yes,added: the page answers this
parametric equations for a circle,Parametric & Polar,topic,yes,Google search suggestion
parametric equations for a line,Parametric & Polar,topic,yes,Google search suggestion
parametric equations for beginners,Parametric & Polar,definition,yes,added: the page answers this
parametric equations for curves,Parametric & Polar,topic,yes,Google search suggestion
parametric equations for ellipse,Parametric & Polar,topic,yes,Google search suggestion
parametric equations for parabola,Parametric & Polar,topic,yes,Google search suggestion
parametric equations for tangent line to curve,Parametric & Polar,topic,yes,Google search suggestion
parametric equations for vectors,Parametric & Polar,topic,yes,Google search suggestion
parametric equations form,Parametric & Polar,topic,yes,Google search suggestion
parametric equations formula,Parametric & Polar,formula,yes,Google search suggestion
parametric equations formula calc 3,Parametric & Polar,formula,yes,Google search suggestion
parametric equations formula sheet,Parametric & Polar,formula,yes,Google search suggestion
parametric equations meaning,Parametric & Polar,definition,yes,Google search suggestion
parametric equations meaning in math,Parametric & Polar,definition,yes,Google search suggestion
parametric equations of a line,Parametric & Polar,topic,yes,Google search suggestion
parametric equations of parabola,Parametric & Polar,topic,yes,Google search suggestion
parametric equations practice,Parametric & Polar,practice,yes,Google search suggestion
parametric equations practice problems,Parametric & Polar,practice,yes,Google search suggestion
parametric equations practice problems with answers,Parametric & Polar,practice,yes,added: the page answers this
parametric equations practice problems with hints,Parametric & Polar,practice,yes,added: the page answers this
parametric equations problems,Parametric & Polar,practice,yes,Google search suggestion
parametric equations problems and solutions,Parametric & Polar,practice,yes,Google search suggestion
parametric equations questions,Parametric & Polar,practice,yes,Google search suggestion
parametric equations questions and answers,Parametric & Polar,practice,yes,Google search suggestion
parametric equations quiz,Parametric & Polar,practice,yes,added: the page answers this
parametric equations real life examples,Parametric & Polar,examples,yes,Google search suggestion
parametric equations sample problems,Parametric & Polar,practice,yes,Google search suggestion
parametric equations second derivative formula,Parametric & Polar,formula,yes,Google search suggestion
parametric equations speed formula,Parametric & Polar,formula,yes,Google search suggestion
parametric equations step by step,Parametric & Polar,examples,yes,added: the page answers this
parametric equations summary,Parametric & Polar,topic,yes,Google search suggestion
parametric equations vectors,Parametric & Polar,topic,yes,Google search suggestion
parametric equations with calculus,Parametric & Polar,topic,yes,Google search suggestion
parametric equations with circles,Parametric & Polar,topic,yes,Google search suggestion
parametric equations with trig,Parametric & Polar,topic,yes,Google search suggestion
parametric equations with trig functions,Parametric & Polar,topic,yes,Google search suggestion
parametric equations with two points,Parametric & Polar,topic,yes,Google search suggestion
parametric equations with vectors,Parametric & Polar,topic,yes,Google search suggestion
parametric equations worked example,Parametric & Polar,examples,yes,added: the page answers this
polar coordinates calculus,Parametric & Polar,topic,yes,Google search suggestion
polar coordinates calculus 2,Parametric & Polar,topic,yes,Google search suggestion
polar coordinates calculus 3,Parametric & Polar,topic,yes,Google search suggestion
polar coordinates calculus bc,Parametric & Polar,topic,yes,Google search suggestion
polar coordinates calculus common mistakes,Parametric & Polar,examples,yes,added: the page answers this
polar coordinates calculus explained simply,Parametric & Polar,definition,yes,added: the page answers this
polar coordinates calculus for beginners,Parametric & Polar,definition,yes,added: the page answers this
polar coordinates calculus practice problems with answers,Parametric & Polar,practice,yes,added: the page answers this
polar coordinates calculus practice problems with hints,Parametric & Polar,practice,yes,added: the page answers this
polar coordinates calculus quiz,Parametric & Polar,practice,yes,added: the page answers this
polar coordinates calculus step by step,Parametric & Polar,examples,yes,added: the page answers this
polar coordinates calculus worked example,Parametric & Polar,examples,yes,added: the page answers this
polar coordinates in calculus,Parametric & Polar,topic,yes,Google search suggestion
polar coordinates in calculus 2,Parametric & Polar,topic,yes,Google search suggestion
polar equations calculus,Parametric & Polar,formula,yes,Google search suggestion
polar form calculus,Parametric & Polar,topic,yes,Google search suggestion
polar form in calculus,Parametric & Polar,topic,yes,Google search suggestion
polar form of coordinates,Parametric & Polar,topic,yes,Google search suggestion
what are parametric equations used for,Parametric & Polar,definition,yes,Google search suggestion
what are polar coordinates calculus,Parametric & Polar,definition,yes,Google search suggestion
what are polar coordinates in math,Parametric & Polar,definition,yes,Google search suggestion
what is a parametric equation,Parametric & Polar,definition,yes,Google search suggestion
what is parametric equation in calculus,Parametric & Polar,definition,yes,Google search suggestion
what is parametric equation in maths,Parametric & Polar,definition,yes,Google search suggestion
what is parametric equation in vector,Parametric & Polar,definition,yes,Google search suggestion
what is parametric equation of circle,Parametric & Polar,definition,yes,Google search suggestion
what is parametric equation of ellipse,Parametric & Polar,definition,yes,Google search suggestion
what is parametric equation of hyperbola,Parametric & Polar,definition,yes,Google search suggestion
what is parametric equation of line,Parametric & Polar,definition,yes,Google search suggestion
what is parametric equation of parabola,Parametric & Polar,definition,yes,Google search suggestion
what is parametric equations,Parametric & Polar,definition,yes,Google search suggestion
what is parametric equations used for,Parametric & Polar,definition,yes,Google search suggestion
what is polar form calculus,Parametric & Polar,definition,yes,Google search suggestion
what is the point of parametric equations,Parametric & Polar,definition,yes,Google search suggestion
when to use parametric equations,Parametric & Polar,how to,yes,Google search suggestion
how to graph parametric equations on desmos,Parametric & Polar,tool,no: wants a calculator or tool,Google search suggestion
how to parametric equations desmos,Parametric & Polar,tool,no: wants a calculator or tool,Google search suggestion
how to plot parametric equations in desmos,Parametric & Polar,tool,no: wants a calculator or tool,Google search suggestion
how to write parametric equations in desmos,Parametric & Polar,tool,no: wants a calculator or tool,Google search suggestion
parametric equations a level maths explained,Parametric & Polar,specific source,"no: wants a specific source, video or file",Google search suggestion
parametric equations desmos,Parametric & Polar,tool,no: wants a calculator or tool,Google search suggestion
parametric equations examples with solutions pdf,Parametric & Polar,specific source,"no: wants a specific source, video or file",Google search suggestion
parametric equations practice problems pdf,Parametric & Polar,specific source,"no: wants a specific source, video or file",Google search suggestion
parametric equations problems and solutions pdf,Parametric & Polar,specific source,"no: wants a specific source, video or file",Google search suggestion
parametric equations questions a level maths,Parametric & Polar,specific source,"no: wants a specific source, video or file",Google search suggestion
parametric equations questions and answers pdf,Parametric & Polar,specific source,"no: wants a specific source, video or file",Google search suggestion
parametric equations with desmos,Parametric & Polar,tool,no: wants a calculator or tool,Google search suggestion
polar coordinates calculus pdf,Parametric & Polar,specific source,"no: wants a specific source, video or file",Google search suggestion
pre calculus polar coordinates worksheet with answers,Parametric & Polar,specific source,"no: wants a specific source, video or file",Google search suggestion
precalculus parametric equations practice problems pdf,Parametric & Polar,specific source,"no: wants a specific source, video or file",Google search suggestion
cartesian product examples,"Vectors, Dot & Cross Product",examples,yes,Google search suggestion
cartesian product explained,"Vectors, Dot & Cross Product",definition,yes,Google search suggestion
cartesian product practice problems,"Vectors, Dot & Cross Product",practice,yes,Google search suggestion
cartesian product problems,"Vectors, Dot & Cross Product",practice,yes,Google search suggestion
cross product,"Vectors, Dot & Cross Product",topic,yes,Google search suggestion
cross product common mistakes,"Vectors, Dot & Cross Product",examples,yes,added: the page answers this
cross product definition,"Vectors, Dot & Cross Product",definition,yes,Google search suggestion
cross product definition math,"Vectors, Dot & Cross Product",definition,yes,Google search suggestion
cross product equation,"Vectors, Dot & Cross Product",formula,yes,Google search suggestion
cross product example in real life,"Vectors, Dot & Cross Product",examples,yes,Google search suggestion
cross product example problems,"Vectors, Dot & Cross Product",practice,yes,Google search suggestion
cross product example questions,"Vectors, Dot & Cross Product",practice,yes,Google search suggestion
cross product example vectors,"Vectors, Dot & Cross Product",examples,yes,Google search suggestion
cross product examples,"Vectors, Dot & Cross Product",examples,yes,Google search suggestion
cross product examples and solutions,"Vectors, Dot & Cross Product",examples,yes,Google search suggestion
cross product explained,"Vectors, Dot & Cross Product",definition,yes,Google search suggestion
cross product explained simply,"Vectors, Dot & Cross Product",definition,yes,Google search suggestion
cross product explained visually,"Vectors, Dot & Cross Product",definition,yes,Google search suggestion
cross product explanation,"Vectors, Dot & Cross Product",definition,yes,Google search suggestion
cross product for 2d vectors,"Vectors, Dot & Cross Product",topic,yes,Google search suggestion
cross product for beginners,"Vectors, Dot & Cross Product",definition,yes,added: the page answers this
cross product formula,"Vectors, Dot & Cross Product",formula,yes,Google search suggestion
cross product formula 2d,"Vectors, Dot & Cross Product",formula,yes,Google search suggestion
cross product formula 3d,"Vectors, Dot & Cross Product",formula,yes,Google search suggestion
cross product formula calc 3,"Vectors, Dot & Cross Product",formula,yes,Google search suggestion
cross product formula for 2d vectors,"Vectors, Dot & Cross Product",formula,yes,Google search suggestion
cross product formula for 3d vectors,"Vectors, Dot & Cross Product",formula,yes,Google search suggestion
cross product formula matrix,"Vectors, Dot & Cross Product",formula,yes,Google search suggestion
cross product formula physics,"Vectors, Dot & Cross Product",formula,yes,Google search suggestion
cross product formula vectors,"Vectors, Dot & Cross Product",formula,yes,Google search suggestion
cross product formula with sin,"Vectors, Dot & Cross Product",formula,yes,Google search suggestion
cross product matrix,"Vectors, Dot & Cross Product",topic,yes,Google search suggestion
cross product of two vectors,"Vectors, Dot & Cross Product",topic,yes,Google search suggestion
cross product practice problems,"Vectors, Dot & Cross Product",practice,yes,Google search suggestion
cross product practice problems with answers,"Vectors, Dot & Cross Product",practice,yes,added: the page answers this
cross product practice problems with hints,"Vectors, Dot & Cross Product",practice,yes,added: the page answers this
cross product problems,"Vectors, Dot & Cross Product",practice,yes,Google search suggestion
cross product problems and solutions,"Vectors, Dot & Cross Product",practice,yes,Google search suggestion
cross product properties,"Vectors, Dot & Cross Product",topic,yes,Google search suggestion
cross product questions,"Vectors, Dot & Cross Product",practice,yes,Google search suggestion
cross product questions and answers,"Vectors, Dot & Cross Product",practice,yes,Google search suggestion
cross product questions physics,"Vectors, Dot & Cross Product",practice,yes,Google search suggestion
cross product quiz,"Vectors, Dot & Cross Product",practice,yes,added: the page answers this
cross product rules,"Vectors, Dot & Cross Product",formula,yes,Google search suggestion
cross product step by step,"Vectors, Dot & Cross Product",examples,yes,added: the page answers this
cross product vectors,"Vectors, Dot & Cross Product",topic,yes,Google search suggestion
cross product vs dot product,"Vectors, Dot & Cross Product",topic,yes,Google search suggestion
cross product with 2d vectors,"Vectors, Dot & Cross Product",topic,yes,Google search suggestion
cross product with 3 vectors,"Vectors, Dot & Cross Product",topic,yes,Google search suggestion
cross product with components,"Vectors, Dot & Cross Product",topic,yes,Google search suggestion
cross product with matrix,"Vectors, Dot & Cross Product",topic,yes,Google search suggestion
cross product with only i and j,"Vectors, Dot & Cross Product",topic,yes,Google search suggestion
cross product with sin,"Vectors, Dot & Cross Product",topic,yes,Google search suggestion
cross product with two components,"Vectors, Dot & Cross Product",topic,yes,Google search suggestion
cross product with two vectors,"Vectors, Dot & Cross Product",topic,yes,Google search suggestion
cross product with vectors,"Vectors, Dot & Cross Product",topic,yes,Google search suggestion
cross product worked example,"Vectors, Dot & Cross Product",examples,yes,added: the page answers this
dot and cross product practice problems,"Vectors, Dot & Cross Product",practice,yes,Google search suggestion
dot product,"Vectors, Dot & Cross Product",topic,yes,Google search suggestion
dot product common mistakes,"Vectors, Dot & Cross Product",examples,yes,added: the page answers this
dot product definition,"Vectors, Dot & Cross Product",definition,yes,Google search suggestion
dot product example in real life,"Vectors, Dot & Cross Product",examples,yes,Google search suggestion
dot product example matrix,"Vectors, Dot & Cross Product",examples,yes,Google search suggestion
dot product example problems,"Vectors, Dot & Cross Product",practice,yes,Google search suggestion
dot product example vectors,"Vectors, Dot & Cross Product",examples,yes,Google search suggestion
dot product examples,"Vectors, Dot & Cross Product",examples,yes,Google search suggestion
dot product explained,"Vectors, Dot & Cross Product",definition,yes,Google search suggestion
dot product explained geometrically,"Vectors, Dot & Cross Product",definition,yes,Google search suggestion
dot product explained simply,"Vectors, Dot & Cross Product",definition,yes,Google search suggestion
dot product explained visually,"Vectors, Dot & Cross Product",definition,yes,Google search suggestion
dot product explanation,"Vectors, Dot & Cross Product",definition,yes,Google search suggestion
dot product for 3d vectors,"Vectors, Dot & Cross Product",topic,yes,Google search suggestion
dot product for beginners,"Vectors, Dot & Cross Product",definition,yes,added: the page answers this
dot product for vectors,"Vectors, Dot & Cross Product",topic,yes,Google search suggestion
dot product formula,"Vectors, Dot & Cross Product",formula,yes,Google search suggestion
dot product formula 3d,"Vectors, Dot & Cross Product",formula,yes,Google search suggestion
dot product formula angle,"Vectors, Dot & Cross Product",formula,yes,Google search suggestion
dot product formula calc 3,"Vectors, Dot & Cross Product",formula,yes,Google search suggestion
dot product formula cosine,"Vectors, Dot & Cross Product",formula,yes,Google search suggestion
dot product formula for 3d vectors,"Vectors, Dot & Cross Product",formula,yes,Google search suggestion
dot product formula matrix,"Vectors, Dot & Cross Product",formula,yes,Google search suggestion
dot product formula of two vectors,"Vectors, Dot & Cross Product",formula,yes,Google search suggestion
dot product formula proof,"Vectors, Dot & Cross Product",proof,yes,Google search suggestion
dot product formula vectors,"Vectors, Dot & Cross Product",formula,yes,Google search suggestion
dot product meaning vectors,"Vectors, Dot & Cross Product",definition,yes,Google search suggestion
dot product of two vectors,"Vectors, Dot & Cross Product",topic,yes,Google search suggestion
dot product of vectors,"Vectors, Dot & Cross Product",topic,yes,Google search suggestion
dot product practice problems,"Vectors, Dot & Cross Product",practice,yes,Google search suggestion
dot product practice problems with answers,"Vectors, Dot & Cross Product",practice,yes,added: the page answers this
dot product practice problems with hints,"Vectors, Dot & Cross Product",practice,yes,added: the page answers this
dot product problem example,"Vectors, Dot & Cross Product",practice,yes,Google search suggestion
dot product problems,"Vectors, Dot & Cross Product",practice,yes,Google search suggestion
dot product problems and solutions,"Vectors, Dot & Cross Product",practice,yes,Google search suggestion
dot product questions,"Vectors, Dot & Cross Product",practice,yes,Google search suggestion
dot product quiz,"Vectors, Dot & Cross Product",practice,yes,added: the page answers this
dot product step by step,"Vectors, Dot & Cross Product",examples,yes,added: the page answers this
dot product symbol,"Vectors, Dot & Cross Product",formula,yes,Google search suggestion
dot product visualization,"Vectors, Dot & Cross Product",topic,yes,Google search suggestion
dot product vs cross product,"Vectors, Dot & Cross Product",topic,yes,Google search suggestion
dot product with 3d vectors,"Vectors, Dot & Cross Product",topic,yes,Google search suggestion
dot product with angle,"Vectors, Dot & Cross Product",topic,yes,Google search suggestion
dot product with components,"Vectors, Dot & Cross Product",topic,yes,Google search suggestion
dot product with cross product,"Vectors, Dot & Cross Product",topic,yes,Google search suggestion
dot product with gradient,"Vectors, Dot & Cross Product",topic,yes,Google search suggestion
dot product with itself,"Vectors, Dot & Cross Product",topic,yes,Google search suggestion
dot product with matrices,"Vectors, Dot & Cross Product",topic,yes,Google search suggestion
dot product with unit vector,"Vectors, Dot & Cross Product",topic,yes,Google search suggestion
dot product with vectors,"Vectors, Dot & Cross Product",topic,yes,Google search suggestion
dot product without angle,"Vectors, Dot & Cross Product",topic,yes,Google search suggestion
dot product worked example,"Vectors, Dot & Cross Product",examples,yes,added: the page answers this
how to cross product,"Vectors, Dot & Cross Product",how to,yes,Google search suggestion
how to cross product 2 vectors,"Vectors, Dot & Cross Product",how to,yes,Google search suggestion
how to cross product 2d vectors,"Vectors, Dot & Cross Product",how to,yes,Google search suggestion
how to cross product matrix,"Vectors, Dot & Cross Product",how to,yes,Google search suggestion
how to cross product on ti 36x pro,"Vectors, Dot & Cross Product",how to,yes,Google search suggestion
how to cross product on ti 84,"Vectors, Dot & Cross Product",how to,yes,Google search suggestion
how to cross product two 2d vectors,"Vectors, Dot & Cross Product",how to,yes,Google search suggestion
how to cross product two 3d vectors,"Vectors, Dot & Cross Product",how to,yes,Google search suggestion
how to cross product two vectors,"Vectors, Dot & Cross Product",how to,yes,Google search suggestion
how to cross product vectors,"Vectors, Dot & Cross Product",how to,yes,Google search suggestion
how to dot product,"Vectors, Dot & Cross Product",how to,yes,Google search suggestion
how to dot product matrices,"Vectors, Dot & Cross Product",how to,yes,Google search suggestion
how to dot product matrix,"Vectors, Dot & Cross Product",how to,yes,Google search suggestion
how to dot product two matrices,"Vectors, Dot & Cross Product",how to,yes,Google search suggestion
how to dot product two vectors,"Vectors, Dot & Cross Product",how to,yes,Google search suggestion
how to dot product vectors,"Vectors, Dot & Cross Product",how to,yes,Google search suggestion
inner product examples,"Vectors, Dot & Cross Product",examples,yes,Google search suggestion
inner product examples linear algebra,"Vectors, Dot & Cross Product",examples,yes,Google search suggestion
inner product explained,"Vectors, Dot & Cross Product",definition,yes,Google search suggestion
inner product practice problems,"Vectors, Dot & Cross Product",practice,yes,Google search suggestion
inner product problems,"Vectors, Dot & Cross Product",practice,yes,Google search suggestion
scalar product examples,"Vectors, Dot & Cross Product",examples,yes,Google search suggestion
scalar product explained,"Vectors, Dot & Cross Product",definition,yes,Google search suggestion
scalar product problems,"Vectors, Dot & Cross Product",practice,yes,Google search suggestion
scalar product problems and solutions,"Vectors, Dot & Cross Product",practice,yes,Google search suggestion
scalar triple product practice problems,"Vectors, Dot & Cross Product",practice,yes,Google search suggestion
vector cross product practice problems,"Vectors, Dot & Cross Product",practice,yes,Google search suggestion
vector cross product practice problems physics,"Vectors, Dot & Cross Product",practice,yes,Google search suggestion
vector dot product example problems,"Vectors, Dot & Cross Product",practice,yes,Google search suggestion
vector dot product practice problems,"Vectors, Dot & Cross Product",practice,yes,Google search suggestion
vector product examples,"Vectors, Dot & Cross Product",examples,yes,Google search suggestion
vector product explained,"Vectors, Dot & Cross Product",definition,yes,Google search suggestion
vector product problems,"Vectors, Dot & Cross Product",practice,yes,Google search suggestion
what is cross product,"Vectors, Dot & Cross Product",definition,yes,Google search suggestion
what is cross product and dot product,"Vectors, Dot & Cross Product",definition,yes,Google search suggestion
what is cross product formula,"Vectors, Dot & Cross Product",definition,yes,Google search suggestion
what is cross product of two vectors,"Vectors, Dot & Cross Product",definition,yes,Google search suggestion
what is cross product sales,"Vectors, Dot & Cross Product",definition,yes,Google search suggestion
what is cross product used for,"Vectors, Dot & Cross Product",definition,yes,Google search suggestion
what is cross product vectors,"Vectors, Dot & Cross Product",definition,yes,Google search suggestion
what is cross product vs dot product,"Vectors, Dot & Cross Product",definition,yes,Google search suggestion
what is dot product,"Vectors, Dot & Cross Product",definition,yes,Google search suggestion
what is dot product and cross product,"Vectors, Dot & Cross Product",definition,yes,Google search suggestion
what is dot product conceptually,"Vectors, Dot & Cross Product",definition,yes,Google search suggestion
what is dot product equal to,"Vectors, Dot & Cross Product",definition,yes,Google search suggestion
what is dot product geometrically,"Vectors, Dot & Cross Product",definition,yes,Google search suggestion
what is dot product in matrix,"Vectors, Dot & Cross Product",definition,yes,Google search suggestion
what is dot product in vectors,"Vectors, Dot & Cross Product",definition,yes,Google search suggestion
what is dot product of two vectors,"Vectors, Dot & Cross Product",definition,yes,Google search suggestion
what is dot product used for,"Vectors, Dot & Cross Product",definition,yes,Google search suggestion
when to do cross product,"Vectors, Dot & Cross Product",how to,yes,Google search suggestion
when to use cross product,"Vectors, Dot & Cross Product",how to,yes,Google search suggestion
when to use cross product and dot product,"Vectors, Dot & Cross Product",how to,yes,Google search suggestion
when to use cross product in statics,"Vectors, Dot & Cross Product",how to,yes,Google search suggestion
when to use cross product in vectors,"Vectors, Dot & Cross Product",how to,yes,Google search suggestion
when to use cross product vs dot product,"Vectors, Dot & Cross Product",how to,yes,Google search suggestion
when to use dot product,"Vectors, Dot & Cross Product",how to,yes,Google search suggestion
when to use dot product and cross product in vectors,"Vectors, Dot & Cross Product",how to,yes,Google search suggestion
when to use dot product and when to use cross product,"Vectors, Dot & Cross Product",how to,yes,Google search suggestion
when to use dot product formula,"Vectors, Dot & Cross Product",how to,yes,Google search suggestion
when to use dot product in statics,"Vectors, Dot & Cross Product",how to,yes,Google search suggestion
when to use dot product in vectors,"Vectors, Dot & Cross Product",how to,yes,Google search suggestion
when to use dot product vs cosine similarity,"Vectors, Dot & Cross Product",how to,yes,Google search suggestion
when to use dot product vs cross product,"Vectors, Dot & Cross Product",how to,yes,Google search suggestion
when to use vector dot product,"Vectors, Dot & Cross Product",how to,yes,Google search suggestion
when to use vector product,"Vectors, Dot & Cross Product",how to,yes,Google search suggestion
when to use vector triple product,"Vectors, Dot & Cross Product",how to,yes,Google search suggestion
cross product calculator,"Vectors, Dot & Cross Product",tool,no: wants a calculator or tool,Google search suggestion
cross product definition in physics,"Vectors, Dot & Cross Product",other subject,no: a different subject,Google search suggestion
cross product examples in physics,"Vectors, Dot & Cross Product",other subject,no: a different subject,Google search suggestion
cross product meaning in hindi,"Vectors, Dot & Cross Product",other language,no: wants it in another language,Google search suggestion
cross product practice problems pdf,"Vectors, Dot & Cross Product",specific source,"no: wants a specific source, video or file",Google search suggestion
cross product problems and solutions pdf,"Vectors, Dot & Cross Product",specific source,"no: wants a specific source, video or file",Google search suggestion
cross product questions and answers pdf,"Vectors, Dot & Cross Product",specific source,"no: wants a specific source, video or file",Google search suggestion
cross product questions class 11,"Vectors, Dot & Cross Product",specific source,"no: wants a specific source, video or file",Google search suggestion
cross product with determinant,"Vectors, Dot & Cross Product",other subject,no: a different subject,Google search suggestion
dot product calculator,"Vectors, Dot & Cross Product",tool,no: wants a calculator or tool,Google search suggestion
dot product example class 11,"Vectors, Dot & Cross Product",specific source,"no: wants a specific source, video or file",Google search suggestion
dot product examples in physics,"Vectors, Dot & Cross Product",other subject,no: a different subject,Google search suggestion
dot product latex,"Vectors, Dot & Cross Product",other subject,no: a different subject,Google search suggestion
dot product meaning in hindi,"Vectors, Dot & Cross Product",other language,no: wants it in another language,Google search suggestion
dot product practice problems pdf,"Vectors, Dot & Cross Product",specific source,"no: wants a specific source, video or file",Google search suggestion
dot product problems and solutions pdf,"Vectors, Dot & Cross Product",specific source,"no: wants a specific source, video or file",Google search suggestion
dot product problems and solutions pdf class 11,"Vectors, Dot & Cross Product",specific source,"no: wants a specific source, video or file",Google search suggestion
dot product problems and solutions pdf download,"Vectors, Dot & Cross Product",specific source,"no: wants a specific source, video or file",Google search suggestion
how to dot product in calculator,"Vectors, Dot & Cross Product",tool,no: wants a calculator or tool,Google search suggestion
how to dot product in latex,"Vectors, Dot & Cross Product",other subject,no: a different subject,Google search suggestion
how to dot product in matlab,"Vectors, Dot & Cross Product",other subject,no: a different subject,Google search suggestion
how to dot product in python,"Vectors, Dot & Cross Product",other subject,no: a different subject,Google search suggestion
vector product examples in physics,"Vectors, Dot & Cross Product",other subject,no: a different subject,Google search suggestion
what is cross product in physics,"Vectors, Dot & Cross Product",other subject,no: a different subject,Google search suggestion
what is cross product sales in finance,"Vectors, Dot & Cross Product",other subject,no: a different subject,Google search suggestion
what is dot product in physics,"Vectors, Dot & Cross Product",other subject,no: a different subject,Google search suggestion
when to use cross product in physics,"Vectors, Dot & Cross Product",other subject,no: a different subject,Google search suggestion
when to use dot product and cross product in physics,"Vectors, Dot & Cross Product",other subject,no: a different subject,Google search suggestion
when to use dot product in physics,"Vectors, Dot & Cross Product",other subject,no: a different subject,Google search suggestion
3d lines and planes formulas,Lines & Planes,formula,yes,Google search suggestion
cartesian equation of a plane example,Lines & Planes,examples,yes,Google search suggestion
cartesian equation of a plane explained,Lines & Planes,definition,yes,Google search suggestion
cartesian equation of a plane formula,Lines & Planes,formula,yes,Google search suggestion
cartesian equation of a plane meaning,Lines & Planes,definition,yes,Google search suggestion
equation of a plane,Lines & Planes,topic,yes,Google search suggestion
equation of a plane calc 3,Lines & Planes,topic,yes,Google search suggestion
equation of a plane cartesian form,Lines & Planes,topic,yes,Google search suggestion
equation of a plane common mistakes,Lines & Planes,examples,yes,added: the page answers this
equation of a plane example,Lines & Planes,examples,yes,Google search suggestion
equation of a plane explained,Lines & Planes,definition,yes,Google search suggestion
equation of a plane explained simply,Lines & Planes,definition,yes,added: the page answers this
equation of a plane for beginners,Lines & Planes,definition,yes,added: the page answers this
equation of a plane format,Lines & Planes,topic,yes,Google search suggestion
equation of a plane forms,Lines & Planes,topic,yes,Google search suggestion
equation of a plane formula,Lines & Planes,formula,yes,Google search suggestion
equation of a plane from 3 points,Lines & Planes,topic,yes,Google search suggestion
equation of a plane general form,Lines & Planes,topic,yes,Google search suggestion
equation of a plane given 3 points,Lines & Planes,topic,yes,Google search suggestion
equation of a plane given 3 points formula,Lines & Planes,formula,yes,Google search suggestion
equation of a plane in 3d,Lines & Planes,topic,yes,Google search suggestion
equation of a plane in r3,Lines & Planes,topic,yes,Google search suggestion
equation of a plane in vector form,Lines & Planes,topic,yes,Google search suggestion
equation of a plane intercept form,Lines & Planes,topic,yes,Google search suggestion
equation of a plane meaning,Lines & Planes,definition,yes,Google search suggestion
equation of a plane normal form,Lines & Planes,topic,yes,Google search suggestion
equation of a plane parametric form,Lines & Planes,topic,yes,Google search suggestion
equation of a plane practice problems,Lines & Planes,practice,yes,Google search suggestion
equation of a plane practice problems with answers,Lines & Planes,practice,yes,added: the page answers this
equation of a plane practice problems with hints,Lines & Planes,practice,yes,added: the page answers this
equation of a plane questions,Lines & Planes,practice,yes,Google search suggestion
equation of a plane quiz,Lines & Planes,practice,yes,added: the page answers this
equation of a plane standard form,Lines & Planes,topic,yes,Google search suggestion
equation of a plane step by step,Lines & Planes,examples,yes,added: the page answers this
equation of a plane vector form,Lines & Planes,topic,yes,Google search suggestion
equation of a plane with 2 lines,Lines & Planes,topic,yes,Google search suggestion
equation of a plane with 2 vectors,Lines & Planes,topic,yes,Google search suggestion
equation of a plane with 3 points,Lines & Planes,topic,yes,Google search suggestion
equation of a plane with dot product,Lines & Planes,topic,yes,Google search suggestion
equation of a plane with intercepts,Lines & Planes,topic,yes,Google search suggestion
equation of a plane with normal,Lines & Planes,topic,yes,Google search suggestion
equation of a plane with normal vector,Lines & Planes,topic,yes,Google search suggestion
equation of a plane with normal vector and point,Lines & Planes,topic,yes,Google search suggestion
equation of a plane with vectors,Lines & Planes,topic,yes,Google search suggestion
equation of a plane worked example,Lines & Planes,examples,yes,added: the page answers this
equation of normal plane,Lines & Planes,topic,yes,Google search suggestion
famous lines from planes trains and automobiles,Lines & Planes,topic,yes,Google search suggestion
formula to find equation of a plane,Lines & Planes,formula,yes,Google search suggestion
general equation of a plane,Lines & Planes,topic,yes,Google search suggestion
how to calculate equation of a plane,Lines & Planes,how to,yes,Google search suggestion
how to calculate equation of a plane from 3 points,Lines & Planes,how to,yes,Google search suggestion
how to find equation of a plane,Lines & Planes,how to,yes,Google search suggestion
how to find equation of a plane given 3 points,Lines & Planes,how to,yes,Google search suggestion
how to find equation of a plane given two lines,Lines & Planes,how to,yes,Google search suggestion
how to find equation of a plane in 3d,Lines & Planes,how to,yes,Google search suggestion
how to find equation of a plane with 2 vectors,Lines & Planes,how to,yes,Google search suggestion
how to find the equation of a plane,Lines & Planes,how to,yes,Google search suggestion
how to get equation of a plane,Lines & Planes,how to,yes,Google search suggestion
how to name points lines and planes,Lines & Planes,how to,yes,Google search suggestion
how to write equation of a plane,Lines & Planes,how to,yes,Google search suggestion
how to write equation of a plane with three points,Lines & Planes,how to,yes,Google search suggestion
lines and planes,Lines & Planes,topic,yes,Google search suggestion
lines and planes calc 3,Lines & Planes,topic,yes,Google search suggestion
lines and planes common mistakes,Lines & Planes,examples,yes,added: the page answers this
lines and planes equations,Lines & Planes,formula,yes,Google search suggestion
lines and planes explained simply,Lines & Planes,definition,yes,added: the page answers this
lines and planes for beginners,Lines & Planes,definition,yes,added: the page answers this
lines and planes formula sheet,Lines & Planes,formula,yes,Google search suggestion
lines and planes formulas,Lines & Planes,formula,yes,Google search suggestion
lines and planes in 3d,Lines & Planes,topic,yes,Google search suggestion
lines and planes in space,Lines & Planes,topic,yes,Google search suggestion
lines and planes in space calc 3,Lines & Planes,topic,yes,Google search suggestion
lines and planes in space problems,Lines & Planes,practice,yes,Google search suggestion
lines and planes in three dimensions,Lines & Planes,topic,yes,Google search suggestion
lines and planes multivariable calculus,Lines & Planes,topic,yes,Google search suggestion
lines and planes practice problems,Lines & Planes,practice,yes,Google search suggestion
lines and planes practice problems with answers,Lines & Planes,practice,yes,added: the page answers this
lines and planes practice problems with hints,Lines & Planes,practice,yes,added: the page answers this
lines and planes questions,Lines & Planes,practice,yes,Google search suggestion
lines and planes quiz,Lines & Planes,practice,yes,added: the page answers this
lines and planes step by step,Lines & Planes,examples,yes,added: the page answers this
lines and planes worked example,Lines & Planes,examples,yes,added: the page answers this
lines from planes,Lines & Planes,topic,yes,Google search suggestion
lines from planes trains and automobiles,Lines & Planes,topic,yes,Google search suggestion
lines on planes,Lines & Planes,topic,yes,Google search suggestion
parametric equation of a plane formula,Lines & Planes,formula,yes,Google search suggestion
pick up lines with planes,Lines & Planes,topic,yes,Google search suggestion
points lines and planes examples,Lines & Planes,examples,yes,Google search suggestion
points lines and planes examples in real life,Lines & Planes,examples,yes,Google search suggestion
points lines and planes explained,Lines & Planes,definition,yes,Google search suggestion
scalar equation of a plane formula,Lines & Planes,formula,yes,Google search suggestion
vector equation of a plane example,Lines & Planes,examples,yes,Google search suggestion
vector equation of a plane explained,Lines & Planes,definition,yes,Google search suggestion
vector equation of a plane formula,Lines & Planes,formula,yes,Google search suggestion
vector equation of a plane questions,Lines & Planes,practice,yes,Google search suggestion
vectors lines and planes problems,Lines & Planes,practice,yes,Google search suggestion
what are the lines behind planes,Lines & Planes,definition,yes,Google search suggestion
what is cartesian equation of a plane,Lines & Planes,definition,yes,Google search suggestion
what is equation of a plane,Lines & Planes,definition,yes,Google search suggestion
what is points lines and planes,Lines & Planes,definition,yes,Google search suggestion
what is points lines and planes in math,Lines & Planes,definition,yes,Google search suggestion
what is scalar equation of a plane,Lines & Planes,definition,yes,Google search suggestion
what is the equation of a plane,Lines & Planes,definition,yes,Google search suggestion
what is the equation of a plane in 3d,Lines & Planes,definition,yes,Google search suggestion
what is the equation of a plane in r3,Lines & Planes,definition,yes,Google search suggestion
what is the equation of a plane progressive wave,Lines & Planes,definition,yes,Google search suggestion
what is the equation of a plane wave,Lines & Planes,definition,yes,Google search suggestion
what is the general equation of a plane,Lines & Planes,definition,yes,Google search suggestion
what is the lines behind planes,Lines & Planes,definition,yes,Google search suggestion
what is the parametric equation of a plane,Lines & Planes,definition,yes,Google search suggestion
what is the white lines behind planes,Lines & Planes,definition,yes,Google search suggestion
what is the white lines from planes,Lines & Planes,definition,yes,Google search suggestion
what is vector equation of a plane,Lines & Planes,definition,yes,Google search suggestion
airplane lines,Lines & Planes,other subject,no: a different subject,Google search suggestion
equation of a plane calculator,Lines & Planes,tool,no: wants a calculator or tool,Google search suggestion
equation of a plane with 3 points calculator,Lines & Planes,tool,no: wants a calculator or tool,Google search suggestion
lines and planes class 12,Lines & Planes,specific source,"no: wants a specific source, video or file",Google search suggestion
lines and planes class 12 formulas,Lines & Planes,specific source,"no: wants a specific source, video or file",Google search suggestion
lines and planes class 12 formulas hsc,Lines & Planes,specific source,"no: wants a specific source, video or file",Google search suggestion
lines and planes class 12 hsc,Lines & Planes,specific source,"no: wants a specific source, video or file",Google search suggestion
can you take the gradient of a vector,Gradient & Directional Derivatives,topic,yes,Google search suggestion
directional derivative,Gradient & Directional Derivatives,topic,yes,Google search suggestion
directional derivative and gradient examples,Gradient & Directional Derivatives,examples,yes,Google search suggestion
directional derivative and gradient vector,Gradient & Directional Derivatives,topic,yes,Google search suggestion
directional derivative common mistakes,Gradient & Directional Derivatives,examples,yes,added: the page answers this
directional derivative definition,Gradient & Directional Derivatives,definition,yes,Google search suggestion
directional derivative definition formula,Gradient & Directional Derivatives,definition,yes,Google search suggestion
directional derivative definition in mathematics,Gradient & Directional Derivatives,definition,yes,Google search suggestion
directional derivative example,Gradient & Directional Derivatives,examples,yes,Google search suggestion
directional derivative example problem,Gradient & Directional Derivatives,practice,yes,Google search suggestion
directional derivative example problems,Gradient & Directional Derivatives,practice,yes,Google search suggestion
directional derivative examples,Gradient & Directional Derivatives,examples,yes,Google search suggestion
directional derivative explained,Gradient & Directional Derivatives,definition,yes,Google search suggestion
directional derivative explained simply,Gradient & Directional Derivatives,definition,yes,added: the page answers this
directional derivative for beginners,Gradient & Directional Derivatives,definition,yes,added: the page answers this
directional derivative formula,Gradient & Directional Derivatives,formula,yes,Google search suggestion
directional derivative formula 3d,Gradient & Directional Derivatives,formula,yes,Google search suggestion
directional derivative formula at a point,Gradient & Directional Derivatives,formula,yes,Google search suggestion
directional derivative formula calc 3,Gradient & Directional Derivatives,formula,yes,Google search suggestion
directional derivative formula example,Gradient & Directional Derivatives,examples,yes,Google search suggestion
directional derivative formula explained,Gradient & Directional Derivatives,definition,yes,Google search suggestion
directional derivative formula in real analysis,Gradient & Directional Derivatives,formula,yes,Google search suggestion
directional derivative formula in vector calculus,Gradient & Directional Derivatives,formula,yes,Google search suggestion
directional derivative formula limit,Gradient & Directional Derivatives,formula,yes,Google search suggestion
directional derivative formula multivariable calculus,Gradient & Directional Derivatives,formula,yes,Google search suggestion
directional derivative formula proof,Gradient & Directional Derivatives,proof,yes,Google search suggestion
directional derivative formula with angle,Gradient & Directional Derivatives,formula,yes,Google search suggestion
directional derivative function,Gradient & Directional Derivatives,topic,yes,Google search suggestion
directional derivative in vector calculus,Gradient & Directional Derivatives,topic,yes,Google search suggestion
directional derivative notation,Gradient & Directional Derivatives,formula,yes,Google search suggestion
directional derivative of a function,Gradient & Directional Derivatives,topic,yes,Google search suggestion
directional derivative of a scalar field,Gradient & Directional Derivatives,topic,yes,Google search suggestion
directional derivative of a vector,Gradient & Directional Derivatives,topic,yes,Google search suggestion
directional derivative of a vector field,Gradient & Directional Derivatives,topic,yes,Google search suggestion
directional derivative of f,Gradient & Directional Derivatives,topic,yes,Google search suggestion
directional derivative practice problems,Gradient & Directional Derivatives,practice,yes,Google search suggestion
directional derivative practice problems with answers,Gradient & Directional Derivatives,practice,yes,added: the page answers this
directional derivative practice problems with hints,Gradient & Directional Derivatives,practice,yes,added: the page answers this
directional derivative problems,Gradient & Directional Derivatives,practice,yes,Google search suggestion
directional derivative problems with solutions,Gradient & Directional Derivatives,practice,yes,Google search suggestion
directional derivative questions,Gradient & Directional Derivatives,practice,yes,Google search suggestion
directional derivative questions and answers,Gradient & Directional Derivatives,practice,yes,Google search suggestion
directional derivative quiz,Gradient & Directional Derivatives,practice,yes,added: the page answers this
directional derivative real life examples,Gradient & Directional Derivatives,examples,yes,Google search suggestion
directional derivative solved examples,Gradient & Directional Derivatives,examples,yes,Google search suggestion
directional derivative step by step,Gradient & Directional Derivatives,examples,yes,added: the page answers this
directional derivative vs gradient,Gradient & Directional Derivatives,topic,yes,Google search suggestion
directional derivative vs partial derivative,Gradient & Directional Derivatives,topic,yes,Google search suggestion
directional derivative with angle,Gradient & Directional Derivatives,topic,yes,Google search suggestion
directional derivative with gradient,Gradient & Directional Derivatives,topic,yes,Google search suggestion
directional derivative without unit vector,Gradient & Directional Derivatives,topic,yes,Google search suggestion
directional derivative word problems,Gradient & Directional Derivatives,practice,yes,Google search suggestion
directional derivative worked example,Gradient & Directional Derivatives,examples,yes,added: the page answers this
directional derivatives and the gradient,Gradient & Directional Derivatives,topic,yes,Google search suggestion
directional derivatives and the gradient vector,Gradient & Directional Derivatives,topic,yes,Google search suggestion
gradient definition vector calculus,Gradient & Directional Derivatives,definition,yes,Google search suggestion
gradient for vector,Gradient & Directional Derivatives,topic,yes,Google search suggestion
gradient formula vector calc,Gradient & Directional Derivatives,formula,yes,Google search suggestion
gradient formula vector calculus,Gradient & Directional Derivatives,formula,yes,Google search suggestion
gradient of a vector example,Gradient & Directional Derivatives,examples,yes,Google search suggestion
gradient of vector function formula,Gradient & Directional Derivatives,formula,yes,Google search suggestion
gradient vector,Gradient & Directional Derivatives,topic,yes,Google search suggestion
gradient vector analysis,Gradient & Directional Derivatives,topic,yes,Google search suggestion
gradient vector and directional derivative,Gradient & Directional Derivatives,topic,yes,Google search suggestion
gradient vector and hessian matrix,Gradient & Directional Derivatives,topic,yes,Google search suggestion
gradient vector and level curves,Gradient & Directional Derivatives,topic,yes,Google search suggestion
gradient vector and tangent plane,Gradient & Directional Derivatives,topic,yes,Google search suggestion
gradient vector calc,Gradient & Directional Derivatives,topic,yes,Google search suggestion
gradient vector calc 3,Gradient & Directional Derivatives,topic,yes,Google search suggestion
gradient vector calculus,Gradient & Directional Derivatives,topic,yes,Google search suggestion
gradient vector calculus examples,Gradient & Directional Derivatives,examples,yes,Google search suggestion
gradient vector common mistakes,Gradient & Directional Derivatives,examples,yes,added: the page answers this
gradient vector definition,Gradient & Directional Derivatives,definition,yes,Google search suggestion
gradient vector equation,Gradient & Directional Derivatives,formula,yes,Google search suggestion
gradient vector example,Gradient & Directional Derivatives,examples,yes,Google search suggestion
gradient vector examples,Gradient & Directional Derivatives,examples,yes,Google search suggestion
gradient vector explained,Gradient & Directional Derivatives,definition,yes,Google search suggestion
gradient vector explained simply,Gradient & Directional Derivatives,definition,yes,added: the page answers this
gradient vector field,Gradient & Directional Derivatives,topic,yes,Google search suggestion
gradient vector field examples,Gradient & Directional Derivatives,examples,yes,Google search suggestion
gradient vector field formula,Gradient & Directional Derivatives,formula,yes,Google search suggestion
gradient vector for beginners,Gradient & Directional Derivatives,definition,yes,added: the page answers this
gradient vector form,Gradient & Directional Derivatives,topic,yes,Google search suggestion
gradient vector formula,Gradient & Directional Derivatives,formula,yes,Google search suggestion
gradient vector formula example,Gradient & Directional Derivatives,examples,yes,Google search suggestion
gradient vector meaning,Gradient & Directional Derivatives,definition,yes,Google search suggestion
gradient vector of a function,Gradient & Directional Derivatives,topic,yes,Google search suggestion
gradient vector of a surface,Gradient & Directional Derivatives,topic,yes,Google search suggestion
gradient vector on contour map,Gradient & Directional Derivatives,topic,yes,Google search suggestion
gradient vector practice problems,Gradient & Directional Derivatives,practice,yes,Google search suggestion
gradient vector practice problems with answers,Gradient & Directional Derivatives,practice,yes,added: the page answers this
gradient vector practice problems with hints,Gradient & Directional Derivatives,practice,yes,added: the page answers this
gradient vector problems,Gradient & Directional Derivatives,practice,yes,Google search suggestion
gradient vector questions,Gradient & Directional Derivatives,practice,yes,Google search suggestion
gradient vector quiz,Gradient & Directional Derivatives,practice,yes,added: the page answers this
gradient vector step by step,Gradient & Directional Derivatives,examples,yes,added: the page answers this
gradient vector visualization,Gradient & Directional Derivatives,topic,yes,Google search suggestion
gradient vector worked example,Gradient & Directional Derivatives,examples,yes,added: the page answers this
gradient vector.of.a plane,Gradient & Directional Derivatives,topic,yes,Google search suggestion
how to directional derivative,Gradient & Directional Derivatives,how to,yes,Google search suggestion
how to draw gradient vector on contour map,Gradient & Directional Derivatives,how to,yes,Google search suggestion
how to draw gradient vectors,Gradient & Directional Derivatives,how to,yes,Google search suggestion
how to estimate directional derivative from contour map,Gradient & Directional Derivatives,how to,yes,Google search suggestion
how to find directional derivative,Gradient & Directional Derivatives,how to,yes,Google search suggestion
how to find directional derivative at a point,Gradient & Directional Derivatives,how to,yes,Google search suggestion
how to find directional derivative of a function,Gradient & Directional Derivatives,how to,yes,Google search suggestion
how to find directional derivative of a function at a point,Gradient & Directional Derivatives,how to,yes,Google search suggestion
how to find directional derivative of a vector,Gradient & Directional Derivatives,how to,yes,Google search suggestion
how to find directional derivative with gradient,Gradient & Directional Derivatives,how to,yes,Google search suggestion
how to find gradient of a vector,Gradient & Directional Derivatives,how to,yes,Google search suggestion
how to find gradient vector,Gradient & Directional Derivatives,how to,yes,Google search suggestion
how to find gradient vector calculus,Gradient & Directional Derivatives,how to,yes,Google search suggestion
how to find gradient vector field,Gradient & Directional Derivatives,how to,yes,Google search suggestion
how to find gradient vector field of a function,Gradient & Directional Derivatives,how to,yes,Google search suggestion
how to find gradient vector of a function,Gradient & Directional Derivatives,how to,yes,Google search suggestion
how to gradient vector,Gradient & Directional Derivatives,how to,yes,Google search suggestion
how to maximize directional derivative,Gradient & Directional Derivatives,how to,yes,Google search suggestion
how to sketch gradient vector field,Gradient & Directional Derivatives,how to,yes,Google search suggestion
how to solve directional derivative,Gradient & Directional Derivatives,how to,yes,Google search suggestion
how to solve gradient vector,Gradient & Directional Derivatives,how to,yes,Google search suggestion
is the gradient the normal vector,Gradient & Directional Derivatives,topic,yes,Google search suggestion
level curves and gradient vectors,Gradient & Directional Derivatives,topic,yes,Google search suggestion
slope vector formula,Gradient & Directional Derivatives,formula,yes,Google search suggestion
what are gradient vectors,Gradient & Directional Derivatives,definition,yes,Google search suggestion
what does the directional derivative tell you,Gradient & Directional Derivatives,definition,yes,Google search suggestion
what is a directional derivative in calc 3,Gradient & Directional Derivatives,definition,yes,Google search suggestion
what is a gradient vector,Gradient & Directional Derivatives,definition,yes,Google search suggestion
what is a gradient vector in calc 3,Gradient & Directional Derivatives,definition,yes,Google search suggestion
what is directional derivative,Gradient & Directional Derivatives,definition,yes,Google search suggestion
what is directional derivative formula,Gradient & Directional Derivatives,definition,yes,Google search suggestion
what is directional derivative gradient vector,Gradient & Directional Derivatives,definition,yes,Google search suggestion
what is directional derivative in maths,Gradient & Directional Derivatives,definition,yes,Google search suggestion
what is directional derivative in vector calculus,Gradient & Directional Derivatives,definition,yes,Google search suggestion
what is directional derivative of a function,Gradient & Directional Derivatives,definition,yes,Google search suggestion
what is directional derivative of a vector,Gradient & Directional Derivatives,definition,yes,Google search suggestion
what is directional derivative used for,Gradient & Directional Derivatives,definition,yes,Google search suggestion
what is gradient in vector differentiation,Gradient & Directional Derivatives,definition,yes,Google search suggestion
what is gradient vector,Gradient & Directional Derivatives,definition,yes,Google search suggestion
what is gradient vector calculus,Gradient & Directional Derivatives,definition,yes,Google search suggestion
what is gradient vector field,Gradient & Directional Derivatives,definition,yes,Google search suggestion
what is gradient vector in maths,Gradient & Directional Derivatives,definition,yes,Google search suggestion
what is gradient vector used for,Gradient & Directional Derivatives,definition,yes,Google search suggestion
what is maximum directional derivative,Gradient & Directional Derivatives,definition,yes,Google search suggestion
what is the gradient of a vector field,Gradient & Directional Derivatives,definition,yes,Google search suggestion
what is the gradient vector formula,Gradient & Directional Derivatives,definition,yes,Google search suggestion
what is the gradient vector of a function,Gradient & Directional Derivatives,definition,yes,Google search suggestion
what is the gradient vector perpendicular to,Gradient & Directional Derivatives,definition,yes,Google search suggestion
what is the limit definition of the directional derivative,Gradient & Directional Derivatives,definition,yes,Google search suggestion
directional derivative calculator,Gradient & Directional Derivatives,tool,no: wants a calculator or tool,Google search suggestion
directional derivative formula pdf,Gradient & Directional Derivatives,specific source,"no: wants a specific source, video or file",Google search suggestion
directional derivative meaning in bengali,Gradient & Directional Derivatives,other language,no: wants it in another language,Google search suggestion
directional derivative meaning in hindi,Gradient & Directional Derivatives,other language,no: wants it in another language,Google search suggestion
directional derivative meaning in tamil,Gradient & Directional Derivatives,other language,no: wants it in another language,Google search suggestion
directional derivatives problems and solutions pdf,Gradient & Directional Derivatives,specific source,"no: wants a specific source, video or file",Google search suggestion
directional derivatives problems and solutions pdf download,Gradient & Directional Derivatives,specific source,"no: wants a specific source, video or file",Google search suggestion
gradient vector calculator,Gradient & Directional Derivatives,tool,no: wants a calculator or tool,Google search suggestion
gradient vector field grapher,Gradient & Directional Derivatives,specific source,"no: wants a specific source, video or file",Google search suggestion
gradient vector from surface qgis,Gradient & Directional Derivatives,other subject,no: a different subject,Google search suggestion
how does lagrange multipliers work,Lagrange Multipliers,how to,yes,Google search suggestion
how to calculate lagrange multipliers,Lagrange Multipliers,how to,yes,Google search suggestion
how to compute lagrange multipliers,Lagrange Multipliers,how to,yes,Google search suggestion
how to do lagrange multipliers calc 3,Lagrange Multipliers,how to,yes,Google search suggestion
how to find lagrange multipliers,Lagrange Multipliers,how to,yes,Google search suggestion
how to know when to use lagrange multipliers,Lagrange Multipliers,how to,yes,Google search suggestion
how to lagrange multipliers,Lagrange Multipliers,how to,yes,Google search suggestion
how to lagrange multipliers work,Lagrange Multipliers,how to,yes,Google search suggestion
how to solve lagrange multipliers,Lagrange Multipliers,how to,yes,Google search suggestion
how to solve lagrange multipliers with 3 variables,Lagrange Multipliers,how to,yes,Google search suggestion
how to solve lagrange multipliers with two constraints,Lagrange Multipliers,how to,yes,Google search suggestion
how to use lagrange multipliers,Lagrange Multipliers,how to,yes,Google search suggestion
lagrange multiplier example questions,Lagrange Multipliers,practice,yes,Google search suggestion
lagrange multiplier for maxima and minima,Lagrange Multipliers,topic,yes,Google search suggestion
lagrange multiplier formula example,Lagrange Multipliers,examples,yes,Google search suggestion
lagrange multiplier formulation,Lagrange Multipliers,formula,yes,Google search suggestion
lagrange multiplier method example problems,Lagrange Multipliers,practice,yes,Google search suggestion
lagrange multiplier method explained,Lagrange Multipliers,definition,yes,Google search suggestion
lagrange multiplier method formula,Lagrange Multipliers,formula,yes,Google search suggestion
lagrange multiplier practice problems and solutions,Lagrange Multipliers,practice,yes,Google search suggestion
lagrange multiplier problem example,Lagrange Multipliers,practice,yes,Google search suggestion
lagrange multiplier problems with solutions,Lagrange Multipliers,practice,yes,Google search suggestion
lagrange multiplier test formula,Lagrange Multipliers,practice,yes,Google search suggestion
lagrange multiplier theorem formula,Lagrange Multipliers,formula,yes,Google search suggestion
lagrange multipliers,Lagrange Multipliers,topic,yes,Google search suggestion
lagrange multipliers calc 3,Lagrange Multipliers,topic,yes,Google search suggestion
lagrange multipliers calc 3 formula,Lagrange Multipliers,formula,yes,Google search suggestion
lagrange multipliers calc 3 practice problems,Lagrange Multipliers,practice,yes,Google search suggestion
lagrange multipliers common mistakes,Lagrange Multipliers,examples,yes,added: the page answers this
lagrange multipliers definition,Lagrange Multipliers,definition,yes,Google search suggestion
lagrange multipliers equation,Lagrange Multipliers,formula,yes,Google search suggestion
lagrange multipliers example,Lagrange Multipliers,examples,yes,Google search suggestion
lagrange multipliers example problems,Lagrange Multipliers,practice,yes,Google search suggestion
lagrange multipliers examples,Lagrange Multipliers,examples,yes,Google search suggestion
lagrange multipliers examples and solutions,Lagrange Multipliers,examples,yes,Google search suggestion
lagrange multipliers explained,Lagrange Multipliers,definition,yes,Google search suggestion
lagrange multipliers explained simply,Lagrange Multipliers,definition,yes,Google search suggestion
lagrange multipliers for beginners,Lagrange Multipliers,definition,yes,added: the page answers this
lagrange multipliers for constrained optimization,Lagrange Multipliers,topic,yes,Google search suggestion
lagrange multipliers for dummies,Lagrange Multipliers,definition,yes,Google search suggestion
lagrange multipliers for equality constraints,Lagrange Multipliers,topic,yes,Google search suggestion
lagrange multipliers for functionals,Lagrange Multipliers,topic,yes,Google search suggestion
lagrange multipliers for inequalities,Lagrange Multipliers,topic,yes,Google search suggestion
lagrange multipliers for inequality constraints,Lagrange Multipliers,topic,yes,Google search suggestion
lagrange multipliers for multiple constraints,Lagrange Multipliers,topic,yes,Google search suggestion
lagrange multipliers for optimization,Lagrange Multipliers,topic,yes,Google search suggestion
lagrange multipliers formula,Lagrange Multipliers,formula,yes,Google search suggestion
lagrange multipliers meaning,Lagrange Multipliers,definition,yes,Google search suggestion
lagrange multipliers method,Lagrange Multipliers,topic,yes,Google search suggestion
lagrange multipliers practice problems,Lagrange Multipliers,practice,yes,Google search suggestion
lagrange multipliers practice problems with answers,Lagrange Multipliers,practice,yes,added: the page answers this
lagrange multipliers practice problems with hints,Lagrange Multipliers,practice,yes,added: the page answers this
lagrange multipliers practice questions,Lagrange Multipliers,practice,yes,Google search suggestion
lagrange multipliers problems,Lagrange Multipliers,practice,yes,Google search suggestion
lagrange multipliers quiz,Lagrange Multipliers,practice,yes,added: the page answers this
lagrange multipliers solved examples,Lagrange Multipliers,examples,yes,Google search suggestion
lagrange multipliers step by step,Lagrange Multipliers,examples,yes,added: the page answers this
lagrange multipliers summary,Lagrange Multipliers,topic,yes,Google search suggestion
lagrange multipliers with 2 variables,Lagrange Multipliers,topic,yes,Google search suggestion
lagrange multipliers with 3 variables,Lagrange Multipliers,topic,yes,Google search suggestion
lagrange multipliers with constraints,Lagrange Multipliers,topic,yes,Google search suggestion
lagrange multipliers with inequalities,Lagrange Multipliers,topic,yes,Google search suggestion
lagrange multipliers with inequality constraints,Lagrange Multipliers,topic,yes,Google search suggestion
lagrange multipliers with multiple constraints,Lagrange Multipliers,topic,yes,Google search suggestion
lagrange multipliers with one constraint,Lagrange Multipliers,topic,yes,Google search suggestion
lagrange multipliers with three constraints,Lagrange Multipliers,topic,yes,Google search suggestion
lagrange multipliers with two constraints,Lagrange Multipliers,topic,yes,Google search suggestion
lagrange multipliers word problems,Lagrange Multipliers,practice,yes,Google search suggestion
lagrange multipliers worked example,Lagrange Multipliers,examples,yes,added: the page answers this
lagrange's method of undetermined multipliers formula,Lagrange Multipliers,formula,yes,Google search suggestion
what is lagrange multiplier formula,Lagrange Multipliers,definition,yes,Google search suggestion
what is lagrange multiplier in optimization,Lagrange Multipliers,definition,yes,Google search suggestion
what is lagrange multiplier in svm,Lagrange Multipliers,definition,yes,Google search suggestion
what is lagrange multiplier method,Lagrange Multipliers,definition,yes,Google search suggestion
what is lagrange multiplier test,Lagrange Multipliers,practice,yes,Google search suggestion
what is lagrange multiplier theorem,Lagrange Multipliers,definition,yes,Google search suggestion
what is lagrange multipliers,Lagrange Multipliers,definition,yes,Google search suggestion
what is lagrange multipliers used for,Lagrange Multipliers,definition,yes,Google search suggestion
what is lagrangian multipliers,Lagrange Multipliers,definition,yes,Google search suggestion
when do we use lagrange multipliers,Lagrange Multipliers,how to,yes,Google search suggestion
when to use lagrange multipliers,Lagrange Multipliers,how to,yes,Google search suggestion
why do lagrange multipliers work,Lagrange Multipliers,definition,yes,Google search suggestion
lagrange multiplier example economics,Lagrange Multipliers,other subject,no: a different subject,Google search suggestion
lagrange multiplier example problems economics,Lagrange Multipliers,other subject,no: a different subject,Google search suggestion
lagrange multiplier example problems pdf,Lagrange Multipliers,specific source,"no: wants a specific source, video or file",Google search suggestion
lagrange multiplier example problems pdf with solutions,Lagrange Multipliers,specific source,"no: wants a specific source, video or file",Google search suggestion
lagrange multiplier formula economics,Lagrange Multipliers,other subject,no: a different subject,Google search suggestion
lagrange multiplier practice problems and solutions pdf,Lagrange Multipliers,specific source,"no: wants a specific source, video or file",Google search suggestion
lagrange multiplier problems in economics,Lagrange Multipliers,other subject,no: a different subject,Google search suggestion
lagrange multiplier problems pdf,Lagrange Multipliers,specific source,"no: wants a specific source, video or file",Google search suggestion
lagrange multiplier problems solutions pdf,Lagrange Multipliers,specific source,"no: wants a specific source, video or file",Google search suggestion
lagrange multipliers calculator,Lagrange Multipliers,tool,no: wants a calculator or tool,Google search suggestion
lagrange multipliers khan academy,Lagrange Multipliers,specific source,"no: wants a specific source, video or file",Google search suggestion
lagrange multipliers without permanent scarring,Lagrange Multipliers,other subject,no: a different subject,Google search suggestion
what is lagrange multiplier in economics,Lagrange Multipliers,other subject,no: a different subject,Google search suggestion
calc 3 double integrals practice problems,Double & Triple Integrals,practice,yes,Google search suggestion
calc 3 triple integrals practice problems,Double & Triple Integrals,practice,yes,Google search suggestion
cylindrical triple integral formula,Double & Triple Integrals,formula,yes,Google search suggestion
dirichlet triple integral formula,Double & Triple Integrals,formula,yes,Google search suggestion
double and triple integrals examples,Double & Triple Integrals,examples,yes,Google search suggestion
double and triple integrals explained,Double & Triple Integrals,definition,yes,Google search suggestion
double and triple integrals formula,Double & Triple Integrals,formula,yes,Google search suggestion
double integral bounds explained,Double & Triple Integrals,definition,yes,Google search suggestion
double integral example problem,Double & Triple Integrals,practice,yes,Google search suggestion
double integral examples with solutions,Double & Triple Integrals,practice,yes,Google search suggestion
double integral for a circle,Double & Triple Integrals,topic,yes,Google search suggestion
double integral for area and volume,Double & Triple Integrals,topic,yes,Google search suggestion
double integral for ellipse,Double & Triple Integrals,topic,yes,Google search suggestion
double integral for polar coordinates,Double & Triple Integrals,topic,yes,Google search suggestion
double integral for sphere,Double & Triple Integrals,topic,yes,Google search suggestion
double integral for surface area,Double & Triple Integrals,topic,yes,Google search suggestion
double integral for triangle,Double & Triple Integrals,topic,yes,Google search suggestion
double integral formula example,Double & Triple Integrals,examples,yes,Google search suggestion
double integral formula for area,Double & Triple Integrals,formula,yes,Google search suggestion
double integral formula for surface area,Double & Triple Integrals,formula,yes,Google search suggestion
double integral formula for volume,Double & Triple Integrals,formula,yes,Google search suggestion
double integral formula sheet,Double & Triple Integrals,formula,yes,Google search suggestion
double integral problem set,Double & Triple Integrals,practice,yes,Google search suggestion
double integral problems and solutions,Double & Triple Integrals,practice,yes,Google search suggestion
double integral solved examples,Double & Triple Integrals,examples,yes,Google search suggestion
double integrals,Double & Triple Integrals,topic,yes,Google search suggestion
double integrals and triple integrals,Double & Triple Integrals,topic,yes,Google search suggestion
double integrals calc 3,Double & Triple Integrals,topic,yes,Google search suggestion
double integrals common mistakes,Double & Triple Integrals,examples,yes,added: the page answers this
double integrals definition,Double & Triple Integrals,definition,yes,Google search suggestion
double integrals examples,Double & Triple Integrals,examples,yes,Google search suggestion
double integrals explained,Double & Triple Integrals,definition,yes,Google search suggestion
double integrals explained simply,Double & Triple Integrals,definition,yes,added: the page answers this
double integrals for area,Double & Triple Integrals,topic,yes,Google search suggestion
double integrals for beginners,Double & Triple Integrals,definition,yes,added: the page answers this
double integrals for volume,Double & Triple Integrals,topic,yes,Google search suggestion
double integrals formula,Double & Triple Integrals,formula,yes,Google search suggestion
double integrals in polar coordinates,Double & Triple Integrals,topic,yes,Google search suggestion
double integrals in polar coordinates practice problems,Double & Triple Integrals,practice,yes,Google search suggestion
double integrals in polar form,Double & Triple Integrals,topic,yes,Google search suggestion
double integrals meaning,Double & Triple Integrals,definition,yes,Google search suggestion
double integrals over general regions,Double & Triple Integrals,topic,yes,Google search suggestion
double integrals over general regions practice problems,Double & Triple Integrals,practice,yes,Google search suggestion
double integrals over rectangles,Double & Triple Integrals,topic,yes,Google search suggestion
double integrals over rectangles practice problems,Double & Triple Integrals,practice,yes,Google search suggestion
double integrals over rectangular regions,Double & Triple Integrals,topic,yes,Google search suggestion
double integrals practice problems,Double & Triple Integrals,practice,yes,Google search suggestion
double integrals practice problems with answers,Double & Triple Integrals,practice,yes,added: the page answers this
double integrals practice problems with hints,Double & Triple Integrals,practice,yes,added: the page answers this
double integrals problems,Double & Triple Integrals,practice,yes,Google search suggestion
double integrals questions,Double & Triple Integrals,practice,yes,Google search suggestion
double integrals quiz,Double & Triple Integrals,practice,yes,added: the page answers this
double integrals sample problems,Double & Triple Integrals,practice,yes,Google search suggestion
double integrals step by step,Double & Triple Integrals,examples,yes,added: the page answers this
double integrals with bounds,Double & Triple Integrals,topic,yes,Google search suggestion
double integrals with polar,Double & Triple Integrals,topic,yes,Google search suggestion
double integrals with polar coordinates,Double & Triple Integrals,topic,yes,Google search suggestion
double integrals with variable bounds,Double & Triple Integrals,topic,yes,Google search suggestion
double integrals worked example,Double & Triple Integrals,examples,yes,added: the page answers this
double integration method practice problems,Double & Triple Integrals,practice,yes,Google search suggestion
double integration with limits,Double & Triple Integrals,topic,yes,Google search suggestion
double integration without limits,Double & Triple Integrals,topic,yes,Google search suggestion
how to calculate triple integrals,Double & Triple Integrals,how to,yes,Google search suggestion
how to compute double integrals,Double & Triple Integrals,how to,yes,Google search suggestion
how to do double integrals,Double & Triple Integrals,how to,yes,Google search suggestion
how to do double integrals on ti 84,Double & Triple Integrals,how to,yes,Google search suggestion
how to double integrals,Double & Triple Integrals,how to,yes,Google search suggestion
how to evaluate double integrals,Double & Triple Integrals,how to,yes,Google search suggestion
how to evaluate triple integrals,Double & Triple Integrals,how to,yes,Google search suggestion
how to multiple integrals,Double & Triple Integrals,how to,yes,Google search suggestion
how to reorder triple integrals,Double & Triple Integrals,how to,yes,Google search suggestion
how to rewrite triple integrals,Double & Triple Integrals,how to,yes,Google search suggestion
how to sketch double integrals,Double & Triple Integrals,how to,yes,Google search suggestion
how to sketch triple integrals,Double & Triple Integrals,how to,yes,Google search suggestion
how to solve double integrals,Double & Triple Integrals,how to,yes,Google search suggestion
how to solve double integrals in polar coordinates,Double & Triple Integrals,how to,yes,Google search suggestion
how to triple integral,Double & Triple Integrals,how to,yes,Google search suggestion
how to visualize triple integrals,Double & Triple Integrals,how to,yes,Google search suggestion
maths double integral examples,Double & Triple Integrals,examples,yes,Google search suggestion
multiple integrals examples,Double & Triple Integrals,examples,yes,Google search suggestion
multiple integrals examples with solutions,Double & Triple Integrals,practice,yes,Google search suggestion
multiple integrals explained,Double & Triple Integrals,definition,yes,Google search suggestion
multiple integrals formulas,Double & Triple Integrals,formula,yes,Google search suggestion
multiple integrals practice problems,Double & Triple Integrals,practice,yes,Google search suggestion
multiple integrals problems,Double & Triple Integrals,practice,yes,Google search suggestion
multiple integrals problems and solutions,Double & Triple Integrals,practice,yes,Google search suggestion
polar coordinates with double integrals,Double & Triple Integrals,topic,yes,Google search suggestion
spherical triple integral formula,Double & Triple Integrals,formula,yes,Google search suggestion
triple integral example problems,Double & Triple Integrals,practice,yes,Google search suggestion
triple integral example questions,Double & Triple Integrals,practice,yes,Google search suggestion
triple integral examples,Double & Triple Integrals,examples,yes,Google search suggestion
triple integral examples with solutions,Double & Triple Integrals,practice,yes,Google search suggestion
triple integral explained,Double & Triple Integrals,definition,yes,Google search suggestion
triple integral for a cone,Double & Triple Integrals,topic,yes,Google search suggestion
triple integral for cylinder,Double & Triple Integrals,topic,yes,Google search suggestion
triple integral for mass,Double & Triple Integrals,topic,yes,Google search suggestion
triple integral for sphere,Double & Triple Integrals,topic,yes,Google search suggestion
triple integral for sphere volume,Double & Triple Integrals,topic,yes,Google search suggestion
triple integral form,Double & Triple Integrals,topic,yes,Google search suggestion
triple integral formula example,Double & Triple Integrals,examples,yes,Google search suggestion
triple integral mass formula,Double & Triple Integrals,formula,yes,Google search suggestion
triple integral practice problems with solutions,Double & Triple Integrals,practice,yes,Google search suggestion
triple integral solved examples,Double & Triple Integrals,examples,yes,Google search suggestion
triple integral use,Double & Triple Integrals,topic,yes,Google search suggestion
triple integral volume formula,Double & Triple Integrals,formula,yes,Google search suggestion
triple integrals,Double & Triple Integrals,topic,yes,Google search suggestion
triple integrals calc 3,Double & Triple Integrals,topic,yes,Google search suggestion
triple integrals common mistakes,Double & Triple Integrals,examples,yes,added: the page answers this
triple integrals definition,Double & Triple Integrals,definition,yes,Google search suggestion
triple integrals examples,Double & Triple Integrals,examples,yes,Google search suggestion
triple integrals explained,Double & Triple Integrals,definition,yes,Google search suggestion
triple integrals explained simply,Double & Triple Integrals,definition,yes,added: the page answers this
triple integrals for beginners,Double & Triple Integrals,definition,yes,added: the page answers this
triple integrals for volume,Double & Triple Integrals,topic,yes,Google search suggestion
triple integrals formula,Double & Triple Integrals,formula,yes,Google search suggestion
triple integrals graph,Double & Triple Integrals,topic,yes,Google search suggestion
triple integrals in cartesian coordinates,Double & Triple Integrals,topic,yes,Google search suggestion
triple integrals in rectangular coordinates,Double & Triple Integrals,topic,yes,Google search suggestion
triple integrals meaning,Double & Triple Integrals,definition,yes,Google search suggestion
triple integrals practice problems,Double & Triple Integrals,practice,yes,Google search suggestion
triple integrals practice problems with answers,Double & Triple Integrals,practice,yes,added: the page answers this
triple integrals practice problems with hints,Double & Triple Integrals,practice,yes,added: the page answers this
triple integrals problems,Double & Triple Integrals,practice,yes,Google search suggestion
triple integrals problems and solutions,Double & Triple Integrals,practice,yes,Google search suggestion
triple integrals questions,Double & Triple Integrals,practice,yes,Google search suggestion
triple integrals quiz,Double & Triple Integrals,practice,yes,added: the page answers this
triple integrals step by step,Double & Triple Integrals,examples,yes,added: the page answers this
triple integrals visualized,Double & Triple Integrals,topic,yes,Google search suggestion
triple integrals with polar coordinates,Double & Triple Integrals,topic,yes,Google search suggestion
triple integrals worked example,Double & Triple Integrals,examples,yes,added: the page answers this
triple integration with limits,Double & Triple Integrals,topic,yes,Google search suggestion
two integrals with a circle,Double & Triple Integrals,topic,yes,Google search suggestion
what calculus is double integrals,Double & Triple Integrals,topic,yes,Google search suggestion
what calculus is triple integrals,Double & Triple Integrals,topic,yes,Google search suggestion
what do double integrals do,Double & Triple Integrals,topic,yes,Google search suggestion
what do double integrals find,Double & Triple Integrals,topic,yes,Google search suggestion
what do double integrals represent,Double & Triple Integrals,topic,yes,Google search suggestion
what do triple integrals calculate,Double & Triple Integrals,topic,yes,Google search suggestion
what do triple integrals do,Double & Triple Integrals,topic,yes,Google search suggestion
what do triple integrals find,Double & Triple Integrals,topic,yes,Google search suggestion
what do triple integrals measure,Double & Triple Integrals,topic,yes,Google search suggestion
what do triple integrals represent,Double & Triple Integrals,topic,yes,Google search suggestion
what does a double integral mean,Double & Triple Integrals,definition,yes,Google search suggestion
what does a double integral represent,Double & Triple Integrals,definition,yes,Google search suggestion
what does a triple integral represent,Double & Triple Integrals,definition,yes,Google search suggestion
what is double integral in polar coordinates,Double & Triple Integrals,definition,yes,Google search suggestion
what is double integrals,Double & Triple Integrals,definition,yes,Google search suggestion
what is double integrals used for,Double & Triple Integrals,definition,yes,Google search suggestion
what is double integration method,Double & Triple Integrals,definition,yes,Google search suggestion
what is multiple integrals,Double & Triple Integrals,definition,yes,Google search suggestion
what is phi in triple integrals,Double & Triple Integrals,definition,yes,Google search suggestion
what is triple integral definition,Double & Triple Integrals,definition,yes,Google search suggestion
what is triple integrals,Double & Triple Integrals,definition,yes,Google search suggestion
what is triple integrals used for,Double & Triple Integrals,definition,yes,Google search suggestion
when to use double integrals,Double & Triple Integrals,how to,yes,Google search suggestion
when to use double integrals and triple integrals,Double & Triple Integrals,how to,yes,Google search suggestion
when to use double integration method,Double & Triple Integrals,how to,yes,Google search suggestion
when to use double vs triple integral,Double & Triple Integrals,how to,yes,Google search suggestion
when to use polar coordinates in double integrals,Double & Triple Integrals,how to,yes,Google search suggestion
when to use triple integrals,Double & Triple Integrals,how to,yes,Google search suggestion
double integral examples pdf,Double & Triple Integrals,specific source,"no: wants a specific source, video or file",Google search suggestion
double integral formulas pdf,Double & Triple Integrals,specific source,"no: wants a specific source, video or file",Google search suggestion
double integral practice problems with solutions pdf,Double & Triple Integrals,specific source,"no: wants a specific source, video or file",Google search suggestion
double integrals examples with solutions pdf,Double & Triple Integrals,specific source,"no: wants a specific source, video or file",Google search suggestion
double integrals khan academy,Double & Triple Integrals,specific source,"no: wants a specific source, video or file",Google search suggestion
double integrals practice problems pdf,Double & Triple Integrals,specific source,"no: wants a specific source, video or file",Google search suggestion
double integrals problems and solutions pdf,Double & Triple Integrals,specific source,"no: wants a specific source, video or file",Google search suggestion
double integrals problems pdf,Double & Triple Integrals,specific source,"no: wants a specific source, video or file",Google search suggestion
double integrals tutorial,Double & Triple Integrals,specific source,"no: wants a specific source, video or file",Google search suggestion
double integration formulas pdf class 12,Double & Triple Integrals,specific source,"no: wants a specific source, video or file",Google search suggestion
double integration with hinge,Double & Triple Integrals,other subject,no: a different subject,Google search suggestion
how to double integrals in calculator,Double & Triple Integrals,tool,no: wants a calculator or tool,Google search suggestion
multiple integrals formulas pdf,Double & Triple Integrals,specific source,"no: wants a specific source, video or file",Google search suggestion
multiple integrals problems and solutions pdf,Double & Triple Integrals,specific source,"no: wants a specific source, video or file",Google search suggestion
triple integral examples pdf,Double & Triple Integrals,specific source,"no: wants a specific source, video or file",Google search suggestion
triple integral examples with solutions pdf,Double & Triple Integrals,specific source,"no: wants a specific source, video or file",Google search suggestion
triple integral problems and solutions pdf,Double & Triple Integrals,specific source,"no: wants a specific source, video or file",Google search suggestion
triple integral problems pdf,Double & Triple Integrals,specific source,"no: wants a specific source, video or file",Google search suggestion
triple integral solved examples pdf,Double & Triple Integrals,specific source,"no: wants a specific source, video or file",Google search suggestion
triple integrals practice problems pdf,Double & Triple Integrals,specific source,"no: wants a specific source, video or file",Google search suggestion
triple integrals solved problems pdf,Double & Triple Integrals,specific source,"no: wants a specific source, video or file",Google search suggestion
what is double integration method in structural analysis,Double & Triple Integrals,other subject,no: a different subject,Google search suggestion
coordinates in spherical system,Cylindrical & Spherical,topic,yes,Google search suggestion
cylindrical and spherical coordinates explained,Cylindrical & Spherical,definition,yes,Google search suggestion
cylindrical and spherical coordinates practice problems,Cylindrical & Spherical,practice,yes,Google search suggestion
cylindrical coordinate system examples,Cylindrical & Spherical,examples,yes,Google search suggestion
cylindrical coordinate system explained,Cylindrical & Spherical,definition,yes,Google search suggestion
cylindrical coordinate system problems,Cylindrical & Spherical,practice,yes,Google search suggestion
cylindrical coordinates,Cylindrical & Spherical,topic,yes,Google search suggestion
cylindrical coordinates 3d,Cylindrical & Spherical,topic,yes,Google search suggestion
cylindrical coordinates calculus,Cylindrical & Spherical,topic,yes,Google search suggestion
cylindrical coordinates common mistakes,Cylindrical & Spherical,examples,yes,added: the page answers this
cylindrical coordinates conversion,Cylindrical & Spherical,topic,yes,Google search suggestion
cylindrical coordinates definition,Cylindrical & Spherical,definition,yes,Google search suggestion
cylindrical coordinates examples,Cylindrical & Spherical,examples,yes,Google search suggestion
cylindrical coordinates explained,Cylindrical & Spherical,definition,yes,Google search suggestion
cylindrical coordinates explained simply,Cylindrical & Spherical,definition,yes,added: the page answers this
cylindrical coordinates for a cone,Cylindrical & Spherical,topic,yes,Google search suggestion
cylindrical coordinates for a sphere,Cylindrical & Spherical,topic,yes,Google search suggestion
cylindrical coordinates for beginners,Cylindrical & Spherical,definition,yes,added: the page answers this
cylindrical coordinates for paraboloid,Cylindrical & Spherical,topic,yes,Google search suggestion
cylindrical coordinates for triple integrals,Cylindrical & Spherical,topic,yes,Google search suggestion
cylindrical coordinates for xyz,Cylindrical & Spherical,topic,yes,Google search suggestion
cylindrical coordinates formula,Cylindrical & Spherical,formula,yes,Google search suggestion
cylindrical coordinates formula example,Cylindrical & Spherical,examples,yes,Google search suggestion
cylindrical coordinates from cartesian,Cylindrical & Spherical,topic,yes,Google search suggestion
cylindrical coordinates in 3d,Cylindrical & Spherical,topic,yes,Google search suggestion
cylindrical coordinates in terms of cartesian,Cylindrical & Spherical,topic,yes,Google search suggestion
cylindrical coordinates integral,Cylindrical & Spherical,topic,yes,Google search suggestion
cylindrical coordinates jacobian,Cylindrical & Spherical,topic,yes,Google search suggestion
cylindrical coordinates practice problems,Cylindrical & Spherical,practice,yes,Google search suggestion
cylindrical coordinates practice problems with answers,Cylindrical & Spherical,practice,yes,added: the page answers this
cylindrical coordinates practice problems with hints,Cylindrical & Spherical,practice,yes,added: the page answers this
cylindrical coordinates problems,Cylindrical & Spherical,practice,yes,Google search suggestion
cylindrical coordinates problems and solutions,Cylindrical & Spherical,practice,yes,Google search suggestion
cylindrical coordinates questions,Cylindrical & Spherical,practice,yes,Google search suggestion
cylindrical coordinates quiz,Cylindrical & Spherical,practice,yes,added: the page answers this
cylindrical coordinates step by step,Cylindrical & Spherical,examples,yes,added: the page answers this
cylindrical coordinates to cartesian,Cylindrical & Spherical,topic,yes,Google search suggestion
cylindrical coordinates to spherical coordinates,Cylindrical & Spherical,topic,yes,Google search suggestion
cylindrical coordinates unit vectors,Cylindrical & Spherical,topic,yes,Google search suggestion
cylindrical coordinates worked example,Cylindrical & Spherical,examples,yes,added: the page answers this
divergence theorem for cylindrical coordinates,Cylindrical & Spherical,topic,yes,Google search suggestion
divergence theorem for spherical coordinates,Cylindrical & Spherical,topic,yes,Google search suggestion
divergence theorem in spherical coordinates,Cylindrical & Spherical,topic,yes,Google search suggestion
gradient vector in cylindrical coordinates,Cylindrical & Spherical,topic,yes,Google search suggestion
how do cylindrical coordinates work,Cylindrical & Spherical,how to,yes,Google search suggestion
how to convert to cylindrical coordinates,Cylindrical & Spherical,how to,yes,Google search suggestion
how to do triple integrals in cylindrical coordinates,Cylindrical & Spherical,how to,yes,Google search suggestion
how to do triple integrals in spherical coordinates,Cylindrical & Spherical,how to,yes,Google search suggestion
how to find cylindrical coordinates,Cylindrical & Spherical,how to,yes,Google search suggestion
how to find spherical coordinates,Cylindrical & Spherical,how to,yes,Google search suggestion
how to find spherical coordinates from cartesian,Cylindrical & Spherical,how to,yes,Google search suggestion
how to graph cylindrical coordinates,Cylindrical & Spherical,how to,yes,Google search suggestion
how to graph polar coordinates,Cylindrical & Spherical,how to,yes,Google search suggestion
how to graph spherical coordinates,Cylindrical & Spherical,how to,yes,Google search suggestion
how to integrate spherical coordinates,Cylindrical & Spherical,how to,yes,Google search suggestion
how to plot cylindrical coordinates,Cylindrical & Spherical,how to,yes,Google search suggestion
how to plot spherical coordinates,Cylindrical & Spherical,how to,yes,Google search suggestion
how to polar coordinates,Cylindrical & Spherical,how to,yes,Google search suggestion
how to spherical coordinates,Cylindrical & Spherical,how to,yes,Google search suggestion
how to use cylindrical coordinates,Cylindrical & Spherical,how to,yes,Google search suggestion
how to use spherical coordinates,Cylindrical & Spherical,how to,yes,Google search suggestion
polar coordinates example problems with solutions,Cylindrical & Spherical,practice,yes,Google search suggestion
polar coordinates examples,Cylindrical & Spherical,examples,yes,Google search suggestion
polar coordinates explained,Cylindrical & Spherical,definition,yes,Google search suggestion
polar coordinates for ellipse,Cylindrical & Spherical,topic,yes,Google search suggestion
polar coordinates form,Cylindrical & Spherical,topic,yes,Google search suggestion
polar coordinates format,Cylindrical & Spherical,topic,yes,Google search suggestion
polar coordinates formula,Cylindrical & Spherical,formula,yes,Google search suggestion
polar coordinates formula area,Cylindrical & Spherical,formula,yes,Google search suggestion
polar coordinates formula dynamics,Cylindrical & Spherical,formula,yes,Google search suggestion
polar coordinates formula example,Cylindrical & Spherical,examples,yes,Google search suggestion
polar coordinates formula for acceleration,Cylindrical & Spherical,formula,yes,Google search suggestion
polar coordinates formula integral,Cylindrical & Spherical,formula,yes,Google search suggestion
polar coordinates formula sheet,Cylindrical & Spherical,formula,yes,Google search suggestion
polar coordinates practice problems,Cylindrical & Spherical,practice,yes,Google search suggestion
polar coordinates problems,Cylindrical & Spherical,practice,yes,Google search suggestion
polar coordinates problems with solutions,Cylindrical & Spherical,practice,yes,Google search suggestion
polar coordinates sample problems,Cylindrical & Spherical,practice,yes,Google search suggestion
polar coordinates with complex numbers,Cylindrical & Spherical,topic,yes,Google search suggestion
polar coordinates with i,Cylindrical & Spherical,topic,yes,Google search suggestion
polar coordinates with imaginary numbers,Cylindrical & Spherical,topic,yes,Google search suggestion
polar coordinates with negative r,Cylindrical & Spherical,topic,yes,Google search suggestion
polar coordinates with negative radius,Cylindrical & Spherical,topic,yes,Google search suggestion
polar coordinates with z,Cylindrical & Spherical,topic,yes,Google search suggestion
precalculus polar coordinates practice problems,Cylindrical & Spherical,practice,yes,Google search suggestion
sphere coordinates formula,Cylindrical & Spherical,formula,yes,Google search suggestion
sphere with coordinates,Cylindrical & Spherical,topic,yes,Google search suggestion
spherical coordinate system examples,Cylindrical & Spherical,examples,yes,Google search suggestion
spherical coordinate system explained,Cylindrical & Spherical,definition,yes,Google search suggestion
spherical coordinates,Cylindrical & Spherical,topic,yes,Google search suggestion
spherical coordinates calc 3,Cylindrical & Spherical,topic,yes,Google search suggestion
spherical coordinates calculus,Cylindrical & Spherical,topic,yes,Google search suggestion
spherical coordinates calculus 3,Cylindrical & Spherical,topic,yes,Google search suggestion
spherical coordinates common mistakes,Cylindrical & Spherical,examples,yes,added: the page answers this
spherical coordinates conversion,Cylindrical & Spherical,topic,yes,Google search suggestion
spherical coordinates definition,Cylindrical & Spherical,definition,yes,Google search suggestion
spherical coordinates example problems,Cylindrical & Spherical,practice,yes,Google search suggestion
spherical coordinates examples,Cylindrical & Spherical,examples,yes,Google search suggestion
spherical coordinates explained,Cylindrical & Spherical,definition,yes,Google search suggestion
spherical coordinates explained simply,Cylindrical & Spherical,definition,yes,added: the page answers this
spherical coordinates for a cone,Cylindrical & Spherical,topic,yes,Google search suggestion
spherical coordinates for beginners,Cylindrical & Spherical,definition,yes,added: the page answers this
spherical coordinates for ellipsoid,Cylindrical & Spherical,topic,yes,Google search suggestion
spherical coordinates for integration,Cylindrical & Spherical,topic,yes,Google search suggestion
spherical coordinates for physics,Cylindrical & Spherical,topic,yes,Google search suggestion
spherical coordinates for triple integrals,Cylindrical & Spherical,topic,yes,Google search suggestion
spherical coordinates for xy and z,Cylindrical & Spherical,topic,yes,Google search suggestion
spherical coordinates for xyz,Cylindrical & Spherical,topic,yes,Google search suggestion
spherical coordinates for z,Cylindrical & Spherical,topic,yes,Google search suggestion
spherical coordinates formula,Cylindrical & Spherical,formula,yes,Google search suggestion
spherical coordinates formula dv,Cylindrical & Spherical,formula,yes,Google search suggestion
spherical coordinates formula integral,Cylindrical & Spherical,formula,yes,Google search suggestion
spherical coordinates from cartesian,Cylindrical & Spherical,topic,yes,Google search suggestion
spherical coordinates in calculus,Cylindrical & Spherical,topic,yes,Google search suggestion
spherical coordinates integral,Cylindrical & Spherical,topic,yes,Google search suggestion
spherical coordinates integral examples,Cylindrical & Spherical,examples,yes,Google search suggestion
spherical coordinates jacobian,Cylindrical & Spherical,topic,yes,Google search suggestion
spherical coordinates limits,Cylindrical & Spherical,topic,yes,Google search suggestion
spherical coordinates names,Cylindrical & Spherical,topic,yes,Google search suggestion
spherical coordinates physics,Cylindrical & Spherical,topic,yes,Google search suggestion
spherical coordinates practice problems,Cylindrical & Spherical,practice,yes,Google search suggestion
spherical coordinates practice problems with answers,Cylindrical & Spherical,practice,yes,added: the page answers this
spherical coordinates practice problems with hints,Cylindrical & Spherical,practice,yes,added: the page answers this
spherical coordinates problems,Cylindrical & Spherical,practice,yes,Google search suggestion
spherical coordinates questions,Cylindrical & Spherical,practice,yes,Google search suggestion
spherical coordinates quiz,Cylindrical & Spherical,practice,yes,added: the page answers this
spherical coordinates step by step,Cylindrical & Spherical,examples,yes,added: the page answers this
spherical coordinates to cartesian,Cylindrical & Spherical,topic,yes,Google search suggestion
spherical coordinates to rectangular,Cylindrical & Spherical,topic,yes,Google search suggestion
spherical coordinates triple integral problems,Cylindrical & Spherical,practice,yes,Google search suggestion
spherical coordinates with unit vectors,Cylindrical & Spherical,topic,yes,Google search suggestion
spherical coordinates worked example,Cylindrical & Spherical,examples,yes,added: the page answers this
spherical polar coordinates explained,Cylindrical & Spherical,definition,yes,Google search suggestion
triple integral for cylindrical coordinates,Cylindrical & Spherical,topic,yes,Google search suggestion
triple integral for spherical coordinates,Cylindrical & Spherical,topic,yes,Google search suggestion
triple integral formula for spherical coordinates,Cylindrical & Spherical,formula,yes,Google search suggestion
triple integral spherical coordinates examples,Cylindrical & Spherical,examples,yes,Google search suggestion
triple integrals in cylindrical and spherical coordinates,Cylindrical & Spherical,topic,yes,Google search suggestion
triple integrals in cylindrical coordinates,Cylindrical & Spherical,topic,yes,Google search suggestion
triple integrals in cylindrical coordinates examples,Cylindrical & Spherical,examples,yes,Google search suggestion
triple integrals in cylindrical coordinates formula,Cylindrical & Spherical,formula,yes,Google search suggestion
triple integrals in spherical coordinates,Cylindrical & Spherical,topic,yes,Google search suggestion
triple integrals in spherical coordinates practice problems,Cylindrical & Spherical,practice,yes,Google search suggestion
triple integrals with cylindrical coordinates,Cylindrical & Spherical,topic,yes,Google search suggestion
triple integrals with spherical coordinates,Cylindrical & Spherical,topic,yes,Google search suggestion
what are spherical coordinates,Cylindrical & Spherical,definition,yes,Google search suggestion
what are the cylindrical coordinates,Cylindrical & Spherical,definition,yes,Google search suggestion
what is cylindrical coordinate system,Cylindrical & Spherical,definition,yes,Google search suggestion
what is cylindrical coordinates,Cylindrical & Spherical,definition,yes,Google search suggestion
what is cylindrical coordinates system,Cylindrical & Spherical,definition,yes,Google search suggestion
what is cylindrical polar coordinates,Cylindrical & Spherical,definition,yes,Google search suggestion
what is polar coordinates,Cylindrical & Spherical,definition,yes,Google search suggestion
what is polar coordinates in maths,Cylindrical & Spherical,definition,yes,Google search suggestion
what is polar coordinates system,Cylindrical & Spherical,definition,yes,Google search suggestion
what is polar coordinates used for,Cylindrical & Spherical,definition,yes,Google search suggestion
what is r in cylindrical coordinates,Cylindrical & Spherical,definition,yes,Google search suggestion
what is spherical coordinate system,Cylindrical & Spherical,definition,yes,Google search suggestion
what is spherical coordinates,Cylindrical & Spherical,definition,yes,Google search suggestion
what is spherical coordinates system,Cylindrical & Spherical,definition,yes,Google search suggestion
what is spherical polar coordinates,Cylindrical & Spherical,definition,yes,Google search suggestion
when to use cylindrical coordinates,Cylindrical & Spherical,how to,yes,Google search suggestion
when to use cylindrical coordinates vs spherical,Cylindrical & Spherical,how to,yes,Google search suggestion
when to use cylindrical vs spherical coordinates,Cylindrical & Spherical,how to,yes,Google search suggestion
when to use polar coordinates,Cylindrical & Spherical,how to,yes,Google search suggestion
when to use spherical coordinates,Cylindrical & Spherical,how to,yes,Google search suggestion
cylindrical coordinates grapher,Cylindrical & Spherical,specific source,"no: wants a specific source, video or file",Google search suggestion
cylindrical coordinates problems and solutions pdf,Cylindrical & Spherical,specific source,"no: wants a specific source, video or file",Google search suggestion
how to graph spherical coordinates in desmos,Cylindrical & Spherical,tool,no: wants a calculator or tool,Google search suggestion
how to polar coordinates desmos,Cylindrical & Spherical,tool,no: wants a calculator or tool,Google search suggestion
polar coordinates examples and solutions pdf,Cylindrical & Spherical,specific source,"no: wants a specific source, video or file",Google search suggestion
polar coordinates examples pdf,Cylindrical & Spherical,specific source,"no: wants a specific source, video or file",Google search suggestion
polar coordinates formula pdf,Cylindrical & Spherical,specific source,"no: wants a specific source, video or file",Google search suggestion
polar coordinates practice problems pdf,Cylindrical & Spherical,specific source,"no: wants a specific source, video or file",Google search suggestion
polar coordinates problems pdf,Cylindrical & Spherical,specific source,"no: wants a specific source, video or file",Google search suggestion
polar coordinates problems with solutions pdf,Cylindrical & Spherical,specific source,"no: wants a specific source, video or file",Google search suggestion
spherical coordinates grapher,Cylindrical & Spherical,specific source,"no: wants a specific source, video or file",Google search suggestion
triple integrals in cylindrical coordinates pdf,Cylindrical & Spherical,specific source,"no: wants a specific source, video or file",Google search suggestion
triple integrals in spherical coordinates examples pdf,Cylindrical & Spherical,specific source,"no: wants a specific source, video or file",Google search suggestion
what is polar coordinates in autocad,Cylindrical & Spherical,other subject,no: a different subject,Google search suggestion
what is polar coordinates in photoshop,Cylindrical & Spherical,other subject,no: a different subject,Google search suggestion
what is polar coordinates in physics,Cylindrical & Spherical,other subject,no: a different subject,Google search suggestion
derive green's theorem,"Line Integrals, Green, Stokes, Divergence",proof,yes,Google search suggestion
divergence theorem,"Line Integrals, Green, Stokes, Divergence",topic,yes,Google search suggestion
divergence theorem and stokes theorem,"Line Integrals, Green, Stokes, Divergence",topic,yes,Google search suggestion
divergence theorem calc 3,"Line Integrals, Green, Stokes, Divergence",topic,yes,Google search suggestion
divergence theorem common mistakes,"Line Integrals, Green, Stokes, Divergence",examples,yes,added: the page answers this
divergence theorem definition,"Line Integrals, Green, Stokes, Divergence",definition,yes,Google search suggestion
divergence theorem derivation,"Line Integrals, Green, Stokes, Divergence",proof,yes,Google search suggestion
divergence theorem example,"Line Integrals, Green, Stokes, Divergence",examples,yes,Google search suggestion
divergence theorem example problem,"Line Integrals, Green, Stokes, Divergence",practice,yes,Google search suggestion
divergence theorem example problems,"Line Integrals, Green, Stokes, Divergence",practice,yes,Google search suggestion
divergence theorem examples,"Line Integrals, Green, Stokes, Divergence",examples,yes,Google search suggestion
divergence theorem examples and solutions,"Line Integrals, Green, Stokes, Divergence",examples,yes,Google search suggestion
divergence theorem explained,"Line Integrals, Green, Stokes, Divergence",definition,yes,Google search suggestion
divergence theorem explained simply,"Line Integrals, Green, Stokes, Divergence",definition,yes,Google search suggestion
divergence theorem for 2d,"Line Integrals, Green, Stokes, Divergence",topic,yes,Google search suggestion
divergence theorem for a scalar field,"Line Integrals, Green, Stokes, Divergence",topic,yes,Google search suggestion
divergence theorem for a sphere,"Line Integrals, Green, Stokes, Divergence",topic,yes,Google search suggestion
divergence theorem for beginners,"Line Integrals, Green, Stokes, Divergence",definition,yes,added: the page answers this
divergence theorem for flux,"Line Integrals, Green, Stokes, Divergence",topic,yes,Google search suggestion
divergence theorem for gradient,"Line Integrals, Green, Stokes, Divergence",topic,yes,Google search suggestion
divergence theorem for vector field,"Line Integrals, Green, Stokes, Divergence",topic,yes,Google search suggestion
divergence theorem formula,"Line Integrals, Green, Stokes, Divergence",formula,yes,Google search suggestion
divergence theorem formula calc 3,"Line Integrals, Green, Stokes, Divergence",formula,yes,Google search suggestion
divergence theorem formula example,"Line Integrals, Green, Stokes, Divergence",examples,yes,Google search suggestion
divergence theorem in 2d,"Line Integrals, Green, Stokes, Divergence",topic,yes,Google search suggestion
divergence theorem in emf,"Line Integrals, Green, Stokes, Divergence",topic,yes,Google search suggestion
divergence theorem notes,"Line Integrals, Green, Stokes, Divergence",topic,yes,Google search suggestion
divergence theorem on manifolds,"Line Integrals, Green, Stokes, Divergence",topic,yes,Google search suggestion
divergence theorem practice,"Line Integrals, Green, Stokes, Divergence",practice,yes,Google search suggestion
divergence theorem practice problems,"Line Integrals, Green, Stokes, Divergence",practice,yes,Google search suggestion
divergence theorem practice problems with answers,"Line Integrals, Green, Stokes, Divergence",practice,yes,added: the page answers this
divergence theorem practice problems with hints,"Line Integrals, Green, Stokes, Divergence",practice,yes,added: the page answers this
divergence theorem problems,"Line Integrals, Green, Stokes, Divergence",practice,yes,Google search suggestion
divergence theorem problems and solutions,"Line Integrals, Green, Stokes, Divergence",practice,yes,Google search suggestion
divergence theorem proof,"Line Integrals, Green, Stokes, Divergence",proof,yes,Google search suggestion
divergence theorem questions,"Line Integrals, Green, Stokes, Divergence",practice,yes,Google search suggestion
divergence theorem quiz,"Line Integrals, Green, Stokes, Divergence",practice,yes,added: the page answers this
divergence theorem simplified,"Line Integrals, Green, Stokes, Divergence",topic,yes,Google search suggestion
divergence theorem step by step,"Line Integrals, Green, Stokes, Divergence",examples,yes,added: the page answers this
divergence theorem visualized,"Line Integrals, Green, Stokes, Divergence",topic,yes,Google search suggestion
divergence theorem with a sphere,"Line Integrals, Green, Stokes, Divergence",topic,yes,Google search suggestion
divergence theorem with curl,"Line Integrals, Green, Stokes, Divergence",topic,yes,Google search suggestion
divergence theorem with example,"Line Integrals, Green, Stokes, Divergence",examples,yes,Google search suggestion
divergence theorem with laplacian,"Line Integrals, Green, Stokes, Divergence",topic,yes,Google search suggestion
divergence theorem with singularity,"Line Integrals, Green, Stokes, Divergence",topic,yes,Google search suggestion
divergence theorem worked example,"Line Integrals, Green, Stokes, Divergence",examples,yes,added: the page answers this
forms of green's theorem,"Line Integrals, Green, Stokes, Divergence",topic,yes,Google search suggestion
gauss divergence theorem example problems,"Line Integrals, Green, Stokes, Divergence",practice,yes,Google search suggestion
gauss divergence theorem examples,"Line Integrals, Green, Stokes, Divergence",examples,yes,Google search suggestion
gauss divergence theorem formula,"Line Integrals, Green, Stokes, Divergence",formula,yes,Google search suggestion
gauss divergence theorem formula in maths,"Line Integrals, Green, Stokes, Divergence",formula,yes,Google search suggestion
green's theorem,"Line Integrals, Green, Stokes, Divergence",topic,yes,Google search suggestion
green's theorem and stokes theorem,"Line Integrals, Green, Stokes, Divergence",topic,yes,Google search suggestion
green's theorem area formula,"Line Integrals, Green, Stokes, Divergence",formula,yes,Google search suggestion
green's theorem calc 3,"Line Integrals, Green, Stokes, Divergence",topic,yes,Google search suggestion
green's theorem calculus,"Line Integrals, Green, Stokes, Divergence",topic,yes,Google search suggestion
green's theorem circulation,"Line Integrals, Green, Stokes, Divergence",topic,yes,Google search suggestion
green's theorem common mistakes,"Line Integrals, Green, Stokes, Divergence",examples,yes,added: the page answers this
green's theorem curl,"Line Integrals, Green, Stokes, Divergence",topic,yes,Google search suggestion
green's theorem definition,"Line Integrals, Green, Stokes, Divergence",definition,yes,Google search suggestion
green's theorem equation,"Line Integrals, Green, Stokes, Divergence",formula,yes,Google search suggestion
green's theorem example,"Line Integrals, Green, Stokes, Divergence",examples,yes,Google search suggestion
green's theorem example problems,"Line Integrals, Green, Stokes, Divergence",practice,yes,Google search suggestion
green's theorem example question,"Line Integrals, Green, Stokes, Divergence",practice,yes,Google search suggestion
green's theorem examples,"Line Integrals, Green, Stokes, Divergence",examples,yes,Google search suggestion
green's theorem examples and solutions,"Line Integrals, Green, Stokes, Divergence",examples,yes,Google search suggestion
green's theorem explained,"Line Integrals, Green, Stokes, Divergence",definition,yes,Google search suggestion
green's theorem explained simply,"Line Integrals, Green, Stokes, Divergence",definition,yes,Google search suggestion
green's theorem explained visually,"Line Integrals, Green, Stokes, Divergence",definition,yes,Google search suggestion
green's theorem explanation,"Line Integrals, Green, Stokes, Divergence",definition,yes,Google search suggestion
green's theorem flux,"Line Integrals, Green, Stokes, Divergence",topic,yes,Google search suggestion
green's theorem flux form,"Line Integrals, Green, Stokes, Divergence",topic,yes,Google search suggestion
green's theorem flux formula,"Line Integrals, Green, Stokes, Divergence",formula,yes,Google search suggestion
green's theorem for 3 variables,"Line Integrals, Green, Stokes, Divergence",topic,yes,Google search suggestion
green's theorem for area,"Line Integrals, Green, Stokes, Divergence",topic,yes,Google search suggestion
green's theorem for beginners,"Line Integrals, Green, Stokes, Divergence",definition,yes,added: the page answers this
green's theorem for circulation and flux,"Line Integrals, Green, Stokes, Divergence",topic,yes,Google search suggestion
green's theorem for flux,"Line Integrals, Green, Stokes, Divergence",topic,yes,Google search suggestion
green's theorem for line integral,"Line Integrals, Green, Stokes, Divergence",topic,yes,Google search suggestion
green's theorem for work,"Line Integrals, Green, Stokes, Divergence",topic,yes,Google search suggestion
green's theorem formula,"Line Integrals, Green, Stokes, Divergence",formula,yes,Google search suggestion
green's theorem formula calc 3,"Line Integrals, Green, Stokes, Divergence",formula,yes,Google search suggestion
green's theorem formula example,"Line Integrals, Green, Stokes, Divergence",examples,yes,Google search suggestion
green's theorem formula in engineering mathematics,"Line Integrals, Green, Stokes, Divergence",formula,yes,Google search suggestion
green's theorem formula in maths,"Line Integrals, Green, Stokes, Divergence",formula,yes,Google search suggestion
green's theorem in 3d,"Line Integrals, Green, Stokes, Divergence",topic,yes,Google search suggestion
green's theorem in the plane,"Line Integrals, Green, Stokes, Divergence",topic,yes,Google search suggestion
green's theorem notes,"Line Integrals, Green, Stokes, Divergence",topic,yes,Google search suggestion
green's theorem practice,"Line Integrals, Green, Stokes, Divergence",practice,yes,Google search suggestion
green's theorem practice problems,"Line Integrals, Green, Stokes, Divergence",practice,yes,Google search suggestion
green's theorem practice problems with answers,"Line Integrals, Green, Stokes, Divergence",practice,yes,added: the page answers this
green's theorem practice problems with hints,"Line Integrals, Green, Stokes, Divergence",practice,yes,added: the page answers this
green's theorem practice problems with solutions,"Line Integrals, Green, Stokes, Divergence",practice,yes,Google search suggestion
green's theorem problems,"Line Integrals, Green, Stokes, Divergence",practice,yes,Google search suggestion
green's theorem problems with solutions,"Line Integrals, Green, Stokes, Divergence",practice,yes,Google search suggestion
green's theorem proof,"Line Integrals, Green, Stokes, Divergence",proof,yes,Google search suggestion
green's theorem proof engineering mathematics,"Line Integrals, Green, Stokes, Divergence",proof,yes,Google search suggestion
green's theorem questions,"Line Integrals, Green, Stokes, Divergence",practice,yes,Google search suggestion
green's theorem questions and answers,"Line Integrals, Green, Stokes, Divergence",practice,yes,Google search suggestion
green's theorem quiz,"Line Integrals, Green, Stokes, Divergence",practice,yes,added: the page answers this
green's theorem simplified,"Line Integrals, Green, Stokes, Divergence",topic,yes,Google search suggestion
green's theorem step by step,"Line Integrals, Green, Stokes, Divergence",examples,yes,added: the page answers this
green's theorem with 3 variables,"Line Integrals, Green, Stokes, Divergence",topic,yes,Google search suggestion
green's theorem with divergence,"Line Integrals, Green, Stokes, Divergence",topic,yes,Google search suggestion
green's theorem with holes,"Line Integrals, Green, Stokes, Divergence",topic,yes,Google search suggestion
green's theorem with polar coordinates,"Line Integrals, Green, Stokes, Divergence",topic,yes,Google search suggestion
green's theorem worked example,"Line Integrals, Green, Stokes, Divergence",examples,yes,added: the page answers this
how does divergence theorem work,"Line Integrals, Green, Stokes, Divergence",how to,yes,Google search suggestion
how does stokes theorem work,"Line Integrals, Green, Stokes, Divergence",how to,yes,Google search suggestion
how to calculate line integral of vector field,"Line Integrals, Green, Stokes, Divergence",how to,yes,Google search suggestion
how to compute line integrals,"Line Integrals, Green, Stokes, Divergence",how to,yes,Google search suggestion
how to derive stokes theorem,"Line Integrals, Green, Stokes, Divergence",proof,yes,Google search suggestion
how to do divergence theorem,"Line Integrals, Green, Stokes, Divergence",how to,yes,Google search suggestion
how to do green's theorem,"Line Integrals, Green, Stokes, Divergence",how to,yes,Google search suggestion
how to evaluate line integral directly,"Line Integrals, Green, Stokes, Divergence",how to,yes,Google search suggestion
how to evaluate line integral of vector field,"Line Integrals, Green, Stokes, Divergence",how to,yes,Google search suggestion
how to evaluate line integrals,"Line Integrals, Green, Stokes, Divergence",how to,yes,Google search suggestion
how to find ds stokes theorem,"Line Integrals, Green, Stokes, Divergence",how to,yes,Google search suggestion
how to find flux using divergence theorem,"Line Integrals, Green, Stokes, Divergence",how to,yes,Google search suggestion
how to find line integral of vector field,"Line Integrals, Green, Stokes, Divergence",how to,yes,Google search suggestion
how to find n stokes theorem,"Line Integrals, Green, Stokes, Divergence",how to,yes,Google search suggestion
how to know when to use divergence theorem,"Line Integrals, Green, Stokes, Divergence",how to,yes,Google search suggestion
how to know when to use green's theorem,"Line Integrals, Green, Stokes, Divergence",how to,yes,Google search suggestion
how to line integral,"Line Integrals, Green, Stokes, Divergence",how to,yes,Google search suggestion
how to parameterize line integrals,"Line Integrals, Green, Stokes, Divergence",how to,yes,Google search suggestion
how to prove divergence theorem,"Line Integrals, Green, Stokes, Divergence",proof,yes,Google search suggestion
how to prove gauss divergence theorem,"Line Integrals, Green, Stokes, Divergence",proof,yes,Google search suggestion
how to prove green's theorem,"Line Integrals, Green, Stokes, Divergence",proof,yes,Google search suggestion
how to prove stokes theorem,"Line Integrals, Green, Stokes, Divergence",proof,yes,Google search suggestion
how to show line integral is independent of path,"Line Integrals, Green, Stokes, Divergence",how to,yes,Google search suggestion
how to solve divergence theorem,"Line Integrals, Green, Stokes, Divergence",how to,yes,Google search suggestion
how to solve gauss divergence theorem,"Line Integrals, Green, Stokes, Divergence",how to,yes,Google search suggestion
how to solve line integrals,"Line Integrals, Green, Stokes, Divergence",how to,yes,Google search suggestion
how to solve stokes theorem,"Line Integrals, Green, Stokes, Divergence",how to,yes,Google search suggestion
how to solve stokes theorem problems,"Line Integrals, Green, Stokes, Divergence",practice,yes,Google search suggestion
how to stokes theorem,"Line Integrals, Green, Stokes, Divergence",how to,yes,Google search suggestion
how to tell when to use vector and scalar line integral,"Line Integrals, Green, Stokes, Divergence",how to,yes,Google search suggestion
how to use divergence theorem,"Line Integrals, Green, Stokes, Divergence",how to,yes,Google search suggestion
how to use green's theorem to find area,"Line Integrals, Green, Stokes, Divergence",how to,yes,Google search suggestion
how to use stokes theorem,"Line Integrals, Green, Stokes, Divergence",how to,yes,Google search suggestion
how to verify divergence theorem,"Line Integrals, Green, Stokes, Divergence",how to,yes,Google search suggestion
how to verify gauss divergence theorem,"Line Integrals, Green, Stokes, Divergence",how to,yes,Google search suggestion
how to verify stokes theorem,"Line Integrals, Green, Stokes, Divergence",how to,yes,Google search suggestion
line integral common mistakes,"Line Integrals, Green, Stokes, Divergence",examples,yes,added: the page answers this
line integral definition,"Line Integrals, Green, Stokes, Divergence",definition,yes,Google search suggestion
line integral definition and formula,"Line Integrals, Green, Stokes, Divergence",definition,yes,Google search suggestion
line integral definition in maths,"Line Integrals, Green, Stokes, Divergence",definition,yes,Google search suggestion
line integral example,"Line Integrals, Green, Stokes, Divergence",examples,yes,Google search suggestion
line integral example problems,"Line Integrals, Green, Stokes, Divergence",practice,yes,Google search suggestion
line integral example problems with solutions,"Line Integrals, Green, Stokes, Divergence",practice,yes,Google search suggestion
line integral examples,"Line Integrals, Green, Stokes, Divergence",examples,yes,Google search suggestion
line integral explained,"Line Integrals, Green, Stokes, Divergence",definition,yes,Google search suggestion
line integral explained simply,"Line Integrals, Green, Stokes, Divergence",definition,yes,added: the page answers this
line integral for area,"Line Integrals, Green, Stokes, Divergence",topic,yes,Google search suggestion
line integral for beginners,"Line Integrals, Green, Stokes, Divergence",definition,yes,added: the page answers this
line integral for scalar field,"Line Integrals, Green, Stokes, Divergence",topic,yes,Google search suggestion
line integral for vector field,"Line Integrals, Green, Stokes, Divergence",topic,yes,Google search suggestion
line integral for work,"Line Integrals, Green, Stokes, Divergence",topic,yes,Google search suggestion
line integral formula,"Line Integrals, Green, Stokes, Divergence",formula,yes,Google search suggestion
line integral formula 2d,"Line Integrals, Green, Stokes, Divergence",formula,yes,Google search suggestion
line integral formula calc 3,"Line Integrals, Green, Stokes, Divergence",formula,yes,Google search suggestion
line integral formula derivation,"Line Integrals, Green, Stokes, Divergence",proof,yes,Google search suggestion
line integral formula example,"Line Integrals, Green, Stokes, Divergence",examples,yes,Google search suggestion
line integral formula for area,"Line Integrals, Green, Stokes, Divergence",formula,yes,Google search suggestion
line integral formula physics,"Line Integrals, Green, Stokes, Divergence",formula,yes,Google search suggestion
line integral formula scalar,"Line Integrals, Green, Stokes, Divergence",formula,yes,Google search suggestion
line integral formula vector,"Line Integrals, Green, Stokes, Divergence",formula,yes,Google search suggestion
line integral formula vector field,"Line Integrals, Green, Stokes, Divergence",formula,yes,Google search suggestion
line integral meaning,"Line Integrals, Green, Stokes, Divergence",definition,yes,Google search suggestion
line integral notation,"Line Integrals, Green, Stokes, Divergence",formula,yes,Google search suggestion
line integral of a vector field,"Line Integrals, Green, Stokes, Divergence",topic,yes,Google search suggestion
line integral practice problems,"Line Integrals, Green, Stokes, Divergence",practice,yes,Google search suggestion
line integral practice problems with answers,"Line Integrals, Green, Stokes, Divergence",practice,yes,added: the page answers this
line integral practice problems with hints,"Line Integrals, Green, Stokes, Divergence",practice,yes,added: the page answers this
line integral problem set,"Line Integrals, Green, Stokes, Divergence",practice,yes,Google search suggestion
line integral problems,"Line Integrals, Green, Stokes, Divergence",practice,yes,Google search suggestion
line integral problems with solutions,"Line Integrals, Green, Stokes, Divergence",practice,yes,Google search suggestion
line integral questions,"Line Integrals, Green, Stokes, Divergence",practice,yes,Google search suggestion
line integral questions and answers,"Line Integrals, Green, Stokes, Divergence",practice,yes,Google search suggestion
line integral quiz,"Line Integrals, Green, Stokes, Divergence",practice,yes,added: the page answers this
line integral rule,"Line Integrals, Green, Stokes, Divergence",formula,yes,Google search suggestion
line integral solved examples,"Line Integrals, Green, Stokes, Divergence",examples,yes,Google search suggestion
line integral solved problems,"Line Integrals, Green, Stokes, Divergence",practice,yes,Google search suggestion
line integral step by step,"Line Integrals, Green, Stokes, Divergence",examples,yes,added: the page answers this
line integral symbol,"Line Integrals, Green, Stokes, Divergence",formula,yes,Google search suggestion
line integral vs integral,"Line Integrals, Green, Stokes, Divergence",topic,yes,Google search suggestion
line integral vs normal integral,"Line Integrals, Green, Stokes, Divergence",topic,yes,Google search suggestion
line integral vs surface integral,"Line Integrals, Green, Stokes, Divergence",topic,yes,Google search suggestion
line integral with arc length,"Line Integrals, Green, Stokes, Divergence",topic,yes,Google search suggestion
line integral with circle,"Line Integrals, Green, Stokes, Divergence",topic,yes,Google search suggestion
line integral with dx and dy,"Line Integrals, Green, Stokes, Divergence",topic,yes,Google search suggestion
line integral with example,"Line Integrals, Green, Stokes, Divergence",examples,yes,Google search suggestion
line integral with respect to arc length,"Line Integrals, Green, Stokes, Divergence",topic,yes,Google search suggestion
line integral with respect to coordinate variables,"Line Integrals, Green, Stokes, Divergence",topic,yes,Google search suggestion
line integral with respect to x,"Line Integrals, Green, Stokes, Divergence",topic,yes,Google search suggestion
line integral with respect to x and y,"Line Integrals, Green, Stokes, Divergence",topic,yes,Google search suggestion
line integral with vector field,"Line Integrals, Green, Stokes, Divergence",topic,yes,Google search suggestion
line integral without parameterization,"Line Integrals, Green, Stokes, Divergence",topic,yes,Google search suggestion
line integral worked example,"Line Integrals, Green, Stokes, Divergence",examples,yes,added: the page answers this
line integrals,"Line Integrals, Green, Stokes, Divergence",topic,yes,Google search suggestion
line integrals calc 3,"Line Integrals, Green, Stokes, Divergence",topic,yes,Google search suggestion
path independent line integral examples,"Line Integrals, Green, Stokes, Divergence",examples,yes,Google search suggestion
stokes divergence theorem formula,"Line Integrals, Green, Stokes, Divergence",formula,yes,Google search suggestion
stokes equation explained,"Line Integrals, Green, Stokes, Divergence",definition,yes,Google search suggestion
stokes law examples,"Line Integrals, Green, Stokes, Divergence",examples,yes,Google search suggestion
stokes law explained,"Line Integrals, Green, Stokes, Divergence",definition,yes,Google search suggestion
stokes law practice questions,"Line Integrals, Green, Stokes, Divergence",practice,yes,Google search suggestion
stokes law problems,"Line Integrals, Green, Stokes, Divergence",practice,yes,Google search suggestion
stokes law with derivation,"Line Integrals, Green, Stokes, Divergence",proof,yes,Google search suggestion
stokes law with formula,"Line Integrals, Green, Stokes, Divergence",formula,yes,Google search suggestion
stokes theorem,"Line Integrals, Green, Stokes, Divergence",topic,yes,Google search suggestion
stokes theorem and divergence theorem,"Line Integrals, Green, Stokes, Divergence",topic,yes,Google search suggestion
stokes theorem calc 3,"Line Integrals, Green, Stokes, Divergence",topic,yes,Google search suggestion
stokes theorem common mistakes,"Line Integrals, Green, Stokes, Divergence",examples,yes,added: the page answers this
stokes theorem definition,"Line Integrals, Green, Stokes, Divergence",definition,yes,Google search suggestion
stokes theorem example,"Line Integrals, Green, Stokes, Divergence",examples,yes,Google search suggestion
stokes theorem example problems,"Line Integrals, Green, Stokes, Divergence",practice,yes,Google search suggestion
stokes theorem examples,"Line Integrals, Green, Stokes, Divergence",examples,yes,Google search suggestion
stokes theorem examples and solutions,"Line Integrals, Green, Stokes, Divergence",examples,yes,Google search suggestion
stokes theorem explained,"Line Integrals, Green, Stokes, Divergence",definition,yes,Google search suggestion
stokes theorem explained simply,"Line Integrals, Green, Stokes, Divergence",definition,yes,Google search suggestion
stokes theorem explanation,"Line Integrals, Green, Stokes, Divergence",definition,yes,Google search suggestion
stokes theorem for beginners,"Line Integrals, Green, Stokes, Divergence",definition,yes,added: the page answers this
stokes theorem for closed surface,"Line Integrals, Green, Stokes, Divergence",topic,yes,Google search suggestion
stokes theorem for flux,"Line Integrals, Green, Stokes, Divergence",topic,yes,Google search suggestion
stokes theorem formula,"Line Integrals, Green, Stokes, Divergence",formula,yes,Google search suggestion
stokes theorem formula calc 3,"Line Integrals, Green, Stokes, Divergence",formula,yes,Google search suggestion
stokes theorem formula derivation,"Line Integrals, Green, Stokes, Divergence",proof,yes,Google search suggestion
stokes theorem formula engineering mathematics,"Line Integrals, Green, Stokes, Divergence",formula,yes,Google search suggestion
stokes theorem formula example,"Line Integrals, Green, Stokes, Divergence",examples,yes,Google search suggestion
stokes theorem formula in maths,"Line Integrals, Green, Stokes, Divergence",formula,yes,Google search suggestion
stokes theorem formula in vector calculus,"Line Integrals, Green, Stokes, Divergence",formula,yes,Google search suggestion
stokes theorem formula m2,"Line Integrals, Green, Stokes, Divergence",formula,yes,Google search suggestion
stokes theorem manifolds,"Line Integrals, Green, Stokes, Divergence",topic,yes,Google search suggestion
stokes theorem notes,"Line Integrals, Green, Stokes, Divergence",topic,yes,Google search suggestion
stokes theorem practice,"Line Integrals, Green, Stokes, Divergence",practice,yes,Google search suggestion
stokes theorem practice problems,"Line Integrals, Green, Stokes, Divergence",practice,yes,Google search suggestion
stokes theorem practice problems with answers,"Line Integrals, Green, Stokes, Divergence",practice,yes,added: the page answers this
stokes theorem practice problems with hints,"Line Integrals, Green, Stokes, Divergence",practice,yes,added: the page answers this
stokes theorem problem,"Line Integrals, Green, Stokes, Divergence",practice,yes,Google search suggestion
stokes theorem problems,"Line Integrals, Green, Stokes, Divergence",practice,yes,Google search suggestion
stokes theorem problems and solutions,"Line Integrals, Green, Stokes, Divergence",practice,yes,Google search suggestion
stokes theorem proof,"Line Integrals, Green, Stokes, Divergence",proof,yes,Google search suggestion
stokes theorem questions,"Line Integrals, Green, Stokes, Divergence",practice,yes,Google search suggestion
stokes theorem quiz,"Line Integrals, Green, Stokes, Divergence",practice,yes,added: the page answers this
stokes theorem step by step,"Line Integrals, Green, Stokes, Divergence",examples,yes,added: the page answers this
stokes theorem vs divergence theorem,"Line Integrals, Green, Stokes, Divergence",topic,yes,Google search suggestion
stokes theorem vs greens,"Line Integrals, Green, Stokes, Divergence",topic,yes,Google search suggestion
stokes theorem with curl,"Line Integrals, Green, Stokes, Divergence",topic,yes,Google search suggestion
stokes theorem with derivation,"Line Integrals, Green, Stokes, Divergence",proof,yes,Google search suggestion
stokes theorem with diagram,"Line Integrals, Green, Stokes, Divergence",topic,yes,Google search suggestion
stokes theorem with examples,"Line Integrals, Green, Stokes, Divergence",examples,yes,Google search suggestion
stokes theorem with n,"Line Integrals, Green, Stokes, Divergence",topic,yes,Google search suggestion
stokes theorem with normal vector,"Line Integrals, Green, Stokes, Divergence",topic,yes,Google search suggestion
stokes theorem with proof,"Line Integrals, Green, Stokes, Divergence",proof,yes,Google search suggestion
stokes theorem with triangle,"Line Integrals, Green, Stokes, Divergence",topic,yes,Google search suggestion
stokes theorem worked example,"Line Integrals, Green, Stokes, Divergence",examples,yes,added: the page answers this
vector line integral examples,"Line Integrals, Green, Stokes, Divergence",examples,yes,Google search suggestion
vector line integral practice problems,"Line Integrals, Green, Stokes, Divergence",practice,yes,Google search suggestion
verify divergence theorem examples,"Line Integrals, Green, Stokes, Divergence",examples,yes,Google search suggestion
verify green's theorem,"Line Integrals, Green, Stokes, Divergence",topic,yes,Google search suggestion
what is divergence theorem,"Line Integrals, Green, Stokes, Divergence",definition,yes,Google search suggestion
what is divergence theorem calc 3,"Line Integrals, Green, Stokes, Divergence",definition,yes,Google search suggestion
what is divergence theorem formula,"Line Integrals, Green, Stokes, Divergence",definition,yes,Google search suggestion
what is divergence theorem in maths,"Line Integrals, Green, Stokes, Divergence",definition,yes,Google search suggestion
what is divergence theorem in vector calculus,"Line Integrals, Green, Stokes, Divergence",definition,yes,Google search suggestion
what is divergence theorem used for,"Line Integrals, Green, Stokes, Divergence",definition,yes,Google search suggestion
what is gauss divergence theorem,"Line Integrals, Green, Stokes, Divergence",definition,yes,Google search suggestion
what is gauss divergence theorem in maths,"Line Integrals, Green, Stokes, Divergence",definition,yes,Google search suggestion
what is green theorem in mathematics,"Line Integrals, Green, Stokes, Divergence",definition,yes,Google search suggestion
what is green's theorem,"Line Integrals, Green, Stokes, Divergence",definition,yes,Google search suggestion
what is green's theorem formula,"Line Integrals, Green, Stokes, Divergence",definition,yes,Google search suggestion
what is green's theorem in multivariable calculus,"Line Integrals, Green, Stokes, Divergence",definition,yes,Google search suggestion
what is green's theorem in vector calculus,"Line Integrals, Green, Stokes, Divergence",definition,yes,Google search suggestion
what is green's theorem statement,"Line Integrals, Green, Stokes, Divergence",definition,yes,Google search suggestion
what is green's theorem used for,"Line Integrals, Green, Stokes, Divergence",definition,yes,Google search suggestion
what is line integral,"Line Integrals, Green, Stokes, Divergence",definition,yes,Google search suggestion
what is line integral and surface integral,"Line Integrals, Green, Stokes, Divergence",definition,yes,Google search suggestion
what is line integral in maths,"Line Integrals, Green, Stokes, Divergence",definition,yes,Google search suggestion
what is line integral in vector calculus,"Line Integrals, Green, Stokes, Divergence",definition,yes,Google search suggestion
what is line integral of vector,"Line Integrals, Green, Stokes, Divergence",definition,yes,Google search suggestion
what is line integral of vector field,"Line Integrals, Green, Stokes, Divergence",definition,yes,Google search suggestion
what is stokes theorem,"Line Integrals, Green, Stokes, Divergence",definition,yes,Google search suggestion
what is stokes theorem calc 3,"Line Integrals, Green, Stokes, Divergence",definition,yes,Google search suggestion
what is stokes theorem formula,"Line Integrals, Green, Stokes, Divergence",definition,yes,Google search suggestion
what is stokes theorem in calculus,"Line Integrals, Green, Stokes, Divergence",definition,yes,Google search suggestion
what is stokes theorem in maths,"Line Integrals, Green, Stokes, Divergence",definition,yes,Google search suggestion
what is stokes theorem in simple words,"Line Integrals, Green, Stokes, Divergence",definition,yes,Google search suggestion
what is stokes theorem in vector calculus,"Line Integrals, Green, Stokes, Divergence",definition,yes,Google search suggestion
what is stokes theorem used for,"Line Integrals, Green, Stokes, Divergence",definition,yes,Google search suggestion
when can you use green's theorem,"Line Integrals, Green, Stokes, Divergence",how to,yes,Google search suggestion
when to use divergence theorem,"Line Integrals, Green, Stokes, Divergence",how to,yes,Google search suggestion
when to use divergence theorem calc 3,"Line Integrals, Green, Stokes, Divergence",how to,yes,Google search suggestion
when to use divergence theorem vs stokes,"Line Integrals, Green, Stokes, Divergence",how to,yes,Google search suggestion
when to use fundamental theorem of line integrals,"Line Integrals, Green, Stokes, Divergence",how to,yes,Google search suggestion
when to use gauss divergence theorem,"Line Integrals, Green, Stokes, Divergence",how to,yes,Google search suggestion
when to use green's stokes and divergence theorem,"Line Integrals, Green, Stokes, Divergence",how to,yes,Google search suggestion
when to use green's theorem,"Line Integrals, Green, Stokes, Divergence",how to,yes,Google search suggestion
when to use green's theorem stokes divergence,"Line Integrals, Green, Stokes, Divergence",how to,yes,Google search suggestion
when to use green's theorem vs stokes theorem,"Line Integrals, Green, Stokes, Divergence",how to,yes,Google search suggestion
when to use stokes law,"Line Integrals, Green, Stokes, Divergence",how to,yes,Google search suggestion
when to use stokes theorem,"Line Integrals, Green, Stokes, Divergence",how to,yes,Google search suggestion
when to use stokes theorem and green's theorem,"Line Integrals, Green, Stokes, Divergence",how to,yes,Google search suggestion
when to use stokes vs divergence theorem,"Line Integrals, Green, Stokes, Divergence",how to,yes,Google search suggestion
why does green's theorem work,"Line Integrals, Green, Stokes, Divergence",definition,yes,Google search suggestion
complex line integral examples pdf,"Line Integrals, Green, Stokes, Divergence",specific source,"no: wants a specific source, video or file",Google search suggestion
divergence theorem examples pdf,"Line Integrals, Green, Stokes, Divergence",specific source,"no: wants a specific source, video or file",Google search suggestion
divergence theorem for tensors,"Line Integrals, Green, Stokes, Divergence",other subject,no: a different subject,Google search suggestion
divergence theorem in electromagnetic theory,"Line Integrals, Green, Stokes, Divergence",other subject,no: a different subject,Google search suggestion
divergence theorem meaning in tamil,"Line Integrals, Green, Stokes, Divergence",other language,no: wants it in another language,Google search suggestion
divergence theorem problems and solutions pdf,"Line Integrals, Green, Stokes, Divergence",specific source,"no: wants a specific source, video or file",Google search suggestion
divergence theorem proof in electromagnetic theory,"Line Integrals, Green, Stokes, Divergence",other subject,no: a different subject,Google search suggestion
divergence theorem proof pdf,"Line Integrals, Green, Stokes, Divergence",specific source,"no: wants a specific source, video or file",Google search suggestion
divergence theorem questions and answers pdf,"Line Integrals, Green, Stokes, Divergence",specific source,"no: wants a specific source, video or file",Google search suggestion
gauss divergence theorem examples pdf,"Line Integrals, Green, Stokes, Divergence",specific source,"no: wants a specific source, video or file",Google search suggestion
gauss divergence theorem formula in physics,"Line Integrals, Green, Stokes, Divergence",other subject,no: a different subject,Google search suggestion
gauss divergence theorem problems and solutions pdf,"Line Integrals, Green, Stokes, Divergence",specific source,"no: wants a specific source, video or file",Google search suggestion
green's theorem examples and solutions pdf,"Line Integrals, Green, Stokes, Divergence",specific source,"no: wants a specific source, video or file",Google search suggestion
green's theorem examples pdf,"Line Integrals, Green, Stokes, Divergence",specific source,"no: wants a specific source, video or file",Google search suggestion
green's theorem notes pdf,"Line Integrals, Green, Stokes, Divergence",specific source,"no: wants a specific source, video or file",Google search suggestion
green's theorem problems and solutions pdf,"Line Integrals, Green, Stokes, Divergence",specific source,"no: wants a specific source, video or file",Google search suggestion
green's theorem problems pdf,"Line Integrals, Green, Stokes, Divergence",specific source,"no: wants a specific source, video or file",Google search suggestion
green's theorem proof pdf,"Line Integrals, Green, Stokes, Divergence",specific source,"no: wants a specific source, video or file",Google search suggestion
green's theorem questions and answers pdf,"Line Integrals, Green, Stokes, Divergence",specific source,"no: wants a specific source, video or file",Google search suggestion
line integral calculator,"Line Integrals, Green, Stokes, Divergence",tool,no: wants a calculator or tool,Google search suggestion
line integral convolution,"Line Integrals, Green, Stokes, Divergence",other subject,no: a different subject,Google search suggestion
line integral example problems with solutions pdf,"Line Integrals, Green, Stokes, Divergence",specific source,"no: wants a specific source, video or file",Google search suggestion
line integral examples solutions pdf,"Line Integrals, Green, Stokes, Divergence",specific source,"no: wants a specific source, video or file",Google search suggestion
line integral meaning in hindi,"Line Integrals, Green, Stokes, Divergence",other language,no: wants it in another language,Google search suggestion
line integral meaning in physics,"Line Integrals, Green, Stokes, Divergence",other subject,no: a different subject,Google search suggestion
line integral problems and solutions pdf,"Line Integrals, Green, Stokes, Divergence",specific source,"no: wants a specific source, video or file",Google search suggestion
line integral questions and answers pdf,"Line Integrals, Green, Stokes, Divergence",specific source,"no: wants a specific source, video or file",Google search suggestion
navier stokes equation practice problems,"Line Integrals, Green, Stokes, Divergence",other subject,no: a different subject,Google search suggestion
stokes theorem example problems pdf,"Line Integrals, Green, Stokes, Divergence",specific source,"no: wants a specific source, video or file",Google search suggestion
stokes theorem examples and solutions pdf,"Line Integrals, Green, Stokes, Divergence",specific source,"no: wants a specific source, video or file",Google search suggestion
stokes theorem examples pdf,"Line Integrals, Green, Stokes, Divergence",specific source,"no: wants a specific source, video or file",Google search suggestion
stokes theorem for fluids,"Line Integrals, Green, Stokes, Divergence",other subject,no: a different subject,Google search suggestion
stokes theorem for magnetic field,"Line Integrals, Green, Stokes, Divergence",other subject,no: a different subject,Google search suggestion
stokes theorem formula calculator,"Line Integrals, Green, Stokes, Divergence",tool,no: wants a calculator or tool,Google search suggestion
stokes theorem formula in physics,"Line Integrals, Green, Stokes, Divergence",other subject,no: a different subject,Google search suggestion
stokes theorem problems and solutions pdf,"Line Integrals, Green, Stokes, Divergence",specific source,"no: wants a specific source, video or file",Google search suggestion
stokes theorem problems pdf,"Line Integrals, Green, Stokes, Divergence",specific source,"no: wants a specific source, video or file",Google search suggestion
stokes theorem proof pdf,"Line Integrals, Green, Stokes, Divergence",specific source,"no: wants a specific source, video or file",Google search suggestion
stokes theorem questions and answers pdf,"Line Integrals, Green, Stokes, Divergence",specific source,"no: wants a specific source, video or file",Google search suggestion
what is divergence theorem in physics,"Line Integrals, Green, Stokes, Divergence",other subject,no: a different subject,Google search suggestion
what is gauss divergence theorem in physics,"Line Integrals, Green, Stokes, Divergence",other subject,no: a different subject,Google search suggestion
what is green's theorem in physics,"Line Integrals, Green, Stokes, Divergence",other subject,no: a different subject,Google search suggestion
what is line integral in ampere circuital law,"Line Integrals, Green, Stokes, Divergence",other subject,no: a different subject,Google search suggestion
what is line integral in physics,"Line Integrals, Green, Stokes, Divergence",other subject,no: a different subject,Google search suggestion
what is line integral of electric field,"Line Integrals, Green, Stokes, Divergence",other subject,no: a different subject,Google search suggestion
what is line integral of magnetic field,"Line Integrals, Green, Stokes, Divergence",other subject,no: a different subject,Google search suggestion
what is stokes theorem in electromagnetic theory,"Line Integrals, Green, Stokes, Divergence",other subject,no: a different subject,Google search suggestion
what is stokes theorem in physics,"Line Integrals, Green, Stokes, Divergence",other subject,no: a different subject,Google search suggestion
when to use navier stokes equation,"Line Integrals, Green, Stokes, Divergence",other subject,no: a different subject,Google search suggestion
